idx,title,body,oof_p,entity_support,entity_conflict,entity_conflict_fullbody,phrase_entity_support,phrase_entity_conflict,person_support,person_conflict,person_substitution,person_type_match,canonical_entity_support,canonical_entity_conflict,qty_context_token_overlap,qty_context_exact_match,qty_context_conflict,argument_binding_conflict,pred_score,polarity_score,qty_score,claim_support_score,claim_conflict_score,claim_margin,found_predicate_chunk,num_mismatch,neg_mismatch,bigram_ov,title_cov,content_cov,idf_title_cov
7771,Wisatawan ke Garut Pemprov Siapkan 5 000 Alat Rapid Antigen,Pemkab Garut menyiapkan ribuan alat rapid test antigen Alat tersebut diperuntukkan mendeteksi virus Corona di kalangan wisatawan yang tengah berlibur di Garut Antigen kita ada ribuan lah Lima ribuan ribu kita siapkan ucap Bupati Garut Rudy Gunawan Senin 28 12 2020 Alat rapid test antigen tersebut dibeli oleh Pemkab Garut Selain untuk wisatawan alat akan digunakan untuk mengecek warga di sejumlah klaster penyebaran COVID 19 Itu digunakan untuk beberapa hal Berhubungan dengan klaster baru juga kata Rudy Kasus COVID 19 di Garut sendiri terus mengalami peningkatan Hingga Senin siang ini Pemda mengkonfirmasi ada 3 693 kasus Corona di Garut Dari jumlah tersebut 98 kasus di antaranya dinyatakan meninggal dunia,0.9949710818588675,1.0,0.0,0.0,0.5,0.0,0.0,0.0,0.0,0.0,1.0,0.0,0.3333333333333333,0.0,1.0,0.0,0.0,0.0,0.7385999999999999,1.7386,0.2614000000000001,1.4771999999999998,0.0,1.0,0.0,0.009345794392523364,0.6,0.0821917808219178,0.6971966031014433
3322,Prancis tak Akan Dapat 1 16 Juta Dosis Vaksin COVID 19 hingga Akhir Tahun,Prancis akan menerima sekitar 1 16 juta dosis vaksin COVID 19 hingga akhir tahun Perdana Menteri Prancis Jean Castex mengatakan akan menambah 2 3 juta lagi dan akan tiba dalam dua bulan ke depan Seperti dilansir AFP Kamis 17 12 2020 pemberian sekitar 3 9 juta dosis untuk sekitar 1 7 juta dengan prioritas diberikan kepada orang tua orang rentan dan pengasuh Vaksin COVID 19 diberikan dalam dua dosis selama beberapa minggu Jean Castex menyebut pemerintah Prancis akan jauh lebih transparan dalam fase manajemen epidemi ini Hal ini menyusul pihak berwenang mendapat kecaman atas distribusi tes dan masker di awal tahun Kita tidak boleh melewatkan belokan di jalan ini kata Jean Castex Jean Castex mengatakan Prancis akan menerima sekitar 1 16 juta dosis pada akhir tahun 677 000 dosis lagi sekitar 5 6 Januari dan sekitar 1 6 juta dosis pada Februari Prancis telah memesan total sekitar 200 juta dosis yang akan cukup untuk membuat 100 juta orang Negara ini memiliki populasi di bawah 70 juta,0.9934568593435481,1.0,0.0,0.0,0.5,0.0,0.0,0.0,0.0,0.5,1.0,0.0,0.6428571428571428,1.0,0.0,0.0,1.0,1.0,1.0,4.0,0.0,4.0,1.0,0.0,0.0,0.061224489795918366,0.8571428571428571,0.12,0.8590512264075681
9205,Penjelasan Bupati Sleman soal Dinkes Positif Corona Usai Divaksin 1 Dosis kumparan com,Bupati Sleman Sri Purnomo terkonfirmasi positif corona Padahal orang nomor 1 di Sleman itu telah divaksin satu dosis Sinovac pada 14 Januari lalu Lalu apa penyebabnya sehingga SP sapaan akrab Sri Purnomo ini positif corona Kepala Dinas Kesehatan Kabupaten Sleman Joko Hastaryo menjelaskan bahwa SP baru mendapat satu kali vaksin Sinovac Itu artinya kekebalannya belum terbentuk Vaksin Sinovac ini harus diberikan dua kali agar antibodi terbentuk Memang betul dipublikasikan di berbagai media vaksin Sinovac diberikan dua kali Kalau baru satu kali belum memberikan efek kekebalan atau pembentukan antibodi belum memadai Sehingga harus dilakukan booster atau suntikan kedua setelah dua minggu Maka kekebalan akan terbentuk secara optimal kata Joko saat di Pemkab Sleman Kamis 21 1 Dia menegaskan Bupati Sleman tidak positif corona gara gara divaksin Namun murni karena kekebalan tubuh belum terbentuk secara optimal Klarifikasinya jadi bukan menjadi positif gara gara vaksin Kebetulan saja seminggu lalu diberikan vaksin tapi hari ini positif Kalau diberikan satu kali seperti seseorang yang belum divaksin Bedanya kalau diberikan suntikan vaksinasi sudah mulai kekebalan itu ada kurvanya Ini baru mau naik disuntik dua kali mencapai puncaknya kata Joko Meski baru disuntik vaksin Sinovac sekali paling tidak vaksin tersebut sudah memberi efek bahwa SP tidak bergejala berat Kalau dia ketularan virus COVID dia bedanya tidak akan terlalu berat gejalanya karena virus yang masuk lebih sedikit dibanding belum divaksin kata Joko Bupati Sleman Sri Purnomo terkonfirmasi positif corona Kabar tersebut diinformasikan Sri Purnomo sendiri melalui video akun Instagramnya sripurnomosp Sebelumnya orang nomor 1 di Sleman ini telah menerima vaksin Sinovac pada 14 Januari lalu Hari ini Kamis 21 Januari 2021 saya Sri Purnomo Bupati Kabupaten Sleman menyampaikan kondisi terkini yang sedang saya hadapi kata SP sapaan akrab Sri Purnomo Kamis 21 1 Sebelumnya Rabu 20 Januari 2021 saya menjalani tes swab antigen yang mana hasilnya dinyatakan positif Kemudian dilanjutkan dengan tes swab PCR di mana hasil yang saya terima pagi ini dinyatakan positif katanya Sri Purnomo melanjutkan bawah pada siang ini pukul 13 00 WIB dirinya ke rumah sakit untuk melakukan rontgen thorax dan juga CT Scan thorax Hasilnya paru paru Sri Purnomo bersih,0.9919558393917403,1.0,0.0,0.0,0.5,0.0,0.0,1.0,0.0,0.0,1.0,0.0,0.09090909090909091,1.0,0.0,0.0,1.0,1.0,1.0,4.0,0.0,4.0,1.0,0.0,1.0,0.006622516556291391,0.5384615384615384,0.03910614525139665,0.4578760884633845
13312,Tak Pernah Jadi Episenter Corona di Australia Kini Victoria Nihil Kasus Baru kumparan com,Negara Bagian Victoria di Australia melaporkan tidak ada kasus baru corona selama 16 hari Victoria kemudian memutuskan untuk melonggarkan aturan pembatasan Saat Australia berhadapan dengan gelombang baru virus corona Negara Bagian Victoria adalah episenter penyebaran kasus lokal Victoria sebelumnya telah melakukan lockdown ketat Aturan pembatasan yang dilonggarkan adalah menambah jumlah orang dalam pertemuan di rumah menjadi maksimal 30 orang Menteri Utama Victoria Daniel Andrews mengatakan keputusan tersebut mulai berlaku pada Jumat 22 1 2021 tengah malam demikian dikutip dari Reuters Ia juga mengatakan bahwa bepergian wajib dengan bukti pengujian COVID 19 dari sebagian besar wilayah New South Wales hingga Queensland akan diizinkan tanpa harus dikarantina 14 hari Victoria yang akan menjadi tuan rumah turnamen tennis Australia sempat melakukan karantina terhadap 72 orang pemain tenis di hotel mereka selama 2 minggu Hal tersebut dilakukan setelah salah satu pemain asal Spanyol terkonfirmasi positif COVID 19 saat melakukan karantina di Melbourne Sementara itu Kabinet Nasional Australia akan segera membahas rencana peluncuran vaksinasi dan kuota untuk jumlah warga yang akan kembali dari luar negeri Saat ini Australia telah mencatat sebanyak 28 700 kasus corona dan jumlah kematian sebanyak 909,0.9911887140204769,1.0,0.0,0.0,0.5,0.0,0.0,1.0,0.0,0.5,1.0,0.0,0.5,0.5,0.0,0.0,1.0,-1.0,0.5,2.5,1.0,1.5,1.0,0.0,0.0,0.010638297872340425,0.5,0.05263157894736842,0.47220871901286854
10342,Terawan Andalkan Telemedicine Atasi Faskes Merata,Menteri Kesehatan Terawan Agus Putranto akan membangun alat pelayanan jarak jauh atau telemedicine untuk mengatasi masalah fasilitas kesehatan di Indonesia tidak merata di tengah pandemi virus corona Covid 19 Kita bangun telemedicine ini untuk aksesibilitas bagi masyarakat Dalam situasi pandemi Kemenkes progresif bekerja sama dengan pihak pihak yang ahli untuk membangun platform layanan kesehatan digital ujar Terawan dalam kata sambutan yang diwakili oleh Sekjen Kemenkes Oscar Primadi dalam diskusi virtual Sabtu 22 8 Terawan menjelaskan salah satu fungsi layanan telemedicine adalah memungkinkan pasien untuk berkonsultasi dengan tenaga kesehatan tanpa harus tatap muka secara fisik Terawan mengatakan saat ini disparitas atau perbedaan kualitas maupun kuantitas fasilitas kesehatan antara kota kota besar dibandingkan desa atau wilayah 3T Terdepan Terluar Tertinggal menjadi sebuah tantangan dalam layanan kesehatan khususnya di kala pandemi Covid 19 ini Oleh karena itu pemanfaatan teknologi untuk telemedicine menjadi krusial untuk menutup disparitas fasilitas kesehatan di Indonesia Manfaat teknologi informasi menjadi keharusan dan keniscayaan Di bidang kesehatan teknologi tidak hanya berfungsi dalam tata kelola manajemen informasi dan sistem pelaporan dan pencatatan dengan teknologi informasi ini kita bisa bangun sistem kemudahan akses mendapatkan layanan kesehatan bermutu tutur Terawan Lebih lanjut Terawan mengatakan Kemenkes berkomitmen mengembangkan telemedicine dengan masukan program ini sebagai salah satu indikator dalam Rencana Strategis Kementerian Kesehatan pada 2015 2019 kemarin dan pada 2020 2024 Terawan membeberkan saat ini telah ada 10 168 puskesmas yang tersebar di kecamatan Sedangkan jumlah rumah sakit baik swasta maupun pemerintah berjumlah 2 877 berdasarkan data hingga Juni 2020 Klinik saat ini berjumlah 9 205 klinik Apotek berjumlah 30 260 kata Terawan Masih berhubungan dengan pemanfaatan teknologi Terawan menjelaskan pihaknya juga menyiapkan e learning bagi para tenaga kesehatan yang berada di wilayah 3T dalam lima tahun ke belakang Hal ini dilakukan agar tenaga kesehatan di wilayah 3T memiliki kualitas yang sama dibandingkan dengan tenaga kesehatan di kota kota besar Tenaga kesehatan yang jauh di ujung perbatasan sana di seberang sana tidak ketinggalan dengan nakes di Pulau jawa Kami kembangkan pelatihan jarak jauh yang akan berikan kemudahan untuk tingkatkan profesionalisme kata Terawan Sebelumnya Badan Pengkajian dan Penerapan Teknologi BPPT mengatakan pihaknya tengah memperbaiki infrastruktur alat pelayanan medis jarak jauh atau Telemedicine agar bisa diimplementasikan di seluruh rumah sakit maupun puskesmas di Indonesia demi menyembuhkan pasien virus corona Covid 19 Telemedicine sendiri merupakan pelayanan kesehatan jarak jauh oleh tenaga medis dengan menggunakan teknologi informasi dan komunikasi meliputi pertukaran informasi diagnosis dan pengobatan Ya alat alatnya Telemedicine memang belum begitu bagus dan banyak juga regulasi yang kurang maka mesti ditambahkan terkait pemanfaatan teknologi ini kata Pakar Teknologi Telemedicine dari Pusat Teknologi Elektronika BPPT Pratondo Busono,0.9886085342886204,1.0,0.0,0.0,0.5,0.0,0.0,1.0,0.0,0.5,0.5,0.0,0.5,0.5,0.0,0.0,1.0,1.0,0.5,3.5,0.0,3.5,1.0,0.0,1.0,0.0,0.5,0.012658227848101266,0.4535786619143906
5828,Korea Selatan Mulai Berikan Vaksin Corona Untuk Pasukannya di Korea Selatan,Amerika Serikat memulai kampanye vaksin virus Corona untuk pasukannya yang ditempatkan di Korea Selatan Pasukan AS Korea USFK memberikan dosis awal vaksin Moderna untuk petugas kesehatan militer dan sipil Dilansir AFP Rabu 30 12 2020 Washington memiliki sekitar 28 500 tentara yang ditempatkan di Korea Selatan Para tentara ini ditugaskan untuk mempertahankan diri dari Korea Utara yang bersenjata nuklir dan melindungi kepentingan AS di Asia Timur Laut Vaksinasi ini disebut bersifat sukarela Namun kepala USFK mendorong anggota layanan Amerika untuk menerimanya Saya ingin Anda membuat keputusan berdasarkan informasi untuk Anda dan keluarga Anda tentang vaksin itu katanya dalam pernyataan itu Penyuntikan dilakukan saat gelombang ketiga virus negara Asia Peningkatan kasus berpusat di wilayah Seoul yang telah melaporkan kasus harian naik menjadi lebih dari 1 000 beberapa kali bulan ini meskipun ada tindakan yang lebih ketat Negara itu melaporkan 1 046 kasus baru dan 40 kematian pada hari Selasa jumlah korban harian tertinggi sejak pertama kali mengidentifikasi infeksi pada Januari,0.9880190141619638,1.0,0.0,0.0,0.5,0.0,0.0,1.0,0.0,0.0,1.0,0.0,0.5,0.5,0.0,0.0,1.0,1.0,0.5,3.5,0.0,3.5,1.0,0.0,0.0,0.025157232704402517,0.7777777777777778,0.0603448275862069,0.7275390122155075
8840,Keluar Masuk Makassar Perlu Lagi Surat Bebas Covid 19,Pemerintah Kota Makassar Sulawesi Selatan menghentikan aturan harus mengantongi surat keterangan Suket bebas Covid 19 untuk keluar masuk wilayah tersebut Namun pos di perbatasan akan tetap dijaga sejumlah petugas Kasubag Pemberitaan Humas Pemkot Makassar Hamzah Bakrie Muhammad mengatakan jumlah petugas yang berjaga di perbatasan telah dikurangi Mulai hari ini Selasa 4 8 2020 di pos perbatasan Kota Makassar tidak ada lagi petugas medis yang berjaga Jadi petugas di pos tapal batas itu lebih ke penerapan protokol kesehatan dengan sweeping masker pemeriksaan kendaraan umum tidak boleh lebih angkutannya 50 persen kata Hamzah saat dikonfirmasi Selasa Setelah akses keluar masuk warga dilonggarkan Pemerintah Kota Makassar akan fokus ke penelusuran kontak orang yang positif terjangkit Covid 19 Jika ada orang yang terdeteksi positif Covid 19 maka petugas Dinas Kesehatan akan melakukan rapid test kepada seluruh keluarganya ” sebutnya Secara terpisah Ketua Satgas Penegakan Pengendalian Covid 19 Kota Makassar Muh Sabri menyatakan meski sudah ada pelonggaran akses keluar masuk kedisiplinan warga belum baik “Dari pantauan anggota kami di lapangan masih ada beberapa kecamatan yang belum menerapkan aturan protokol seperti tidak menyediakan alat cuci tangan di fasilitas umum serta masih banyak warganya yang tidak menggunakan masker saat beraktivitas ” ungkap Sabri,0.9868179719329672,1.0,0.0,0.0,0.5,0.0,0.0,1.0,0.0,0.5,1.0,0.0,0.2222222222222222,1.0,0.0,0.0,1.0,1.0,1.0,4.0,0.0,4.0,1.0,1.0,1.0,0.016304347826086956,0.8888888888888888,0.06060606060606061,0.8850604569354108
2813,Varian Baru Corona Muncul di Inggris Mirip dengan yang Ditemukan di Brasil kumparan com,Varian virus corona baru ditemukan di Brasil Untuk mencegah penyebaran varian itu Inggris melarang penerbangan dan orang orang dari Brasil masuk negaranya Inggris sebagai negara yang paling terdampak varian baru bergerak cepat mendengar kabar dari Brasil PM Boris Johnson bahkan membenarkan dirinya begitu khawatir mendengar informasi tersebut Langkah yang diambil Inggris adalah melarang masuk pendatang dari Brasil dan berbagai negara Amerika Selatan dan Portugal Terkait kenapa Portugal dimasukkan dalam daftar Shapps menjelaskan dua negara itu berhubungan erat Banyak orang Brasil berkunjung ke Portugal begitu pula sebaliknya Selengkapnya simak video di atas kumparanvideo Simak panduan lengkap corona di Pusat Informasi Corona,0.9850631090867737,1.0,0.0,0.0,0.5,0.0,0.0,1.0,0.0,0.0,1.0,0.0,0.5,0.5,0.0,0.0,1.0,1.0,0.5,3.5,0.0,3.5,1.0,0.0,0.0,0.028037383177570093,0.6153846153846154,0.11594202898550725,0.501005739489847
2746,Tambah 5 121 Kasus Corona RI Per 14 Desember Jadi 623 309,Pemerintah kembali memperbarui informasi soal penanganan wabah virus Corona COVID 19 Hari ini dilaporkan kasus COVID 19 di Indonesia lebih dari 623 ribu kasus Berdasarkan data Kementerian Kesehatan Kemenkes dilaporkan ada 5 489 kasus baru Corona pada Senin 14 12 2020 sehingga sejak Maret sudah ada 623 309 kasus COVID 19 di Tanah Air Penghimpunan data ini dilakukan setiap hari per pukul 12 00 WIB Selain itu dilaporkan ada penambahan pasien sembuh Corona sebanyak 5 121 sehingga hingga hari ini total ada 510 957 pasien Corona yang sembuh Sementara itu dilaporkan hingga hari ini total pasien meninggal akibat COVID 19 sebanyak 18 956 orang Dilaporkan juga pemerintah pada hari ini memantau kasus suspek Corona sebanyak 64 067 Kasus Corona telah ditemukan di 34 provinsi pada 510 kabupaten kota Pemerintah terus mengingatkan agar masyarakat mematuhi protokol kesehatan demi mencegah penularan COVID 19 Masyarakat diminta disiplin memakai masker rajin mencuci tangan memakai sabun dan menjaga jarak Tonton video Respons BPOM Bio Farma soal Beredarnya PO Vaksin Corona Gambas Video 20detik,0.9824457748791402,0.0,0.0,0.0,0.5,0.0,0.0,1.0,0.0,0.0,0.5,0.0,0.2261904761904762,0.0,0.6666666666666666,0.0,1.0,1.0,1.0,3.0,0.0,3.0,1.0,0.0,0.0,0.018633540372670808,0.6666666666666666,0.07339449541284404,0.6921659445497806
4119,Pemerintah Swedia Kritik soal Perlindungan Lansia dari Corona,Raja Swedia Carl XVI Gustaf mengkritik pemerintah setempat karena dinilai gagal melindungi kelompok masyarakat lanjut usia lansia dari virus corona Covid 19 Saya pikir kita gagal Jumlah korban meninggal sangat besar dan ini menyedihkan Ini adalah hal yang menjadi penderitaan kita semua kata Raja Carl XVI Gustaf Dalam rekaman pidato menjelang natal yang disiarkan melalui stasiun televisi setempat Raja Carl XVI Gustaf menyatakan dia memahami rasa sedih para penduduknya ketika anggota keluarga mereka meninggal akibat Covid 19 Mari kita renungkan pengalaman para keluarga yang tidak bisa menyampaikan ucapan selamat tinggal terakhir kepada anggota keluarganya yang meninggal Saya pikir hal ini sangat berat dan menjadi trauma karena tidak bisa menyampaikan salam perpisahan terakhir lanjut Raja Carl XVI Gustaf Anak Raja Carl XVI Gustaf Pangeran Carl Philip beserta sang istri Putri Sofia dinyatakan positif Covid 19 Mereka kini menjalani karantina di kediaman kerajaan bersama dengan dua anaknya Rakyat Swedia sudah amat menderita dalam keadaan ini Kini ancaman itu semakin mendekat Dan itu bukan yang kita inginkan lanjut Raja Carl XVI Gustaf Carl Gustaf adalah kepala negara Swedia Namun jabatannya hanya simbolis lantaran dia tidak mempunyai kekuatan politik Perdana Menteri Swedia Stefan Lofven beberapa hari lalu mengakui mereka salah perhitungan dalam menghadapi pandemi Menurut penilaian komite independen pemerintah Swedia gagal melindungi keselamatan kelompok penduduk lanjut usia yang berada di panti jompo Pemerintah Swedia selama ini tetap mempertahankan kebijakan tidak menerapkan penguncian wilayah berbeda seperti yang dilakukan kebanyakan negara Eropa lainnya tetapi meminta penduduknya bertanggung jawab menjaga kesehatan diri sendiri dan orang lain Sampai saat ini dari 10 juta lebih penduduk Swedia ada 341 029 orang yang terinfeksi Covid 19 Dari jumlah itu ada 7 667 pasien yang meninggal akibat Covid 19 atau komplikasi dengan penyakit lain Jumlah kematian akibat Covid 19 di Swedia lebih tinggi dari negara tetangganya seperti Denmark Finlandia atau Norwegia Dalam laporan komisi itu negara negara tetangga Swedia dilaporkan bisa menekan tingkat kematian akibat infeksi Covid 19 pada kelompok lansia dengan melindungi mereka melalui metode karantina dan isolasi Epidemiolog Swedia Anders Tegnell tetap menyatakan strategi membentuk kekebalan kelompok herd immunity yang mereka terapkan akan berkesinambungan dalam jangka panjang Swedia kini mengalami lonjakan kasus infeksi yang membuat rumah sakit dan tenaga medis mereka kewalahan menangani pasien Jumlah tenaga kesehatan yang terinfeksi juga bertambah dan membuat pemerintah setempat menerapkan sejumlah larangan seperti tidak mengizinkan penjualan alkohol di restoran dan bar selepas pukul 22 00 waktu setempat Mereka juga membatasi kerumunan maksimal hanya boleh diikuti delapan orang dengan menjaga jarak dan menerapkan protokol kesehatan lain,0.9810849797166044,1.0,0.0,0.0,0.5,0.0,0.0,1.0,0.0,0.5,1.0,0.0,0.5,0.5,0.0,0.0,1.0,1.0,0.5,3.5,0.0,3.5,1.0,0.0,1.0,0.005235602094240838,0.625,0.02100840336134454,0.5413588322725053
275,Khotbah Jumat Kapolres di Mojokerto Ajak Masyarakat Jaga Persatuan,Para Bhabinkamtibmas menjadi khatib salat Jumat secara serentak di 848 masjid di Kabupaten Mojokerto Pada khotbahnya polisi mengajak masyarakat menjaga persatuan dan kesatuan serta Pilbup 2020 aman dan damai Seperti di Masjid Baitul Mustakim Desa Kembangringgit Kecamatan Pungging Bhabinkamtibmas Kembangringgit didapuk menjadi khatib pada salat Jumat kali ini Kapolres Mojokerto AKBP Dony Alexander Waka Polres Kompol David Triyo Prasojo Kasat Reskrim AKP Rifaldhy Hangga Putra Kasat Lantas AKP Randy Asdar serta perwira lainnya berbaur dengan warga menjadi jemaah salat Jumat di masjid tersebut Dalam khotbahnya Bhabinkamtibmas Kembangringgit mengajak masyarakat menjaga persatuan dan kesatuan bangsa Sementara usai salat Jumat berjamaah Kapolres Dony menyampaikan sejumlah pesan kepada jemaah yang hadir Tujuan kami memberi imbauan untuk mengantisipasi gangguan kamtibmas di Kabupaten Mojokerto kata Dony kepada wartawan di lokasi Jumat 27 11 2020 Ia menjelaskan para Bhabinkamtibmas menjadi khatib salat Jumat secara serentak di 848 masjid di wilayah hukum Polres Mojokerto Pihaknya bekerjasama dengan Dewan Masjid Indonesia DMI Majelis Ulama Indonesia MUI PCNU serta PD Muhammadiyah Kabupaten Mojokerto Para Bhabinkamtibmas mengajak seluruh masyarakat untuk memperkuat persatuan dan kesatuan bangsa Pilkada 9 Desember berlangsung aman tertib dan sejuk serta semua masjid menerapkan prokes supaya bisa mencegah penyebaran COVID 19 Kita juga berdoa kepada Allah SWT agar pandemi COVID 19 segera selesai sehingga kita bisa berkativitas normal kembali terang Dony Untuk menjaga persatuan dan kesatuan bangsa lanjut Dony polisi TNI dan pemerintah tidak bisa bekerja sendiri Oleh sebab itu pihaknya menggandeng semua tokoh masyarakat tokoh agama serta para ulama di Kabupaten Mojokerto Dia mengajak para tokoh untuk bersinergi menjaga persatuan dan kesatuan bangsa dan menciptakan Pilbup Mojokerto 9 Desember nanti berjalan aman dan damai Karena potensi gangguan keamanan masih ada Salah satunya berupa berita bohong hoax Kita cegah dengan bijak menggunakan medsos Juga para ulama tokoh agama dan tokoh masyarakat bersinergi menjaga keutuhan NKRI tegasnya Ketua MWC NU Kecamatan Pungging Imam Shobari menuturkan pihaknya bersama para ulama akan selalu mengajak masyarakat menjalani Pilbup Mojokerto dengan damai Dia juga mengimbau masyarakat lebih selektif saat menerima informasi dari medsos sehingga tidak mudah terprovokasi oleh berita berita hoax Yang kami lakukan senantiasa menyampaikan kepada masyarakat walaupun berbeda pilihan tetap harus menjaga persatuan dan kesatuan bangsa Karena itu menjadi modal untuk menuju masyarakat adil dan makmur tandasnya,0.9806649171143941,1.0,0.0,0.0,0.5,0.0,0.0,1.0,0.0,0.5,1.0,0.0,0.5,0.5,0.0,0.0,0.0,0.0,0.5,1.5,0.0,1.5,0.0,0.0,1.0,0.0,0.6666666666666666,0.03015075376884422,0.5257082884610199
2504,Polisi Belanda Tangkap 240 Orang dalam Aksi Memprotes Lockdown,Ratusan perusuh menjarah toko toko membakar dan terlibat bentrok dengan polisi di beberapa kota di Belanda pada Minggu 24 1 waktu setempat Media lokal Belanda dan polisi melaporkan ada lebih dari 240 orang ditangkap terkait peristiwa itu Dilansir dari Reuters Senin 25 1 2021 kerusuhan terjadi pada hari kedua pembatasan ketat COVID 19 termasuk aturan jam malam yang memicu demonstrasi Menurut saksi mata polisi menggunakan meriam air anjing dan petugas berkuda untuk membubarkan aksi protes di pusat kota Amsterdam Hampir 200 orang yang melakukan pelemparan batu dan kembang api ditahan di kota itu Lembaga penyiaran nasional NOS mengatakan polisi anti huru hara telah dikerahkan di hampir 10 kota setelah jam malam diberlakukan Kendaraan dibakar polisi dilempari batu dan properti umum dihancurkan lapor NOS Polisi militer mengatakan di Twitter pada Minggu malam 24 1 bahwa mereka dikerahkan untuk membantu polisi lokal di setidaknya dua kota di wilayah selatan Dalam video yang dimuat sebuah televisi lokal Belanda sekelompok anak muda terlihat menjarah toko melempar sepeda dan membakar di kota Eindhoven Sedikitnya 55 orang ditangkap di Eindhoven Demonstrasi di Museum Square yang melanggar larangan pertemuan publik terjadi sehari setelah pemerintah memberlakukan jam malam untuk pertama kalinya sejak Perang Dunia Kedua Polisi membersihkan alun alun setelah orang orang mengabaikan instruksi untuk pergi dan menahan mereka yang menyerang polisi dengan batu dan kembang api di jalan jalan terdekat kata kantor walikota Video dari desa Urk 80 km timur laut Amsterdam menunjukkan para pemuda membobol fasilitas pengujian COVID 19 di dekat pelabuhan desa sebelum dibakar pada Sabtu 23 1 malam waktu setempat Sebelumnya parlemen telah menyepakati aturan jam malam pada pekan lalu di mana varian COVID 19 yang pertama kali diidentifikasi di Inggris akan menyebabkan lonjakan kasus baru Infeksi baru di negara tersebut secara umum telah menurun selama sebulan dan turun lagi pada hari Minggu 24 1 dengan 4 924 kasus baru Sejauh ini total ada 13 540 kematian di Belanda akibat COVID 19 dan 944 000 orang yang terinfeksi virus Corona Sekolah dan toko non esensial di Belanda telah ditutup sejak pertengahan Desember 2020 menyusul penutupan bar dan restoran dua bulan sebelumnya,0.9804994984020418,1.0,0.0,0.0,0.5,0.0,0.0,1.0,0.0,0.5,1.0,0.0,0.2222222222222222,0.0,1.0,0.0,1.0,1.0,1.0,4.0,0.0,4.0,1.0,0.0,0.0,0.0030581039755351682,0.6666666666666666,0.02843601895734597,0.5635777612127066
6983,Direktur RSI Amal Sehat Sragen Meninggal Terpapar Corona,Wakil Direktur Non Medis RSI Amal Sehat Kabupaten Sragen Jawa Tengah Bambang HP meninggal dunia dengan status positif virus Corona atau COVID 19 Pihak rumah sakit telah melakukan tracing dan sebanyak 18 orang dengan kontak erat dengan almarhum menjalani tes swab Betul Wakil Direktur RSI meninggal dunia Hasil swab almarhum positif Corona ujar Direktur RSI Amal Sehat Sragen Rachmat Basoeki Soetarjo saat dihubungi wartawan Selasa 17 11 2020 Rachmat menjelaskan Bambang meninggal saat menjalani perawatan di RSUD dr Moewardi Solo Senin 16 11 Sebelumnya dokter yang berdomisili di Karanganyar itu sempat dirawat di RS PKU Muhammadiyah Karanganyar Kemungkinan penularan keluarga di Karanganyar Sudah di tracing di rumah hanya dengan istrinya saja Istrinya tadi pagi sama sama di tracing oleh DKK Karanganyar tinggal nunggu hasilnya terangnya Sebagai langkah lanjutan lanjut Rachmat pihaknya telah melakukan tracing para pihak yang kemungkinan berkontak dengan Bambang Hasilnya 18 orang menjalani tes swab di Dinas Kesehatan Kabupaten Sragen hari ini dengan hasil negatif Rachmat juga memastikan pelayanan di RSI Amal Sehat Sragen tetap berjalan seperti biasa Meski begitu sejumlah ruangan yang pernah didatangi oleh almarhum di RSI Amal Sehat Sragen telah disemprot disinfektan Sudah kami lakukan kemarin langsung begitu meninggal jam 14 00 WIB langsung sekitar jam 16 00 WIB ruangan beliau dan sekitar yang didatangi beliau kita sudah fogging disinfektan semuanya Besok pagi diulang lagi urainya,0.9796383435270908,1.0,0.0,0.0,0.5,0.0,0.5,0.5,0.0,0.5,1.0,0.0,0.5,0.5,0.0,0.0,1.0,1.0,0.5,3.5,0.0,3.5,1.0,0.0,0.0,0.019801980198019802,0.875,0.05303030303030303,0.9042537209815188
254,Ridwan Kamil Disuntik Vaksin Covid 19 Ini Penjelasan Bio Farma,PT Bio Farma menyatakan Gubernur Jawa Barat Ridwan Kamil belum disuntik vaksin Covid 19 hingga 15 Agustus 2020 Namun Ridwan Kamil telah terdaftar sebagai relawan uji vaksin “Namun Ridwan Kamil sudah terdaftar sebagai relawan uji klinis fase 3 vaksin Covid 19 ” ujar Head of Corporate Communication Bio Farma Iwan Setiawan dalam rilisnya Sabtu 15 8 2020 Pernyataan tersebut merupakan klarifikasi dari Bio Farma yang sebelumnya menyatakan Ridwan Kamil sudah disuntik vaksin Covid 19 di sebuah diskusi virtual “ Kami menyampaikan permohonan maaf atas kekeliruan pernyataan tersebut ” jelas Iwan Ridwan Kamil juga membenarkan dirinya belum disuntik vaksin Covid 19 Ia sedang mempersiapkan diri sebelum disuntik vaksin Covid 19 Pertama saya sedang mempersiapkan fisik untuk pengetesan vaksin jadi saya belum dites mungkin ada berita yang beredar jadi belum ya kata Ridwan di Gedung Pakuan Bandung Sabtu Ridwan memprediksi akan disuntik vaksin Covid 19 pada pekan depan Kemungkinan paling cepat minggu depan kalau secara psikologis baik ujar pria yang disapa Emil itu,0.9795443942840396,1.0,0.0,0.0,0.5,0.0,0.0,1.0,0.0,0.5,0.5,0.0,0.3,1.0,0.0,0.0,1.0,1.0,1.0,4.0,0.0,4.0,1.0,0.0,1.0,0.03759398496240601,0.8,0.08163265306122448,0.8181082748517319
10021,Cerita Giring Ganesha Positif Covid 19 Bersyukur Tularkan ke Anak dan Istri,Penyanyi sekaligus politisi Giring Ganesha menambah deretan selebritas Indonesia yang terpapar virus corona Giring kabarnya dinyatakan positif Covid 19 pada 21 Desember lalu Mantan vokalis Nidji ini akhirnya menjalani isolasi mandiri di rumahnya Sejak dinyatakan positif terpapar virus corona Giring Ganesha merasa badannya pegal linu Selain itu pria yang berusia 37 tahun ini juga mengalami diare Yang paling terasa pegal linu di pinggang Hari pertama abis tes swab ketahuan positif Covid 19 itu diare parah Sesak enggak ada sama sekali ya alhamdulillah tutur Giring Kini Giring Ganesha merasakan kondisi tubuhnya sudah mulai membaik setelah menjalani isolasi mandiri selama 12 hari Di balik kesedihan karena positif Covid 19 Giring Ganesha tetap merasa bersyukur karena ia tak menularkan virus tersebut ke anak dan istrinya,0.9785971684176586,1.0,0.0,0.0,0.5,0.0,0.0,0.0,0.0,0.5,0.5,0.0,0.36363636363636365,1.0,0.0,0.0,1.0,1.0,1.0,4.0,0.0,4.0,1.0,0.0,1.0,0.04424778761061947,0.75,0.10344827586206896,0.6098728742437494
10726,Diiringi Lantunan Tahlil Syekh Ali Jaber Dimakamkan di Ponpes Tebuireng,Jenazah Syekh Ali Jaber tiba di Pondok Pesantren Ponpes Daarul Quran Tangerang Banten Prosesi pemakaman pun dimulai Pantauan di lokasi jenazah Syekh Ali Jaber sudah tampak tiba di area pemakaman sekitar pukul 16 40 WIB Kamis 14 1 2021 Tampak keluarga dan para pelayat mengantarkan jenazah Syekh Ali Jaber Hadir juga Ustaz Yusuf Mansur yang merupakan pemilik ponpes Area ponpes sendiri tampak dibatasi Hanya pihak tertentu yang mendapatkan izin dari Yayasan Daarul Quran yang diperbolehkan masuk ke area ponpes dan pemakaman Area Ponpes pun tampak dijaga oleh anggota TNI dan Polri Lantunan tahlil terdengar menggema di area pemakaman mengiringi jenazah Syekh Ali Jaber yang diangkat untuk dimakamkan Jenazah kemudian tampak diazankan oleh pihak keluarga Syekh Ali Jaber sebelum liang kubur ditutup Seperti diketahui Syekh Ali Jaber meninggal dunia hari ini di RS Yarsi Syekh Ali Jaber meninggal setelah 19 hari dirawat di rumah sakit Syekh Ali Jaber sebelumnya dirawat di rumah sakit karena terpapar COVID 19 Namun sebelum meninggal Syekh Ali Jaber sudah dinyatakan negatif COVID 19 Sebelum dimakamkan di Ponpes Daarul Quran jenazah Syekh Ali Jaber terlebih dahulu dimakamkan di kediamannya di kawasan Pulogadung Jakarta Timur,0.9785558463511773,1.0,0.0,0.0,0.5,0.0,0.0,1.0,0.0,0.5,0.5,0.0,0.5,0.5,0.0,0.0,0.0,0.0,0.5,1.5,0.0,1.5,0.0,0.0,0.0,0.032679738562091505,0.8,0.0784313725490196,0.8695245170746995
11657,Tanggapan BP2MI soal 27 Pekerja Migran Terdeteksi COVID 19 Setibanya di Taiwan,Kabar mengenai 27 pekerja migran Indonesia PMI terpapar virus corona COVID 19 di Taiwan diklarifikasi kantor perwakilan Taiwan di Indonesia TETO Taipei Economic and Trade Office Apa tanggapannya Bermula dari Badan Pelindungan Pekerja Migran Indonesia BP2MI melakukan inspeksi mendadak atau sidak di Perusahaan Penempatan Pekerja Migran Indonesia P3MI di Tangerang Sidak ini menyusul adanya informasi 27 pekerja migran Indonesia terpapar virus Corona di Taiwan setelah berangkat dari perusahaan penempatan pekerja migran Informasi 27 pekerja terinfeksi Corona itu didapatkan dari KDEI Taiwan Para pekerja ini sebelumnya dikirimkan dari Perusahaan Penempatan Pekerja Migran di Tangerang Lalu mereka terdeteksi positif Corona setiba di negara Taiwan BP2MI telah mengirimkan Surat Edaran kepada P3MI di masa penempatan adaptasi kebiasaan baru PMI wajib melakukan tes PCR sebelum terbang ke negara penempatan Karena pemerintah ingin memastikan anak anak bangsa benar benar bisa terjamin keselamatan kesehatannya kata Kepala BP2MI Benny Rhamdani dalam keterangannya Jumat 20 11 2020 Atas dasar itulah akhirnya BP2MI melakukan sidak di sejumlah perusahaan penempatan pekerja migran di Tangerang Sidak ini dilakukan untuk memastikan bagaimana protokol kesehatan yang diterapkan selama PMI berada di penampungan seperti apa perlakukan P3MI terhadap PMI Pemerintah tidak ingin dengan terjadinya peristiwa ini pemerintah Taiwan berpikir dari sudut pandang lain dan menganggap Indonesia sengaja mengirimkan PMI yang terinfeksi COVID 19 Bahkan dikhawatirkan hal ini bisa mengganggu hubungan Indonesia Taiwan ucap Benny Setelah ditemukannya 27 PMI yang terinfeksi Corona di Taiwan ini kantor perwakilan pemerintahan Republic of China Taiwan di Indonesia mengeluarkan surat edaran untuk memperketat aturan masuknya PMI ke Taiwan Aturan itu termasuk PMI wajib melakukan tes PCR 3 hari sebelum terbang dan akan memberhentikan proses penempatan PMI oleh 5 PT yang mengirimkan PMI terinfeksi COVID 19 Kami butuh komitmen dari P3MI untuk dapat bekerjasama dengan pemerintah dalam melakukan penempatan PMI di masa adaptasi kebiasaan baru ini agar tidak ada respons negatif dari negara penempatan tutupnya Berikut ini tanggapan dari TETO Kantor Perwakilan Taiwan Taipei Economic and Trade Office TETO dengan sungguh sungguh mengklarifikasi bahwa mulai 18 Oktober 2020 hingga 18 November 2020 tercatat 70 kasus impor yang terinfeksi COVID 19 dan 28 kasus di antaranya merupakan Pekerja Migran Indonesia PMI Meskipun tingkat rasionya termasuk tinggi Pemerintah Taiwan R O C tidak pernah menganggap Indonesia sengaja mengirimkan PMI yang terinfeksi COVID 19 Saat ini Pemerintah Taiwan dan Pemerintah Indonesia terus berusaha melakukan berbagai pencegahan epidemi serta tidak mempengaruhi hubungan antara Indonesia dan Taiwan Mempertimbangkan kondisi epidemi global COVID 19 pada musim gugur dan musim dingin yang terus meningkat dan peningkatan signifikan pada jumlah kasus dari luar negeri dalam satu bulan terakhir Pemerintah Taiwan pada tanggal 18 November 2020 telah mengumumkan Langkah Pencegahan Epidemi Khusus Musim Gugur dan Musim Dingin serta menyesuaikan kebijakan pencegahan epidemi yang mengharuskan semua pengunjung yang masuk ke Taiwan termasuk Warga Negara Taiwan dan Warga Negara Asing terlepas dari tujuan masuknya mulai 1 Desember 2020 hingga 28 Februari 2021 saat naik pesawat dan memasuki Taiwan harus menunjukkan laporan PCR negatif dalam tiga hari terakhir TETO menegaskan bahwa kebijakan ini diperlukan untuk memperkuat tindakan pencegahan epidemi dan berlaku untuk semua pengunjung domestik maupun asing yang tidak hanya berlaku untuk Warga Negara Indonesia Selain itu dalam laporan media tersebut menyebutkan bahwa Taiwan telah menangguhkan lima P3MI untuk mengirimkan PMI tetapi bagi PMI yang telah mendapatkan visa sebelum 9 November 2020 tidak dilarang TETO menjelaskan bahwa dikarenakan dalam satu bulan terakhir ada 28 orang PMI yang setelah memasuki Taiwan didiagnosis terinfeksi COVID 19 dan diantaranya ada 20 orang PMI yang terutama berasal dari 4 bukan 5 P3MI yaitu PT Sentosa Karya Aditama PT Vita Melati Indonesia PT Ekoristi Berkarya dan PT Graha Ayukarsa Oleh karena P3MI tersebut tidak memenuhi protokol kesehatan Pemerintah Taiwan menghentikan sementara penempatan PMI dari empat P3MI tersebut namun bagi PMI yang memperoleh visa sebelum tanggal 19 November 2020 bukan tanggal 9 masih dapat memasuki Taiwan Untuk selanjutnya apabila balai pelatihan dari empat P3MI tersebut telah memperbaiki protokol kesehatan serta memperoleh konfirmasi dan bukti bebas dari wabah COVID 19 yang dikeluarkan oleh Kementerian Kesehatan Republik Indonesia dapat mengajukan permohonan ke Pemerintah Taiwan dan setelah mendapatkan izin baru dapat melaksanakan kembali penempatan PMI ke Taiwan Simak video Keprihatinan Warga Melihat Kasus Corona Harian di DKI Pecah Rekor Gambas Video 20detik,0.9784636902846608,1.0,0.0,0.0,0.5,0.0,0.0,1.0,0.0,0.5,1.0,0.0,0.20202020202020202,1.0,0.0,0.0,1.0,1.0,1.0,4.0,0.0,4.0,1.0,0.0,1.0,0.007029876977152899,0.8333333333333334,0.03278688524590164,0.7961716938556899
13961,Jokowi Gelombang Kedua Covid di Eropa Kita Teledor,Presiden Joko Widodo meminta jajarannya mewaspadai lonjakan kedua gelombang virus covid 19 yang terjadi di Eropa Jokowi meminta agar semua pihak tak bersikap teledor yang mengakibatkan lonjakan kedua gelombang covid 19 juga terjadi di Indonesia Berkaitan dengan covid 19 saya ingin menekankan sekali lagi hati hati karena di Eropa sudah muncul gelombang kedua yang naiknya sangat drastis sekali kata Jokowi saat membuka Sidang Kabinet Paripurna yang disiarkan melalui Youtube Sekretariat Presiden Senin 2 10 Jadi jangan sampai kita teledor jangan kita kehilangan kewaspadaan sehingga kejadian itu terjadi di negara kita sambung dia Mantan Gubernur DKI Jakarta ini merinci sejumlah negara Eropa yang mengalami lonjakan kedua covid 19 Beberapa di antaranya ialah Perancis hingga Jerman yang mengalami lonjakan setelah penurunan kasus Kita juga lihat angka angka beberapa negara Prancis melompatnya dari berapa ke berapa Itali juga melompatnya Inggris Jerman Spanyol ada kenaikan yang sangat drastis ini agar menjadi perhatian kita semuanya dan kehati hatian kita semuanya jelas Jokowi Hal ini diungkapkan Jokowi menyusul klaim yang menyebut angka kasus positif covid 19 di Indonesia mulai melandai Dalam rapat kabinet Jokowi membeberkan bahwa kasus aktif di Indonesia lebih kecil dari rata rata kasus dunia Kasus aktif covid di Indonesia lebih baik Lebih rendah dari perkembangan rata rata dunia Kita memiliki kasus aktif sebesar 13 78 persen jelas Jokowi Adapun rata rata kasus positif di dunia ialah sebesar 25 22 persen hingga November 2020 Ini yang terus harus ditekan sehingga angka 13 78 persen ini bisa kita perkecil lagi tutup dia Berdasarkan data 2 November 2020 jumlah kasus positif covid 19 di Indonesia mencapai 415 402 kasus dengan 345 566 di antaranya dinyatakan smebuh dan 14 044 meninggal dunia,0.9780937575150186,1.0,0.0,0.0,0.5,0.0,0.0,1.0,0.0,0.5,0.5,0.0,0.5,0.5,0.0,0.0,0.0,0.0,0.5,1.5,0.0,1.5,0.0,0.0,1.0,0.02066115702479339,1.0,0.05333333333333334,1.0
2729,4 Poin Pernyataan Maaf Pihak Klinik Bumame Farmasi soal Pemalsuan PCR,Pihak keluarga buka suara soal kasus pemalsuan surat swab PCR selebgram erlanggs atau Erlangga Alfreda Davian dkk Pihak keluarga meminta maaf atas kejadian yang merugikan Klinik Bumame Farmasi Dalam jumpa pers yang digelar di Ascott Sudirman Jakarta Selatan Jumat 8 1 2020 malam juru bicara keluarga selebgram erlanggs dkk David Tjahjadi menyampaikan 4 poin terkait kasus yang kini menjerat 3 tersangka Davd mengatakan pernyataan maaf tersebut sekaligus untuk memulihkan nama baik Klinik Bumame Farmasi yang dicatut namanya untuk pemalsuan surat PCR David Tjahjadi menegaskan bahwa Bumame Farmasi tidak pernah mengeluarkan surat swab PCR yang digunakan para tersangka untuk perjalanan ke Bali David menyebut surat swab palsu tersebut semata mata digunakan para tersangka untuk mencari keuntungan Jadi sekali lagi saya tegaskan bahwa tidak pernah sekalipun Bumame Farmasi mengeluarkan surat PCR palsu bahkan Bumame Farmasi tidak tahu menahu mengenai peristiwa ini sepenuhnya peristiwa ini adalah kesalahan daripada kami kenakalan anak anak remaja itu poin pertama kata David Berikut 4 poin pernyataan pihak keluarga selebgram erlanggs dkk terkait pemalsuan surat PCR tersebut 1 Bumame Farmasi Tak Keluarkan Surat PCR Palsu Pertama adalah bahwa Bumame Farmasi tidak pernah satu kali pun mengeluarkan surat PCR palsu bahwa sepenuhnya itu adalah kelalaian daripada keluarga kami yang ingin mengambil keuntungan dengan cara mencatut nama Bumame Farmasi kata David Tjahjadi 2 Keluarga erlanggs dkk Minta MaafPihak keluarga selebgram Erlangga Alfreda Davian dkk menyampaikan permintaan maaf kepada Bumame Farmasi atas kasus tersebut Keluarga merasa gagal dalam mendidik ketiga tersangka Poin kedua adalah bahwa pihak keluarga dalam hal ini meminta maaf dari hati yang terdalam bahwa telah gagal mendidik anak anaknya Ke depannya mungkin ini akan menjadi pembelajaran bagi orang tua supaya lebih ketat dalam mendidik anak anak apalagi kita tahu sosial media ini rentan itu ke depannya katanya 3 Terima Kasih ke dr TirtaPihak keluarga menyampaikan terima kasih ke dr Tirta yang telah mengingatkan erlanggs dkk terkait pemalsuan surat PCR tersebut 4 Terima Kasih ke PolisiPihak keluarga juga menyampaikan terima kasih ke pihak kepolisian Keluarga berterima kasih karena telah memperlakukan erlanggs dkk dengan baik sejak ditangkap hingga kini ditahan di Polda Metro Jaya Yang keempat bahwa kami sangat mengapresiasi tertinggi dan berterima kasih sebanyak banyaknya kepada Polda Metro Jaya utamanya kepada unit 4 Cyber Dirkrimsus Polda Metro Jaya Kenapa karena kami tahu persis dari awal penangkapan hingga akhirnya dibawa anak anak kami ke Polda Metro Jaya itu diperlakukan sangat baik dan sangat humanis sangat objektif dan sangat normatif tuturnya Tonton video Tiga Pemalsu Surat PCR Diringkus Polda Metro Jaya Gambas Video 20detik Simak pernyataan Bumame Farmasi soal pemalsuan surat PCR di halaman selanjutnya,0.9775474588064703,1.0,0.0,0.0,0.5,0.0,0.0,1.0,0.0,0.5,0.5,0.0,0.3333333333333333,1.0,0.0,0.0,1.0,1.0,1.0,4.0,0.0,4.0,1.0,0.0,1.0,0.02040816326530612,1.0,0.05555555555555555,1.0
13412,Menkes Sebut Akan Gelar Vaksinasi Corona Tanpa Izin BPOM,Menteri Kesehatan Menkes Budi Gunadi Sadikin menegaskan pemerintah tidak akan memulai vaksinasi Covid 19 jika tidak mendapat restu dari Badan Pengawas Obat dan Makanan BPOM Sebab BPOM adalah lembaga independen yang berwenang menentukan vaksin boleh digunakan atau tidak Kita tidak akan melakukan vaksinasi sebelum approval BPOM keluar kata Budi dalam jumpa pers di Istana Kepresidenan Jakarta Senin 11 1 Budi bersyukur Majelis Ulama Indonesia MUI telah menyatakan vaksin Sinovac halal dan suci Dengan begitu penggunaan vaksin tinggal menunggu izin penggunaan darurat dari BPOM Mantan Direktur Utama Bank Mandiri itu jug berharap BPOM bisa segera menerbitkan keputusan agar pihaknya segera menjalankan vaksinasi Karena kita tidak mungkin saya ulangi sekali lagi pemerintah tidak akan mendahului persetujuan dari BPOM ujar Budi Budi kembali menyampaikan pemerintah berencana memulai vaksinasi pada Rabu 13 1 Presiden Joko Widodo akan jadi orang pertama yang disuntik vaksin Covid 19 di Indonesia Sementara itu penggunaan vaksin Sinovac masih menunggu izin penggunaan darurat dari BPOM Rencananya mereka akan mengumumkan keputusan soal izin tersebut sore ini,0.977478193151763,1.0,0.0,0.0,0.5,0.0,0.0,1.0,0.0,0.0,0.5,0.0,0.5,0.5,0.0,0.0,0.0,0.0,0.5,1.5,0.0,1.5,0.0,0.0,0.0,0.0,0.5555555555555556,0.043859649122807015,0.5287433575423023
11958,Golkar Kirim Bantuan Rp 4 75 M untuk Korban Bencana di Jakarta hingga Sulbar,Partai Golkar mengirim bantuan bencana yang terdiri dari bahan pangan hingga kebutuhan lainnya senilai Rp 4 75 Miliar Penyerahan bantuan itu ditujukan pada korban bencana banjir di Kalimantan Selatan Kalsel dan gempa di Sulawesi Barat Sulbar Saya mendorong bahwa seluruh bantuan yang diserahkan hari ini akumulatif yang sudah kita salurkan sebesar Rp 4 75 miliar nilainya kata Ketua Umum Partai Golkar Airlangga Hartarto di Gedung Studio Golkar Jakarta Jumat 22 1 2021 Airlangga menyebut Golkar sudah mengirim tim pertama di Sulawesi Barat dan Sulawesi Selatan Mereka sudah membuka posko dan menyediakan makanan untuk korban bencana Partai Golkar juga sudah mengirimkan tim pertama Jadi Golkar khusus yang di Sulbar dan Sulsel sudah membuka posko menyediakan makanan lebih dari 1 000 orang kata Airlangga Untuk pengiriman bantuan hari ini Golkar sudah menyiapkan bantuan untum Kalsel antara lain 4 ton beras 500 kilogram gula pasir minyak goreng sebanyak 500 kilogram telur 2 000 butir mie instan 500 kardus dan sarden 500 kaleng Untuk Sulbar antara lain tikar 200 terpal 200 selimut dan popok anak dan dewasa 150 dan tentu bahan makanan Selain bahan pangan Airlangga menyebut Golkar juga mengirimkan 2 mobil penjernih air ke Sulbar selama 5 hari Mobil penjernih air ini diperuntukkan untuk korban yang kesusahan mendapatkan air bersih Di sini dikirim mobil ammdes Alat Mekanis Multiguna Pedesaan bahwa kami mendengar di sana membutuhkan air Kami kirim 2 mobil penjernih air jadi dalam waktu lima hari ujar Airlangga,0.9770396094686119,1.0,0.0,0.0,0.5,0.0,0.0,1.0,0.0,0.5,1.0,0.0,0.2,0.0,1.0,0.0,0.0,0.0,0.6466666666666667,1.6466666666666667,0.3533333333333333,1.2933333333333334,0.0,0.0,0.0,0.01834862385321101,0.9285714285714286,0.09774436090225563,0.9116368906138432
8756,PMI Surabaya Terima 1 200 Kantong Plasma Konvalesen Hingga Saat Ini,Pendonor darah plasma konvalesen di UTD PMI Surabaya hingga saat ini sudah ada 1 200 orang Per orang yang mendonor plasma konvalesen bisa sebanyak tiga kantong Kabag Pelayanan dan Humas PMI Surabaya dr Martono Adi mengatakan jumlah plasma konvalesen saat ini sudah mencapai sekitar 3 600 kantong Per harinya terdapat sekitar 25 orang yang mendonor dengan menghasilkan 75 kantong Itu artinya satu orang bisa mengeluarkan plasma konvalesennya sebanyak 3 orang Sudah ada penerima konvalesen Banyak malahan Justru mereka antre Mungkin kisaran yang minta sekitar 100 an dalam satu hari kata Martono Minggu 24 1 2021 Menurut Martono plasma konvalesen ini cukup bagus untuk pasien COVID 19 yang tengah dirawat di RS Pada bulan Maret lalu terdapat lima pasien yang diteliti mereka diberikan plasma konvalesen Ternyata berhasil Terbukti bahwa permintaan plasma konvalesen ini kan banyak Artinya banyak yg berhasil Artinya semacam upaya untuk penyembuhan Plasma Konvalesen ini untuk terapi kalau vaksin kan untuk pencegahan jelasnya Martono mengimbau bagi penyintas COVID 19 agar bersedia mendonorkan plasma konvalesennya Sebab dengan begitu akan membantu pasien Corona yang tengah dalam perawatan Jangan takut karena COVID 19 tidak menular melalui donor darah ujarnya Perlu diketahui terapi plasma konvalesen merupakan salah satu upaya yang dilakukan dengan cara memberikan plasma dari penyintas COVID 19 kepada pasien dalam perawatan Ada beberapa syarat guna menjadi pendonor plasma darah konvalesen Yakni pernah terkonfirmasi positif COVID 19 sembuh dari COVID 19 dan swab negatif dua kali berturut turut bebas keluhan minimal 14 sampai 28 hari mempunyai kadar antibodi yang cukup donor diutamakan laki laki serta umur 17 sampai 60 tahun,0.9761891866557075,1.0,0.0,0.0,0.5,0.0,0.0,1.0,0.0,0.5,1.0,0.0,0.2,0.0,1.0,0.0,0.0,0.0,1.0,2.0,0.0,2.0,0.0,0.0,1.0,0.02100840336134454,0.9090909090909091,0.0641025641025641,0.8913669168715211
10326,Aktivis 98 Menilai Habib Rizieq Tumpul Hadapi Simpatisan Ridwan Kamil,Kalangan Aktivis 98 melihat Gubernur Jawa Barat Jabar Ridwan Kamil tumpul dalam menghadapi massa simpatisan Habib Rizieq Shihab HRS di tengah pandemi COVID 19 Ketidaktegasan gubernur yang juga Ketua Komite Penanganan COVID 19 dan Pemulihan Ekonomi Daerah Provinsi Jabar justru bisa membuat klaster baru dengan membiarkan kerumunan massa Aktivis 98 Abdul Salam Nur Ahmad menilai sedianya pemerintah telah mengampanyekan protokol kesehatan ke masyarakat aturan dan sanksi pun seharusnya bisa diterapkan tanpa pandang bulu demi keselamatan masyarakat Sudah jelas kok aturan protokol kesehatan itu apa saja Bahkan dia sendiri yang mengampanyekan protokol kesehatan ke masyarakat Tapi kenapa kemarin diam seolah olah tak terjadi apa apa ujar Abdul Salam dalam siaran pers yang diterima Selasa 17 11 2020 Sejauh ini ia melihat pemerintah telah melakukan berbagai upaya penanganan virus Corona Anggaran yang telah digelontorkan untuk mengentaskan wabah ini pun tak sedikit Tetapi ikhtiar itu bisa jadi sia sia akibat adanya kerumunan massa yang dibiarkan begitu saja oleh pejabat negara Sebagai kepala daerah harusnya gubernur bisa menggunakan perangkat negara yang ada untuk melarang dan mencegah kerumunan di saat pandemi ini Harusnya berani mencegah terjadinya pelanggaran aturan ujarnya Sementara itu banyak aktivitas ekonomi warga yang dibatasi bahkan ditutup untuk mencegah penyebaran COVID 19 Apalagi di awal awal ketika toko toko ditutup Lalu hingga sekarang ada penerapan sanksi denda kepada warga biasa yang melanggar protokol kesehatan Tapi kenapa kejadian kemarin dibiarkan ucapnya Tetapi ketika ada kerumunan di Gadog Megamendung Kabupaten Bogor seolah dibiarkan Tak hanya itu Nur juga melihat seolah tak ada upaya serius dalam mencegah massa dalam jumlah masif berangkat ke Jakarta untuk menjemput Habib Rizieq Padahal ibu kota merupakan episentrum dari wabah Harusnya ada koordinasi jangan sampai warganya datang Saya sangat yakin yang kemarin di Petamburan itu banyak warga Jawa Barat ucapnya Ini cara cara meraih simpati politik yang tidak bisa ditolerir Demi kepentingan elektabilitas tega membiarkan pelanggaran yang bis mengorbankan kesehatan bahkan nyawa masyarakat katanya menambahkan Lebih lanjut dia mengapresiasi langkah Kapolri yang mencopot Kapolda Metro Jaya Irjen Nana S dan Kapolda Jawa Barat Irjen Rudy Sufahriadi terkait kerumunan massa tersebut Ini dinilai tepat sebagai bentuk penegakkan hukum dan penting untuk mengembalikan marwah dan wibawa negara khususnya penegak hukum di mata masyarakat Pencopotan ini sudah tepat sebagai bentuk ketegasan negara dalam menegakkan hukum Siapa pun kalau bersalah harus ditindak katanya,0.9760104913443968,1.0,0.0,0.0,0.5,0.0,0.0,1.0,1.0,1.0,0.5,0.0,0.1,1.0,0.0,0.0,1.0,1.0,1.0,4.0,0.0,4.0,1.0,0.0,1.0,0.008287292817679558,0.9,0.03982300884955752,0.8854815490394509
10516,42 Orang Wisatawan ke Aceh Positif Corona Selama Libur Natal,Satgas Penanganan COVID 19 Jawa Barat melakukan rapid tes antigen acak terhadap wisatawan yang masuk ke Jabar Dari tiga ribu wisatawan yang dites 42 di antaranya positif COVID 19 Saya laporkan ada tiga ribu turis yang dites kemarin diberbagai titik Terdapat positif 42 orang ujar Gubernur Jawa Barat Ridwan Kamil di Makodam III Siliwangi Jalan Aceh Kota Bandung Senin 28 12 2020 Kang Emil sapaannya mengatakan rapid tes antigen ini dilakukan dengan menyasar wisatawan yang masuk ke Jabar Selain di area wisata rapid tes antigen ini juga dilakukan di sejumlah rest area Menurut Emil mereka yang dinyatakan positif langsung dirujuk untuk dilakukan tes PCR sekaligus isolasi mandiri Langsung dirujuk PCR sambil isolasi mandiri kata Emil Menurut Kang Emil total ada 60 ribu stok rapid tes antigen yang dimiliki Jabar Jumlah bertambah seiring adanya bantuan dari BNPB sebanyak 20 ribu Sehingga rapid tes antigen akan terus dilakukan Kami bangga karena telah menggunakan produk dalam negeri yang buatan Unpad Itu andalan kami melengkapi pergeseran dari antibodi menjadi antigen kata dia,0.9759108161814121,1.0,0.0,0.0,0.5,0.0,0.0,1.0,0.0,0.0,1.0,0.0,0.125,1.0,0.0,0.0,1.0,1.0,1.0,4.0,0.0,4.0,1.0,0.0,0.0,0.006493506493506494,0.6,0.056074766355140186,0.623349105805614
6640,Jatim Tertinggi Ini Sebaran 4 490 Kasus Sembuh Corona pada 12 Desember,Pemerintah melaporkan 4 490 pasien sembuh dari virus Corona COVID 19 pada 12 Desember 2020 Provinsi Jawa Barat melaporkan kasus sembuh terbanyak pada hari ini yaitu 1 003 kasus Berdasarkan data yang diterima dari Satuan Tugas Satgas penanganan COVID 19 Sabtu 12 12 2020 dengan tambahan 4 490 ini total pasien sembuh dari COVID 19 di Indonesia menjadi 501 376 kasus Ada dua daerah yang melaporkan tidak ada penambahan kasus sembuh dari Corona Daerah tersebut adalah Kalimantan Utara dan Maluku Utara Sementara itu ada penambahan kasus meninggal dunia sebanyak 142 sehingga totalnya menjadi 18 653 Ada juga temuan 6 388 kasus baru positif Corona pada hari ini Total kasus kumulatif positif Corona di Indonesia sebanyak 611 631 Pemerintah memantau 62 224 kasus suspek hari ini Virus Corona telah menyebar di 34 provinsi dan 510 kabupaten kota Berikut sebaran 4 490 kasus sembuh Corona di RI pada 12 Desember 2020 1 Aceh 142 Sumut 813 Sumbar 1244 Riau 2255 Jambi 636 Sumsel 577 Bengkulu 208 Lampung 1039 Babel 1510 Kepri 12111 Jakarta 92812 Jabar 1 00313 Jateng 37114 DIY 9915 Jatim 52916 Banten 4317 Bali 9518 NTB 2819 NTT 1920 Kalbar 2321 Kalteng 5122 Kalsel 6623 Kaltim 15624 Kaltara 025 Sulut 2626 Sulteng 2727 Sulsel 8228 Sultra 629 Gorontalo 2130 Sulbar 531 Maluku 732 Maluku Utara 033 Papua 3934 Papua Barat 43Tonton video Kasus Corona Indonesia Tambah 6 388 Total Jadi 611 631 Gambas Video 20detik,0.9756126959588726,1.0,0.0,0.0,0.5,0.0,0.0,1.0,0.0,0.5,1.0,0.0,0.4097222222222222,0.5,0.5,0.0,0.0,0.0,1.0,2.0,0.0,2.0,0.0,0.0,1.0,0.03773584905660377,0.9166666666666666,0.07142857142857142,0.8979504503434823
6069,UPDATE 936 132 Kasus Covid 19 di RI Publik Diminta Cermati Klaim Temuan Obat Herbal,Jumlah Kasus Covid 19 di Indonesia masih terus bertambah sejak diumumkan pertama kali pada 2 Maret 2020 Hingga Kamis 6 8 2020 dari data yang dihimpun Satuan Tugas Penanganan Covid 19 pukul 12 00 WIB ada penambahan 1 882 kasus baru positif Covid 19 Penambahan kasus ini menyebabkan total kasus Covid 19 di Indonesia mencapai 118 753 kasus Data ini diperlihatkan Satgas Covid 19 dalam situs Covid19 go id yang di update pada Kamis sore Adapun dari 1 882 kasus baru Covid 19 ini didapatkan setelah pemerintah melakukan pemeriksaan 29 375 spesimen dari 13 423 orang dalam 24 jam terakhir Secara total pemerintah sudah melakukan pemeriksaan 1 633 156 spesimen dari 936 132 orang yang diambil sampelnya Dengan catatan satu orang bisa menjalani pemeriksaan spesimen lebih dari satu kali Dalam data yang sama pasien yang sembuh dari Covid 19 setelah melakukan dua kali pemeriksaan dengan metode polymerase chain reaction terus bertambah Ada penambahan 1 756 pasien Covid 19 yang baru saja sembuh dalam sehari Sehingga total pasien sembuh Covid 19 menjadi 75 645 kasus Sementara itu ada penambahan 69 kasus pasien yang meninggal dunia akibat Covid 19 sehingga total kasus menjadi 5 521 kasus,0.975230631893344,0.5,0.0,0.0,0.5,0.0,0.0,1.0,0.0,0.5,0.5,0.0,0.29166666666666663,0.0,1.0,0.0,0.0,0.0,1.0,1.5,0.0,1.5,0.0,0.0,0.0,0.02247191011235955,0.4666666666666667,0.06666666666666667,0.36168891948717546
3560,Brigjen Prasetijo Klaim Tahu Djoko Tjandra Buron Saat Bertemu di Pontianak,Brigjen Prasetijo Utomo mengakui pernah menemui Joko Soegiarto Tjandra alias Djoko Tjandra di Pontianak Kalimantan Barat Kalbar padahal status Djoko Tjandra buron kala itu Prasetijo mengklaim tidak tahu mengenai status Djoko Tjandra itu Saya dari Jakarta menuju Pontianak Bersama Anita dan Pak Joni ajudan Prasetijo setelah tiba di Bandara Pontianak kita keluar saya kemudian diperkenalkan sama Anita Kolopaking ke Djoko Tjandra kata Prasetijo saat bersaksi dalam sidang di Pengadilan Tipikor Jakarta Jalan Bungur Besar Raya Jakarta Pusat Kamis 10 12 2020 Prasetijo mengatakan awal bertemu dengan Djoko Tjandra itu pada 6 Juni 2020 Dia mengaku saat itu kebetulan ada program kerja juga yang berkaitan dengan monitoring COVID 19 Jaksa lantas bertanya ke Prasetijo terkait status hukum Djoko Tjandra saat itu diketahui sebelum tersandung kasus ini Djoko Tjandra adalah buron kasus korupsi hak tagih cessie Bank Bali Namun Prasetijo mengaku tidak tahu Saksi pimpin seluruh penyidik PNS Indonesia pada Juni ke Kalimantan apakah saksi tahu Djoko Tjandra terdakwa belum menjalankan pidananya tanya jaksa penuntut umum Tidak tahu jawab Prasetijo Prasetijo mengaku tidak tahu status Djoko Tjandra karena dari pernyataan Anita Kolopaking sebagai pengacara Djoko Tjandra mengatakan Djoko Tjandra adalah orang bebas Hakim ketua Muhammad Damis pun ikut menyoroti pengakuan Prasetijo Dia Anita meyakinkan saya bahwa bapak ini Djoko Tjandra adalah non executable kata Prasetijo Mohon saksi jujur kalau merekayasa keterangan akan menimbulkan masalah lagi ke saudara ucap hakim Muhammad Damis Saya jelaskan Pak Djoko keadaan bebas non executable saya yakin karena mau ketemu membahas masalah OJK tuturnya Jaksa kemudian bertanya terkait red notice Djoko Tjandra Namun lagi lagi Prasetijo mengaku tidak tahu Apa saudara tahu bahwa Joko Soegiarto Tjandra pernah menjadi subjek red notice tanya jaksa Nggak tahu ucap Prasetijo Kapan saudara tahu Apa saudara tahu saat ke Pontianak Djoko Tjandra sudah dijatuhi hukuman tanya jaksa lagi dan dijawab tidak Untuk diketahui dalam sidang ketika Djoko Tjandra bersaksi untuk Tommy Sumardi Djoko menceritakan awal mula pertemuannya dengan Brigjen Prasetijo Utomo saat bersaksi di sidang kasus red notice terdakwa Tommy Sumardi Djoko Tjandra mengatakan tiba di Indonesia pada 5 Juni 2020 Dia tiba di Indonesia melalui jalur darat dari Malaysia ke Pontianak Kalimantan Barat Di situlah dia mengaku pertama kali bertemu dengan Brigjen Prasetijo Yang jemput saya Pak Prasetijo Utomo itu pertama kali saya ketemu Saya di surprise di airport tahu tahu ada Anita Kolopaking ada Prasetijo ada staf dan ajudannya ungkap Djoko Tjandra di PN Tipikor Jakarta Jalan Bungur Besar Raya Jakarta Pusat Kamis 26 11 Dalam sidang ini Djoko Tjandra duduk sebagai terdakwa Dia didakwa bersama dengan Tommy Sumardi memberikan suap ke dua jenderal polisi yaitu Irjen Napoleon Bonaparte dan Brigjen Prasetijo Utomo Pemberian suap itu dimaksudkan agar dua jenderal itu mengurus penghapusan red notice serta status buron Djoko Tjandra Tommy diduga memberikan SGD 200 ribu dan USD 270 ribu kepada Irjen Napoleon dan USD 150 ribu kepada Brigjen Prasetijo Jaksa menyebut uang itu berasal dari Djoko Tjandra untuk kepentingan pengurusan red notice Interpol dan penghapusan status Djoko Tjandra dalam daftar pencarian orang DPO,0.9749504678233633,1.0,0.0,0.0,0.5,0.0,0.0,1.0,0.0,0.5,1.0,0.0,0.5,0.5,0.0,0.0,0.0,0.0,0.5,1.5,0.0,1.5,0.0,0.0,1.0,0.012376237623762377,0.9090909090909091,0.045454545454545456,0.9040453550409515
10900,Antisipasi Harga Naik di Libur Nataru Polisi Sidak Pasar Banyuwangi,Satgas Pangan Banyuwangi menggelar monitoring harga dan ketersediaan bahan pokok di sejumlah pasar di Banyuwangi pada libur Natal dan Tahun baru Nataru Sidak pasar itu sekaligus sosialisasi pencegahan penularan COVID 19 Tim Satgas Pangan Banyuwangi yang terdiri dari Kepolisian Dinas Koperasi dan UMKM Dinas Pertanian dan Pangan Dinas Kesehatan dan Satpol PP melakukan sidak ke pasar Banyuwangi Jalan Satsuit Tubun dan Pasar Blambangan di Jalan Basuki Rahmat Banyuwangi Sabtu 26 12 2020 Tim satgas pangan yang dipimpin langsung Kanit Pidana Khusus pidsus Polresta Banyuwangi Ipda Nuramansyah tersebut langsung turun ke pedagang memantau stok dan harga pangan Kita cek ke pasar dan stok pangan masih aman harganya juga akan komoditi yang harganya naik dan turun ungkapnya kepada wartawan Menurut Nurman harga dan stok kebutuhan pokok di pasar Banyuwangi cenderung stabil Komoditas yang naik harga hanya minyak goreng curah cabai rawit dan bawang putih Sementara komoditi yang mengalami turun harga yakni telur dan ketan Nurman menjelaskan harga ketan turun dari harga Rp 12 ribu kg menjadi Rp 11 700 kg Harga telur yang semula pada kisaran harga Rp 26 ribu kg turun menjadi Rp 25 ribu kg Minyak goreng curah justru naik dari harga semula Rp 9 000 liter kini menjadi Rp 14 ribu liter minyak goreng kemasan yang semula Rp 225 ribu naik menjadi Rp 275 ribu per dua liter Komiditi lain yang mengalami kenaikan harga yakni bawang putih yang semula Rp 23 ribu kg naik menjadi Rp 24 ribu kg harga ikan cumi dari harga Rp 50 ribu kg naik menjadi Rp 70 ribu kg Meski demikian harga komoditi masih fluktuatif bahwa kenaikan dan penurunan dari sembako lainya berkisar antara Rp 500 hingga Rp 5 ribu dan harga tersebut masih dianggap wajar Sehingga belum perlu dilakukan operasi pasar Tapi jika sewaktu waktu kenaikan sudah mencapai 20 persen lebih maka pihak dinas akan mengadakan operasi pasar untuk menstabilkan harga jelasnya Dari sidak tersebut lanjut Nurman stok dan ketersedian bahan pangan di wilayah Banyuwangi masih cukup aman untuk libur Natal dan Tahun Baru 2021 Sejauh ini daya beli masyarakat sejauh ini juga cukup baik Yang paling menggembirakan adalah kesadaran pedagang maupun pembeli untuk menerapkan protokol kesehatan ternyata cukup tinggi terang Ipda Nurman Selama pelaksanaan sidak pihaknya juga tak lupa senantiasa mengingatkan kepada seluruh pedagang dan pembeli untuk senantiasa memperhatikan dan mengedepankan protokol kesehatan pencegahan COVID 19,0.9743890446151533,1.0,0.0,0.0,0.5,0.0,0.0,1.0,0.0,0.5,1.0,0.0,0.5,0.5,0.0,0.0,1.0,1.0,0.5,3.5,0.0,3.5,1.0,0.0,1.0,0.0058823529411764705,0.8,0.041666666666666664,0.7942569286726285
7112,Tim Gabungan di Solo Apel Kesiapsiagaan Tangani Bencana Musim Hujan,Tim gabungan di Tuban menggelar apel kesiapsiagaan terpadu Apel digelar untuk menghadapi musim hujan serta ancaman bencana hidrometeorologi Kapolres Tuban AKBP Ruruh Wicaksono mengatakan Tuban merupakan salah satu wilayah di Jawa timur yang memiliki lautan dan aliran Sungai Bengawan solo Sehingga Bumi Wali memiliki risiko bencana tinggi Kecamatan yang menjadi lintasan Bengawan Solo yakni Soko Rengel Plumpang dan Widang Di empat wilayah ini ada potensi bencana banjir baik yang diakibatkan intensitas hujan maupun luapan air dari hulu Ada empat wilayah kecamatan yang berpotensi banjir saat musim hujan karena dekat dengan bantaran Bengawan Solo jelas Kapolres Ruruh Senin 16 11 2020 Selain potensi banjir karena luapan Bengawan solo potensi bencana hidrometeorologi lainnya yakni banjir bandang angin puting beliung cuaca ekstrem dan tanah longsor Gelombang tinggi juga menjadi ancaman di wilayah Tuban Apel ini sebagai bentuk kesiapsiagaan dalam rangka mengantisipasi terjadinya bencana alam serta penanggulangannya khususnya di masa pandemi COVID 19 imbuhnya Apel kesiapsiagaan digelar di lapangan Polres Tuban dan dipimpin langsung oleh AKBP Ruruh Serta dihadiri oleh Forkopimda Para PJU dan melibatkan ratusan personel gabungan dari polisi TNI Satpol PP BPBD Damkar dan Dishub,0.9742594498022901,1.0,0.0,0.0,0.5,0.0,0.0,1.0,0.0,0.5,0.5,0.0,0.5,0.5,0.0,0.0,1.0,1.0,0.5,3.5,0.0,3.5,1.0,0.0,0.0,0.022598870056497175,0.9,0.07627118644067797,0.8626995276427526
918,Lomba TikTok di Kafe Ini Dibubarkan Gegara Patuh Protokol COVID 19,Lomba TikTok di food court area Hilal point Kota Parepare Sulawesi Selatan dibubarkan paksa oleh aparat pemerintah daerah Lomba itu mengabaikan protokol kesehatan pencegahan COVID 19 Lomba itu melibatkan anak anak Bahkan beberapa pengunjung tidak mengenakan masker dan menjaga jarak sesuai dengan anjuran Peraturan Wali Kota Perwali Parepare Nomor 31 2020 tentang protokoler kesehatan Berdasarkan laporan masyarakat kami langsung menuju lokasi dan menemukan tidak ada jarak antara pengunjung Bahkan beberapa di antaranya tidak mengenakan masker jelas Camat Ujung Kota Parepare Ulfa Lanto Jumat 20 11 2020 malam Ulfa juga mengungkapkan lomba TikTok itu tidak memiliki rekomendasi dari pemerintah setempat sehingga pihaknya langsung membubarkan kegiatan tersebut Kegiatan ini ternyata tidak memiliki rekomendasi Jadi ini kegiatan memang tidak ada izin Makanya kami langsung antisipasi dan bubarkan tegas Ulfa Ulfa pun mengaku akan meneruskan pelanggaran tersebut ke tim Gugus Tugas COVID 19 tingkat kota Foto foto pelanggarannya ada di tangan saya dan akan kami teruskan ke tim Gugus kata dia Selanjutnya pengakuan pemilik kafe,0.9736331068465129,1.0,0.0,0.0,0.5,0.0,0.0,1.0,0.0,0.5,0.5,0.0,0.2222222222222222,1.0,0.0,0.0,0.0,0.0,1.0,2.0,0.0,2.0,0.0,1.0,1.0,0.01948051948051948,0.8181818181818182,0.08333333333333333,0.712364284952981
10915,Dokter Pribadi Paus Benediktus Meninggal karena Infeksi Covid,Dokter pribadi Paus Fransiskus Fabrizio Soccorsi dikabarkan meninggal dunia akibat infeksi virus corona dan komplikasi penyakit yang diidapnya Surat kabar Vatikan L Ozzervatore Romano mengumumkan pada Sabtu 9 1 jika Soccorsi meninggal dunia dalam usia 78 tahun Mengutip CNN Soccorsi sempat mendapat perawatan di rumah sakit di Roma Italia pada 26 Desember karena penyakit onkologis Paus Fransiskus memilih Soccorsi sebagai dokter pribadinya pada 2015 lalu Tidak diketahui persis kapan Soccorsi melakukan kontak langsung dengan Paus Dalam sebuah wawancara dengan saluran media Italia Canale 5 Paus mengatakan jika Vatikan akan memulai program vaksinasi pekan depan Ia akan menjadi salah satu orang pertama yang akan mendapat dosis pertama vaksin corona Ada penyangkalan bunuh diri yang tidak bisa saya jelaskan tapi untuk saat ini kami harus divaksinasi kata Paus Fransiskus Dalam kesempatan tersebut Paus mendesak orang orang untuk mendapatkan vaksinasi demi menyelamatkan lebih banyak nyawa Pada Desember lalu Vatikan mengeluarkan pernyataan jika vaksinasi Covid 19 dapat diterima secara moral setelah beberapa kelompok anti aborsi menyerukan keprihatinan tentang proses produksi vaksin Beberapa kelompok anti aborsi menyarankan agar vaksin corona dibuat menggunakan sel jaringan janin yang diaborsi dengan direkayasa dan dikembangkan lebih lanjut Secara moral dapat diterima untuk dilakukan vaksin corona yang telah menggunakan jalur sel dari janin yang diaborsi melalui tahap proses penelitian dan produksi kata Kongregasi untuk Doktrik Iman Vatikan dalam sebuah catatan yang disetujui oleh Paus Dalam pesan Natal yang disampaikan baru baru ini Paus menyisipkan pesan tentang ketersediaan vaksin corona untuk semua pihak dan memohon agar negara negara bekerja sama bahu membahu mengakhiri pandemi Covid 19,0.9736001922391262,1.0,0.0,0.0,0.5,0.0,0.0,1.0,0.0,0.5,0.5,0.0,0.5,0.5,0.0,0.0,0.0,0.0,0.5,1.5,0.0,1.5,0.0,0.0,1.0,0.00823045267489712,0.875,0.042682926829268296,0.7386032186595733
4242,Pupuk Indonesia Dorong Distributor Tebus Pupuk Bersubsidi,Petrokimia Gresik anggota holding Pupuk Indonesia mendorong seluruh distributor pupuk bersubsidi di daerah untuk segera melakukan penebusan pupuk bersubsidi Penebusan dimaksudkan agar pupuk bersubsidi dapat segera didistribusikan kepada petani melalui kios kios resmi yang tersebar di penjuru daerah Direktur Operasi dan Produksi Petrokimia Gresik Digna Jatiningsih menjelaskan pupuk bersubsidi akan selalu tersedia di seluruh Gudang Penyangga lini II Oleh karena itu distributor diminta untuk menyediakan stok pupuk bersubsidi di gudang distributor lini III sesuai ketentuan pemerintah Kami meminta distributor untuk menyediakan stok pupuk bersubsidi di gudang distributor untuk alokasi minimal dua minggu ke depan agar dapat didistribusikan kepada petani melalui kios kios resmi atau lini IV ujar Digna dalam keterangan tertulis Rabu 20 1 2021 Saat menghadiri Gathering Distributor Utama Petrokimia Gresik di Lombok Barat NTB Senin 18 1 Digna menjelaskan kegiatan tersebut adalah salah satu bentuk koordinasi perusahaan dalam rangka kesiapan musim tanam Sebelumnya sebanyak 661 distributor Petrokimia Gresik juga telah menandatangani pakta integritas sebagai bentuk komitmen anti korupsi dan gratifikasi dalam penyaluran pupuk bersubsidi Lebih lanjut Digna menyatakan penyaluran pupuk bersubsidi tahun ini bakal semakin menantang karena dampak wabah COVID 19 masih akan terasa Selain itu pemerintah melalui Peraturan Menteri Pertanian Permentan Nomor 49 Tahun 2020 menugaskan holding Pupuk Indonesia menambah alokasi pupuk bersubsidi dari 8 9 juta ton 2020 menjadi 9 04 juta ton 2021 plus pupuk organik cair sebanyak 1 5 juta liter Untuk teknis penyaluran pupuk bersubsidi kios resmi akan berpedoman pada Surat Keputusan SK Dinas Pertanian setempat Oleh karena itu distributor diminta untuk memastikan agar kios kios resmi menyalurkan pupuk bersubsidi sesuai dengan SK tersebut baik dari segi jenis maupun jumlah Selain itu Petrokimia Gresik juga mengajak masyarakat bersama Komisi Pengawasan Pupuk dan Pestisida KP3 untuk turut mengawasi penyaluran pupuk bersubsidi Jika ada penyelewengan masyarakat dapat melaporkannya kepada aparat atau pihak berwajib Karena hal tersebut adalah perbuatan melawan hukum dan dapat diancam pidana Jika ada diantara distributor kami yang terbukti melakukan penyelewengan maka kami tidak akan segan untuk memberhentikan kerjasama distribusi tegas Digna Apresiasi Kinerja DistributorLebih lanjut Petrokimia Gresik mengapresiasi kepada distributor dengan penebusan pupuk non subsidi retail NPK Phonska Plus tertinggi sepanjang tahun 2020 Berkat dukungan dari para distributor Petrokimia Gresik berhasil menjual pupuk NPK Phonska Plus lebih dari 100 000 ton pada tahun 2020 Digna mengajak para distributor pupuk lainnya meningkatkan penebusan pupuk NPK Phonska Plus Itu merupakan strategi perusahaan dalam menjaga ketahanan pangan nasional dengan mengurangi ketergantungan petani terhadap ketersediaan pupuk bersubsidi yang alokasinya terbatas Sebagaimana diketahui kebutuhan petani menurut usulan Elektronik Rencana Definitif Kebutuhan Kelompok E RDKK mencapai 23 juta ton Sementara alokasi pupuk bersubsidi yang disediakan pemerintah hanya 9 04 juta ton dan 1 5 juta liter pupuk organik cair Gap antara alokasi dan kebutuhan inilah yang akan kita dukung melalui pupuk komersil seperti NPK Phonska Plus Jadi petani tidak perlu khawatir pungka Digna,0.9733506991041458,1.0,0.0,0.0,0.5,0.0,0.0,1.0,0.0,0.5,1.0,0.0,0.5,0.5,0.0,0.0,0.0,0.0,0.5,1.5,0.0,1.5,0.0,0.0,1.0,0.005115089514066497,0.6666666666666666,0.016194331983805668,0.777320933699336
6902,Tembus Rekor Harian 4 850 Kasus Jawa Barat Terbanyak,Penambahan harian kasus positif covid 19 menembus rekor tertinggi 4 850 per Kamis 8 10 Jumlah kumulatif kasus positif menjadi berjumlah 320 564 kasus Tambahan kasus harian ini berbeda tipis dengan catatan rekor sebelumnya pada 25 September lalu yakni 4 823 kasus Tiga daerah dengan sebaran kasus terbanyak yakni DKI Jakarta dengan 1 182 kasus Jawa Barat 597 kasus dan Jawa Tengah 348 kasus Kemudian secara berurutan disusul Jawa Timur dengan 347 kasus baru Riau 244 kasus Kalimantan Timur 238 kasus Sulawesi Selatan 213 kasus Papua Barat 210 kasus dan Sumatera Barat 201 kasus Sementara daerah dengan tambahan kasus di angka 100 yakni Aceh 169 kasus Banten 122 kasus Bali 107 kasus dan Sulawesi Tenggara 100 kasus baru Provinsi lainnya mencatat tambahan kasus baru di bawah 100 Lima daerah dengan tambahan kasus di bawah 10 yakni Bangka Belitung 2 kasus baru Maluku Utara 5 kasus baru Kalimantan Utara dan Sulawesi Barat masing masing mencatat 6 kasus baru dan Gorontalo 9 kasus baru Secara kumulatif kasus positif terbanyak berada di DKI Jakarta yakni 83 372 kasus disusul Jawa Timur 46 095 Jawa Barat 26 259 Jawa Tengah 25 26 Sulawesi Selatan 16 298 Akumulasi kasus sembuh terbanyak dicatat DKI Jakarta 26 280 kasus Jawa Timur 39 607 kasus Jawa Tengah 17 887 kasus Jawa Barat 15 966 dan Sulawesi Selatan 13 581 kasus Sementara catatan kasus meninggal terbanyak ada di Jawa Timur dengan 3 374 kematian DKI Jakarta 1 834 Jawa Tengah 1 472 Jawa Barat 527 dan Sumatera Utara 459 kasus Data nasional mencatat jumlah kasus positif per 8 Oktober 2020 sebanyak 320 564 kasus dengan kasus sembuh 244 060 kasus dan kematian 11 580 kasus,0.9728000974442093,1.0,0.0,0.0,1.0,0.0,0.0,1.0,0.0,0.5,0.5,0.0,0.4,0.0,1.0,0.0,1.0,1.0,1.0,4.0,0.0,4.0,1.0,0.0,0.0,0.012875536480686695,0.8888888888888888,0.06153846153846154,0.8346153813397477
3409,105 Calon Penumpang Daftar Rapid Test Antigen di Stasiun Senen Per 08 30 WIB,Seluruh calon penumpang kereta api KA jarak jauh diwajibkan untuk melakukan rapid test antigen COVID 19 sebelum menempuh perjalanan Untuk itu pelayanan rapid test antigen sudah mulai dilakukan sejak kemarin di beberapa stasiun termasuk Stasiun Senen Hari ini ada di Stasiun Senen antreannya sudah 564 yang mendaftar rapid antigen itu terakhir pukul 08 30 WIB ujar VP Public Relation PT KAI Joni Martinus saat ditemui di Stasiun Pasar Senen Jakarta Pusat Senin 22 12 2020 Antrean untuk melakukan rapid test antigen di Stasiun Senen sudah dibuka sejak pukul 07 00 WIB Untuk melakukan rapid test antigen setiap calon penumpang dikenakan biaya Rp 105 ribu Untuk melakukan rapid test antigen di Stasiun Pasar Senen calon penumpang diwajibkan untuk mendaftar terlebih dahulu di loket yang sudah disediakan Jadi mereka ini didaftar dulu terus beli alatnya untuk test Rp 105 ribu Lalu setelah itu mereka langsung bayar di tempat terang Joni Joni menjelaskan calon penumpang akan diberikan satu kit alat test rapid antigen setelah membayar Kemudian calon penumpang akan mendatangi tim pemeriksa untuk dilakukan pemeriksaan Calon penumpang harus menunggu sekitar 20 menit untuk mengetahui hasil rapid test antigen Setelah hasilnya keluar calon penumpang akan mendapatkan surat keterangan dari tim pemeriksa Lalu bagaimana jika hasil rapid test antigen nya reaktif COVID 19 Simak di halaman berikutnya,0.9727823677101338,1.0,0.0,0.0,0.5,0.0,0.0,1.0,0.0,0.5,0.5,0.0,0.25,0.0,1.0,0.0,0.0,0.0,0.7619047619047619,1.7619047619047619,0.23809523809523814,1.5238095238095237,0.0,0.0,0.0,0.04597701149425287,0.8571428571428571,0.10084033613445378,0.8640201929772832
1351,165 Positif Corona Tambahan Kasus Jateng Tertinggi Hari Ini,Jawa Tengah Jateng mencatat pertambahan kasus positif virus corona Covid 19 sebanyak 261 orang per Rabu 15 7 Lonjakan kasus tersebut menjadikan Jateng sebagai provinsi penyumbang kasus terbanyak hari ini Jawa tengah melaporkan kasus baru sebanyak 261 orang namun juga melaporkan kasus sembuh sebanyak 120 orang kata Juru Bicara Pemerintah untuk Penanganan Covid 19 Achmad Yurianto dalam jumpa pers di Graha BNPB Rabu 15 7 Yuri menyebut selain Jateng kasus positif virus corona juga disumbangkan dari provinsi lain Seperti DKI Jakarta dengan 260 orang Jawa Timur 165 orang Sulawasi Selatan 158 orang dan Kalimantan Selatan 109 orang Kemudian Sumatera Utara dengan 99 orang Jawa Barat 75 orang Bali 63 orang dan Papua 60 orang Sementara sejumlah daerah lain menyumbang kasus baru di bawah 50 orang Untuk kasus sembuh Jawa Timur mencatat tambahan pasien sembuh terbanyak dengan 521 orang Disusul DKI Jakarta dengan 193 orang Jawa Barat 140 orang Jawa Tengah 120 orang dan Sulawesi Selatan 113 orang Kemarin Jawa Timur yang mencatat lonjakan kasus tertinggi Dari beberapa hari belakangan Jatim kerap menjadi provinsi yang menyumbang kasus positif corona terbanyak Hari ini total tambahan kasus positif virus corona sebanyak 1 522 orang Dengan demikian total kasus positif Covid 19 di Indonesia mencapai 80 094 orang Sementara itu pasien sembuh bertambah 1 414 orang sehingga total menjadi 39 050 orang Sedangkan pasien positif yang meninggal dunia bertambah 87 orang sehingga total menjadi 3 797 orang,0.9720298522755879,1.0,0.0,0.0,0.5,0.0,0.0,1.0,0.0,0.0,1.0,0.0,0.25,0.0,1.0,0.0,1.0,1.0,1.0,4.0,0.0,4.0,1.0,0.0,0.0,0.015151515151515152,1.0,0.07627118644067797,1.0
7452,Positif COVID 19 Ketua KPU Jakarta Meninggal Dunia,Ketua Komisi Pemilihan Umum Sumatera Selatan KPU Sumsel Kelly Mariana meninggal dunia Kelly dikabarkan meninggal dalam kondisi terkonfirmasi positif COVID 19 Iya pagi tadi meninggal terpapar COVID 19 mohon doanya kata anggota KPU Sumsel Bidang Sosdiklih Parmas dan SDM Amrah Sulaiman dilansir Antara Minggu 17 1 2021 Menurutnya Kelly Mariana akan dimakamkan dengan protokol COVID 19 Jadi rekan rekannya tidak dapat mengantar jenazah ke TPU Kebun Bunga Palembang Kelly yang merangkap divisi keuangan umum logistik dan rumah tangga tersebut diketahui meninggal dunia di Rumah Sakit Charitas Palembang pukul 06 00 WIB Sementara suaminya juga dikabarkan masih menjalani isolasi Sebelumnya Kelly Mariana mengaku terkonfirmasi positif COVID 19 pada 13 Januari 2021 dan menunjuk Amran Muslimin sebagai pelaksana harian Ketua KPU Kelly lantas menjalani isolasi di RS Charitas Palembang karena mengalami gejala sakit Kelly juga diketahui berapa kali berkegiatan di Jakarta sebelum terkonfirmasi positif Kelly Mariana lahir di Palembang 5 September 1967 Ia pernah mengenyam pendidikan St Jhons Collage Whyalla South Australia 1988 dan Fisipol Universitas Sriwijaya 1992 Kelly meninggalkan empat orang anak Sebelum menjadi Ketua KPU Sumsel periode 2018 2023 Kelly pernah menjabat sebagai komisioner KPU Sumsel periode 2009 2013 Selain itu ia pernah menjadi konsultan Kepemiluan BRIDGE untuk KPU Australia AEC 2014 2015 konsultan Kepemiluan BRIDGE untuk KPU 2015 2018 dan tercatat sebagai anggota Internasional Electrion Expect Forum sejak 2011 serta anggota AFS Internasional sejak 1989,0.9719391495546843,1.0,0.0,0.0,0.5,0.0,0.0,1.0,0.0,0.5,0.5,0.0,0.2727272727272727,1.0,0.0,0.0,1.0,1.0,1.0,4.0,0.0,4.0,1.0,0.0,1.0,0.019417475728155338,1.0,0.05333333333333334,1.0
9778,KBRI Doha Bebaskan Denda dan Pulangkan 140 WNI Overstay ke RI,KBRI Riyadh membebaskan denda dan memulangkan sebanyak 140 WNI overstay Mayoritas dari WNI tersebut pernah merasakan dinginnya ruang tahanan di Arab Saudi Ke 140 WNI tersebut diterbangkan dengan Saudia Airlines SV816 pada Rabu 18 11 malam Mereka sudah tiba di Tanah Air pada Kamis 19 11 siang Garda depan Tim Pelindungan KBRI Riyadh tak kenal lelah mendampingi penyelesaian kasus mereka hingga mereka bisa dipulangkan ke Tanah Air kata Duta Besar RI untuk Arab Saudi Agus Maftuh Abegebriel dalam keterangannya Sabtu 21 11 2020 Maftuh mengatakan rata rata ke 140 WNI tersebut menyandang status sebagai orang kabur ilegal atau overstay Karenanya mereka harus membayar denda SAR 30 000 per orang jika ingin kembali ke Indonesia Dengan status kaburan ilegal atau overstay mereka pun diancam denda SAR 30 000 per orang agar bisa kembali ke Tanah Air kata Maftuh Mereka ke Arab Saudi kan untuk mencari nafkah masak mau pulang malah harus membayar lanjutnya Menurut Maftuh KBRI Riyadh membebaskan denda ke 140 WNI yang dipulangkan itu Ia juga mengucapkan terima kasih kepada pemerintah Arab Saudi yang sudah mau membebaskan denda overstay senilai Rp 15 5 miliar Jika dihitung ini kita bisa berhemat hingga Rp 15 5 miliar Kita perlu berterima kasih kepada Pemerintah Arab Saudi yang dengan kebijaksanaannya mau membebaskan denda kepada saudara saudara kita yang kurang beruntung itu tambah Maftuh Selain itu ada juga 23 WNI yang dipulangkan dari shelter penampungan KBRI Riyadh Mayoritas dari mereka kabur dari majikan karena tidak tahan dengan pekerjaan yang dirasa berat serta bosan setelah sekian lama bekerja ilegal Simak juga video Cerita Habib Rizieq soal Overstay dan Pemeriksaan oleh Intel Saudi Gambas Video 20detik,0.9716088832739858,1.0,0.0,0.0,0.5,0.0,0.0,1.0,0.0,0.5,0.5,0.0,0.5714285714285714,1.0,0.0,0.0,1.0,1.0,1.0,4.0,0.0,4.0,1.0,0.0,1.0,0.012875536480686695,0.7272727272727273,0.05228758169934641,0.5797926162615045
4458,PB HMI Serahkan Bantuan untuk Korban Banjir di Tapan Pesisir Selatan,Kabareskrim Komjen Listyo Sigit Prabowo menyerahkan bantuan untuk korban banjir di wilayah Tapan Pesisir Selatan Dia berharap bantuan tersebut bisa meringankan beban masyarakat yang terdampak banjir Bantuan yang diberikan berupa 1 000 paket sembako Bantuan ini disalurkan melalui Badan Koordinasi Nasional Lembaga Ekonomi Mahasiswa Islam Pengurus Besar Himpunan Mahasiswa Islam Bakornas LEMI PB HMI dan Bakornas Lembaga Pariwisata dan Pecinta Alam LEPPAMI PB HMI Alhamdulillah kami bisa sampai di tanah Minang untuk menyalurkan bantuan yang diberikan oleh Kabareskrim Mabes Polri Komjen Listyo Sigit Prabowo untuk korban banjir di Tapan Pesisir Selatan kata Direktur Administrasi Bakornas LEPPAMI PB HMI Rizki dalam keterangan tertulis Senin 7 12 2020 Menurutnya Ada tiga nagari yang terdampak banjir bandang yang diakibatkan oleh intensitas curah hujan yang tinggi yakni nagari Kampung Tengah Simpang Gunung dan Binjai Sementara itu Direktur Eksekutif Bakornas LEMI PB HMI Arven Marta berterima kasih kepada Komjen Listyo Sigit yang telah berkenan membantu korban banjir di wilayah Pesisir Selatan Ini membuktikan jika pak Sigit Kabareskrim adalah sosok polisi yang memiliki jiwa sosial yang tinggi ujar Arven Salah seorang warga yang terdampak banjir Milen mengatakan bantuan yang diberikan oleh Kabareskrim yang disalurkan melalui HMI sangat membantu bagi keberlangsungan hidup keluarganya Apalagi bencana banjir ini terjadi di tengah pandemi COVID 19 Terima kasih banyak saya ucapkan kepada seluruh pihak yang telah membantu kami warga yang terkena banjir Bantuan ini sangat bermanfaat bagi kami katanya Dalam proses penyaluran bantuan ini dihadiri oleh Bakornas LEMI PB HMI Bakornas LEPPAMI PB HMI dan HMI Cabang Pesisir Selatan,0.9707475039186434,1.0,0.0,0.0,1.0,0.0,0.3333333333333333,0.6666666666666666,0.0,0.5,0.5,0.0,0.5,0.5,0.0,0.0,0.0,0.0,0.5,1.5,0.0,1.5,0.0,0.0,0.0,0.0392156862745098,0.9090909090909091,0.07246376811594203,0.8792130520479089
4387,16 Ribu Orang Teken Petisi Tolak Ganjil Genap Motor Anies,Ketua Fraksi NasDem DPRD DKI Jakarta Wibi Andrino mengatakan kebijakan ganjil genap sepeda motor yang bakal diterapkan Gubernur DKI Jakarta Anies Baswedan hanya mempersulit masyarakat yang bekerja saat pandemi virus corona Covid 19 Ganjil genap motor hanya akan membuat masyarakat semakin sulit mencari nafkah ditambah semakin tinggi tingkat penularan Covid 19 di klaster transportasi umum kata Wibi kepada CNNIndonesia com Jumat 4 9 Wibi menyebut banyak masyarakat yang masih bekerja untuk menghidupi keluarga di tengah pandemi Menurutnya tak sedikit warga yang biasa memakai transportasi umum beralih ke transportasi pribadi untuk mengurangi resiko penularan Covid 19 Politikus NasDem itu menyatakan kebijakan ganjil genap DKI ini tak sejalan dengan rencana pemerintah menekan penularan virus corona Ia pun meminta kebijakan yang telah tertuang dalam aturan resmi namun belum diterapkan untuk dievaluasi Harus dievaluasi Kebijakan ganjil genap hanya akan menimbulkan masalah baru di tengah kasus Covid 19 yang terus meningkat ujarnya Gubernur DKI Jakarta Anies Baswedan ingin menerapkan aturan ganjil genap untuk sepeda motor Aturan tersebut tercantum dalam Peraturan Gubernur Nomor 80 Tahun 2020 tentang Pelaksanaan Pembatasan Sosial Berskala Besar Pada Masa Transisi Menuju Masyarakat Sehat Aman dan Produktif Kepala Dinas Perhubungan DKI Syafrin Liputo mengatakan penerapan ganjil genap untuk sepeda motor belum akan dilakukan sampai nanti dikeluarkan Keputusan Gubernur DKI Jakarta Rencana Anies tersebut mendapat penolakan dari masyarakat Sebanyak 16 ribu orang telah meneken petisi menolak pemberlakuan ganjil genap Melalui laman change org seorang warganet bernama Freddy Sinurat memulai petisi Tolak Pemberlakuan Ganjil Genap Prematur Dalaman itu Freddy bercerita bahwa dirinya adalah seorang pengguna kendaraan umum Karena penyebaran tersebut banyak jalanan padat karena semua menggunakan kendaraan pribadi Namun kata Freddy hal itu jauh lebih baik ketimbang harus berdesakan di kendaraan umum Lebih baik warga antri dalam kendaraan pribadi daripada berdesakan dalam kendaraan atau angkutan umum Lebih baik warga terlambat tiba di rumah karena kepadatan lalu lintas daripada berdesakan di terminal stasiun halte dan di kendaraan atau angkutan umum jelas dia,0.97048093034366,0.5,0.0,0.0,0.5,0.0,0.0,1.0,0.0,0.5,0.5,0.0,0.8,1.0,0.0,0.0,1.0,1.0,1.0,3.5,0.0,3.5,1.0,0.0,1.0,0.018050541516245487,0.9,0.047872340425531915,0.8365575085532385
7832,KPU Paksa Pasien Covid Gunakan Hak Pilih di Pilkada,Komisioner Komisi Pemilihan Umum KPU I Dewa Kade Wiarsa Raka Sandi mengatakan pihaknya tidak memaksa pasien covid 19 harus menggunakan hak pilihnya dalam Pilkada Serentak 2020 Jadi prinsip harus diutamakan tapi tidak dipaksakan Ini soal hak Gimana kalau ada pemilih pasien covid 19 misalnya keadaan kritis menyatakan saya tidak bisa gunakan hak pilih tentu kami tidak bisa memaksa kata Dewa dikutip dari Youtube Badan Nasional Penanggulangan Bencana Jumat 4 12 KPU sambung dia memiliki tugas untuk menjaga dan melindungi hak pilih setiap warga negara Dalam hal ini termasuk pasien yang tengah diisolasi karena positif corona Kalau terbukti KPU dengan sengaja menghilangkan hak pilih juga ada konsekuensi hukum Kami harap mari bersama sama berupaya menegakkan demokrasi hak pilih warga negara tuturnya Dewa menjelaskan nantinya petugas Kelompok Penyelenggara Pemungutan Suara KPPS akan mendatangi tempat isolasi pasien dengan didampingi saksi dan pengawas Menurut Peraturan KPU PKPU Nomor 6 Tahun 2020 petugas yang mendatangi pasien corona akan diwajibkan menggunakan alat pelindung diri APD lengkap Perkara APD Dewa mengharapkan seluruh logistik dapat diterima semua Tempat Pemungutan Suara TPS setidaknya sehari sebelum pemilihan suara yang jatuh pada 9 Desember nanti Logistik tersebut terdiri dari masker hand sanitizer pengukur suhu sarung tangan alat cuci tangan sampai APD jenis umum Ia mengatakan pihaknya juga berupaya memastikan sumber daya dari pihak KPU sampai KPPS siap melaksanakan tugas di hari pemilihan serta memastikan protokol kesehatan bisa diterapkan Untuk meminimalisasi kerumunan di TPS KPU mengimbau pemilih memilih pada jadwal yang telah ditentukan KPU membagi waktu pemilihan menjadi beberapa gelombang Misalnya Diharapkan hadir jam 7 sampai 9 gimana kalau lewat Tentu hak pilihan tetap dilayani Ini kan imbauan Kalau imbauan tentu kesadaran dan partisipasi jadi penting tambahnya Sanksi RinganPada kesempatan yang sama Komisioner Badan Pengawas Pemilu Bawaslu Ratna Dewi Pettalolo melaporkan hingga kini kampanye tatap muka masih menjadi metode yang diminati pasangan calon Meskipun penerapannya acap kali sarat pelanggaran protokol kesehatan jumlah kampanye tatap muka masih tinggi di kalangan paslon yakni mencapai 91 640 kejadian Dan 2 126 diantaranya kedapatan melanggar protokol kesehatan Mengacu pada PKPU Nomor 13 Tahun 2020 terdapat tiga sanksi untuk paslon yang melanggar protokol kesehatan yakni peringatan tertulis sanksi penghentian kampanye hingga pembubaran dan rekomendasi agar kampanye dihentikan selama tiga hari Ia mengakui sanksi ini terlalu ringan Memang sanksi ini terlalu ringan sebenarnya untuk pelanggaran protokol kesehatan Sanksi pidana bisa diberikan tapi tidak jadi kewenangan penyelenggaraan dalam hal ini Bawaslu Kewenangan itu di kepolisian jelasnya Untuk itu Bawaslu berupaya membentuk kelompok kerja pokja pengawasan dan penanganan pelanggaran protokol kesehatan bersama KPU Dewan Kehormatan Penyelenggara Pemilu DKPP Satuan Tugas Penanganan Covid 19 Polri TNI dan lembaga terkait Jelang hari pemilihan Ratna mengatakan pihaknya akan melakukan patroli ke TPS untuk memastikan protokol kesehatan sudah sesuai dengan aturan termasuk saat di hari pemilihan,0.9704091621241792,1.0,0.0,0.0,0.5,0.0,0.0,1.0,0.0,0.0,0.5,0.0,0.5,0.5,0.0,0.0,0.0,0.0,0.5,1.5,0.0,1.5,0.0,0.0,1.0,0.007142857142857143,0.8888888888888888,0.02962962962962963,0.8304451659012546
4210,Kepala Bea Cukai Jember Meninggal Terpapar COVID 19,Kepala Kantor Bea Cukai Banyuwangi R Evy Suhartantyo meninggal terpapar COVID 19 Ia mengembuskan napas terakhir setelah menjalani perawatan intensif selama 7 hari di rumah sakit Benar Almarhum Kepala Bea Cukai meninggal dunia karena terpapar COVID 19 kata Kepala Dinas Kesehatan Banyuwangi dr Widji Lestariono saat dikonfirmasi detikcom Senin 14 12 2020 Menurut dr Rio sapaan akrabnya Kepala Bea Cukai Banyuwangi terkonfirmasi COVID 19 saat berada di Kabupaten Jember Yang bersangkutan terkonfirmasi COVID 19 saat memeriksakan kesehatannya di Jember Klinik Kemudian sempat dirawat di sana beberapa hari Namun karena keluarganya ada di Banyuwangi ia selanjutnya dirujuk ke salah satu rumah sakit swasta rujukan COVID 19 di Banyuwangi Pengobatan sebenarnya sudah dilakukan secara maksimal Mulai dari obat injeksi actemra hingga pengobatan plasma konvalesen juga sudah diberikan tambahnya,0.97011968277415,1.0,0.0,0.0,0.5,0.0,0.5,0.5,0.0,1.0,1.0,0.0,0.3333333333333333,1.0,0.0,0.0,0.0,0.0,1.0,2.0,0.0,2.0,0.0,1.0,0.0,0.043859649122807015,1.0,0.09090909090909091,1.0
3515,Kata Bupati Pati Soal Viral Foto Ganjar Tak Bermasker di Acara Pernikahan,Foto Bupati Pati Haryanto tanpa masker saat menghadiri acara pernikahan viral di media sosial Gubernur Jawa Tengah Ganjar Pranowo angkat bicara Ganjar mengaku sudah mendapatkan klarifikasi yang menyebutkan masker Bupati Pati dilepas hanya saat sesi foto dengan pengantin Yang saya terima yang berita Bupati Pati tidak pakai masker tadi sudah diklarifikasi karena mantennya minta itu dibuka karena mau difoto Yang gini gini ini jangan dilayani lagi kata Ganjar di kantornya Senin 18 1 2021 Saya hanya mengingatkan kita jangan sampai lupa begitu ada kerumunan masker ini tidak dilepas mau foto mau nggak nggak boleh imbuhnya Ganjar juga menceritakan beberapa kali ia terpaksa menolak ajakan foto yang terlalu dekat hingga ada yang mengajak bicara dengan membuka masker Hal hal itu menurut Ganjar bisa jadi edukasi soal protokol kesehatan COVID 19 Saya kemarin juga masih sempet menanam pohon semua yang ngomong dibuka masker kamu tutup atau enggak usah ngomong Pak foto dekat dekat enggak boleh jaga jarak dulu semua masker dipakai Sebenarnya edukasi edukasi semacam ini penting dilakukan karena kita sendiri juga tidak boleh ceroboh jelasnya Ia juga menyampaikan bagi yang sudah mendapat vaksin pun juga tidak boleh lengah protokol kesehatan Saya sendiri sudah divaksin saja enggan berani gembelengan enggak pakai masker seolah olah sudah sehat Vaksin itu salah satu saja tetap pakai masker Saya minta teman reman aapalagi pejabat publik untuk mengikuti semuanya tegasnya Diberitakan sebelumnya Bupati Pati Haryanto menanggapi fotonya yang viral karena tanpa masker saat menghadiri acara pernikahan Haryanto memberi penjelasan lewat akun Instagram pribadi miliknya haryantoshmmmsi Simak juga video Pasien Covid 19 Nikah Virtual dari RSDC Wisma Atlet Gambas Video 20detik Simak selengkapnya di halaman selanjutnya,0.9699828488766996,1.0,0.0,0.0,0.5,0.0,0.0,1.0,0.0,0.5,1.0,0.0,0.5,0.5,0.0,0.0,1.0,1.0,0.5,3.5,0.0,3.5,1.0,0.0,0.0,0.007662835249042145,0.8333333333333334,0.060240963855421686,0.8130886737447643
11414,Potensi Kerumunan Berjejal Jadi Alasan Buka Masjid Istiqlal,Masjid Istiqlal di Jakarta sudah selesai direnovasi dan diresmikan Presiden Jokowi Tetapi Masjid Istiqlal belum dibuka untuk umum untuk mengantisipasi kerumunan masyarakat di tengah pandemi Corona COVID 19 Kerumunan menjadi salah satu faktor terjadinya penularan virus Corona Pihak Masjid Istiqlal pun juga memiliki pertimbangan belum membuka masjid untuk umum meskipun pemerintah sudah mengizinkan tempat ibadah diisi maksimal 50 persen dari total kapasitas Sampai sekarang ini kita belum buka Pertama karena kita mengikuti protokol kesehatan ya kan Instruksi Mendagri Nomor 1 Tahun 2021 memang ada diktum di situ dimungkinkan rumah ibadah itu dibuka tapi maksimum 50 persen ya kan kata Imam Besar Masjid Istiqlal KH Nasaruddin Umar kepada wartawan di Masjid Istiqlal Jakarta Pusat Jumat 8 1 2021 Diketahui kapasitas Masjid Istiqlal adalah menampung 200 ribu jemaah Jika pun mengizinkan maksimal 100 ribu jemaah dikhawatirkan juga bakal timbul persoalan baru Tapi 50 persen untuk Masjid Istiqlal kapasitas Istiqlal itu 200 ribu orang Lima puluh persen dari 200 ribu itu adalah 100 ribu berkumpul 100 ribu di Masjid Istiqlal nanti kami akan berhadapan dengan persoalan persoalan titik titik tertentu ya kan misalnya pintu keluar bersamaan keluar ya kata Nasaruddin Di samping itu faktor terbatasnya akses tangga turun juga menjadi pertimbangan Akan berpotensi menimbulkan kerumunan jika jemaah berkumpul di satu titik saat keluar Masjid Istiqlal Istiqlal itu kan lantai 2 Ya kan lantai 2 itu membutuhkan tangga turun sedangkan tangga turunnya itu kan hanya terbatas pada pintu pintu tertentu Nah saya bayangkan nanti 50 persen dari total jemaah Masjid Istiqlal turun dari pintu yang bareng ya kan itu pasti akan terjadi kerumunan kata Nasaruddin Untuk itu Nasaruddin mengungkapkan Masjid Istiqlal belum bisa digunakan untuk beribadah meski telah selesai direnovasi Salat Jumat pun saat ini hanya digelar oleh pihak internal Istiqlal Maka itu untuk mencegah segala kemungkinan yang akan terjadi Istiqlal sambil melakukan pembenahan pembenahan teknis karena ini kan baru diresmikan maka itu kami belum membuka secara umum Istiqlal itu dipakai untuk salat Jumat dan berjemaah memang ada Jumatan dilakukan tapi sebatas untuk internal Istiqlal Ini kan masih ada pekerja masih ada karyawan ujar Nasaruddin Lalu kapan Masjid Istiqlal bisa dibuka untuk umum,0.9699142834873986,1.0,0.0,0.0,0.5,0.0,0.0,1.0,0.0,0.5,0.5,0.0,0.5,0.5,0.0,0.0,1.0,-1.0,0.5,2.5,1.0,1.5,1.0,0.0,1.0,0.003257328990228013,0.5,0.023809523809523808,0.48397382191188465
13515,Anies Sebut Ganjil Genap Pasar Efektif Cegah Covid 19,Gubernur DKI Jakarta Anies Baswedan menyebut pembatasan operasional pasar dengan sistem ganjil genap tidak efektif selama penerapan PSBB transisi Dalam pelaksanaannya kata Anies metode ganjil genap tak berhasil mempengaruhi kedatangan pengunjung Kebijakan itu juga bisa disiasati oleh pedagang Praktiknya penjual tetap datang Hari ganjil penjual genap menitip penjual ke yang ganjil kata Anies di Balai Kota DKI Jakarta Rabu 1 7 Atas dasar itu Anies memutuskan meniadakan aturan ganjil genap di pasar Ia lebih memilih melakukan pembatasan jumlah pengunjung Jadi lebih penting kita mengendalikan jumlah orang masuknya daripada kendalikan di dalamnya ucap Anies Jalan yang dicoba kemarin ganjil genap ternyata tidak efektif sekarang kita coba lewat jumlah sambil kita pantau dampaknya imbuh dia Pembatasan jumlah pengunjung pasar akan dilakukan dengan menggandeng TNI dan Polri Anggota TNI Polri serta ASN nantinya bertugas memantau jumlah pengunjung pasar Sebelumnya Anies juga memutuskan memperpanjang Pembatasan Sosial Berskala Besar PSBB transisi di ibu kota hingga 14 hari ke depan PSBB transisi di Jakarta telah berlaku sejak 5 Juni lalu PSBB Transisi di Jakarta diperpanjang 14 hari ke depan dan akan evaluasi lagi sesudah kita dapat perkembangan terbaru ujar Anies,0.9698817115356037,0.5,0.0,0.0,0.5,0.0,0.0,1.0,0.0,0.5,0.5,0.0,0.0,0.0,0.0,0.0,1.0,-1.0,0.736842105263158,2.236842105263158,1.263157894736842,0.9736842105263159,1.0,1.0,1.0,0.005847953216374269,0.5555555555555556,0.04310344827586207,0.6351520313487268
5095,Kadisnaker Sebut Banyak Perusahaan di Kabupaten Bekasi Lapor jika Karyawannya Terpapar Covid 19,Kepala Dinas Ketenagakerjaan Kabupaten Bekasi Suhup menyampaikan banyak perusahaan di wilayahnya yang tidak terbuka jika karyawannya terpapar Covid 19 “Salah satu kelemahan dari perusahaan ketika ada awal kejadian mereka terkadang tidak proaktif melapor kepada kita ” ujar Suhup saat dihubungi Selasa 25 8 2020 Menurut Suhup perusahaan perusahaan biasanya melapor ada penemuan karyawannya terpapar Covid 19 jika jumlahnya sudah banyak Hal tersebut membuat virusnya menyebar ke orang lain secara masif tanpa ada tracing menyeluruh “Kalau sudah kejadian mereka tidak bisa menangani baru mereka lapor kepada kita Padahal kita sudah sampaikan di banyak kesempatan ketika ada yang terpapar Covid 19 segera lapor kepada kita ” kata dia Suhup mengatakan seharusnya perusahaan itu proaktif melaporkan secara rutin perkembangan kondisi karyawannya sehingga Pemkab Bekasi bisa langsung melacak orang orang terdekat dan keluarga karyawan yang terpapar virus corona tipe 2 itu “Karena sebesar apapun perusahaan dan sebanyak apapun uangnya itu kalau sudah ada yang positif Covid 19 tidak akan mampu menangani Karena menyangkut karyawan lingkungan keluarga karyawan kan tidak bisa ” ujar dia Suhup mengatakan banyaknya klaster perusahaan di wilayahnya akan jadi evaluasi bagi Pemkab Bekasi Pihak Pemkab Bekasi juga telah membuat tim untuk mengawasi lebih ketat perusahaan perusahaan agar tetap menaati aturan protokol kesehatan “Saya sampaikan kepada perusahaan bahwa Covid 19 ini belum selesai Jangan lengah dan menganggap remeh tetap harus lakukan protokol kesehatan pengaturan jam kerja karyawan pembatasan karyawan dan juga hand sanitizer Yang tidak kalah penting keterbukaan jangan sampai kalau Covid 19 sudah menyebar baru dilaporkan ke kita ” tutur dia,0.9698199750141773,1.0,0.0,0.0,0.5,0.0,0.0,1.0,0.0,0.5,1.0,0.0,0.5714285714285714,1.0,0.0,0.0,1.0,1.0,1.0,4.0,0.0,4.0,1.0,1.0,1.0,0.03139013452914798,0.8461538461538461,0.07801418439716312,0.7020596828260568
1386,Tito Imbau Warga Gelar Panjat Pinang Peringati HUT RI,Menteri Dalam Negeri Tito Karnavian meminta agar pemerintah daerah dan masyarakat tak menggelar ajang lomba panjat pinang untuk memeriahkan HUT ke 75 Kemerdekaan RI pada 17 Agustus nanti Tito menyatakan lomba memiliki potensi penularan virus corona Covid 19 Mau 17 Agustus orang mau panjat pinang nanti tertular jangan kata Tito dalam acara Launching Gerakan 2 Juta Masker yang disiarkan di Kanal YouTube Kemendagri Kamis 13 8 Kalaupun tetap menggelar lomba kata Tito masyarakat wajib menerapkan dan mematuhi protokol kesehatan pencegahan Covid 19 Ia mencontohkan lomba makan kerupuk yang biasa digelar warga saat peringatan HUT Kemerdekaan RI Untuk lomba ini masyarakat bisa membawa kerupuk masing masing Gantungnya jauh jauhan kemudian makan Nah kalau sudah jaga jarak ada tapi kerupuknya ditaruh sama satu orang yang enggak tahu siapa kalau yang menaruhnya itu positif ya kena semua takutnya kata Tito Ia juga menyarankan warga menghindari kerumunan Kalau ada kerumunan sosial diupayakan jaga jarak kata Tito Sejumlah daerah sudah mengeluarkan imbauan atau larangan lomba 17 Agustus Pada Selasa 11 8 Pemerintah Kota Depok meminta warganya untuk tak menggelar lomba perayaan HUT RI yang berpotensi mengumpulkan massa Ketentuan itu tertuang dalam Surat Edaran Wali Kota Depok Nomor 003 1 377 Huk Promentasi tentang peringatan hari ulang tahun ke 75 kemerdekaan Republik Indonesia tahun 2020 tingkat Kota Depok Seluruh warga masyarakat tidak diperbolehkan menyelenggarakan perlombaan atau kegiatan perayaan puncak HUT RI yang mengumpulkan banyak orang secara tatap muka langsung kata Wali Kota Depok Mohammad Idris dalam keterangannya Pemerintah Kota Surabaya juga mengeluarkan surat edaran berisi larangan menggelar lomba dan malam syukuran peringatan Kemerdekaan RI Hal itu termaktub pada Surat Edaran SE nomor 003 1 7099 436 8 4 2020 yang dikeluarkan oleh Sekretaris Daerah Sekda tentang Pelaksanaan Kegiatan Dalam Rangka Peringatan HUT ke 75 Kemerdekaan RI tahun 2020 SE ini sudah kami sebarkan ke kecamatan dan kelurahan se Kota Surabaya sehingga kami harapkan mereka bisa mensosialisasikan dan melakukan pengawasan di wilayahnya masing masing ujar Wakil Sekretaris Gugus Tugas Covid 19 Kota Surabaya sekaligus Kepala BPB dan Linmas Kota Surabaya Irvan Widyanto,0.969782322553572,1.0,0.0,0.0,0.5,0.0,0.0,1.0,0.0,0.5,0.5,0.0,0.5,0.5,0.0,0.0,1.0,1.0,0.5,3.5,0.0,3.5,1.0,0.0,1.0,0.006600660066006601,0.6666666666666666,0.031088082901554404,0.6132821708440493
78,Arctic Monkeys Tumpahkan Ketakutan akan Pandemi dalam Album Baru,Ketakutan para personel Fleet Foxes terhadap ketidakpastian di tengah pandemi Covid 19 terekam dalam album baru bertajuk Shore yang dirilis pada Selasa 22 9 Pentolan Fleet Foxes Robin Pecknold mengatakan bahwa lirik 15 lagu yang terdapat dalam album Shore merupakan hasil refleksi dari situasi para personel selama masa pandemi Semua lirik datang dari refleksi terhadap yang terjadi sekarang ini dan mengikatkannya pada hal hal personal ujar Pecknold kepada Zane Lowe sebagaimana dikutip NME Pecknold kemudian merefleksikan semua yang terjadi dalam kehidupannya selama masa pandemi terutama ketika Fleet Foxes tak bisa tampil karena aturan jaga jarak Ia mengaku banyak menghabiskan waktu di rumah sambil berusaha menulis lirik dan mendendangkannya Terkadang Pecknold juga hanya berkendara untuk melepas penat Ini jelas merupakan waktu yang sangat sulit tapi saya harap ada banyak perspektif baru yang bisa dirasakan dan cara baru untuk melakukan berbagai hal yang dapat mengembangkan jalan baru dalam membuat seni dan mewujudkannya dalam penampilan ujar Pecknold Pecknold sendiri mengakui bahwa pikirannya sempat buntu di masa awal pandemi pada Maret lalu Ia sama sekali tak bisa menulis lirik Akhirnya selama tiga bulan saya hanya bisa refleksi dan memahami perubahan dunia dan ketakutan dan kemudian menjadi berani karena begitu banyak perhatian sosial tutur Pecknold Ia kemudian berkata Saya pikir semua hal itu menginspirasi saya untuk menulis sesuatu Waktu itu saya hanya berpikir Saya harus mengeluarkan semua ini tak peduli dalam bentuk apa pun Gambas Youtube Setelah menenangkan pikiran Fleet Foxes dapat berkarya bahkan menciptakan satu album berisi 15 lagu beserta film dokumenter sebagai pemanis Shore menjadi tindak lanjut dari tiga album Fleet Foxes sebelumnya Setelah terbentuk pada 2006 mereka sudah merilis Fleet Foxes 2008 Helplessness Blues 2011 dan Crack Up 2017,0.9696052295262457,0.5,0.0,0.0,0.5,0.0,0.0,1.0,0.0,0.5,0.5,0.0,0.5,0.5,0.0,0.0,1.0,1.0,0.5,3.0,0.0,3.0,1.0,0.0,1.0,0.00749063670411985,0.5555555555555556,0.02976190476190476,0.47031851190104745
8500,Jokowi Sebut Pembangunan Terpukul Mundur akibat Pandemi Covid 19,Wakil Presiden Ma ruf Amin mengatakan seluruh capaian pembangunan di Tanah Air terpukul mundur oleh munculnya pandemi Covid 19 Hal tersebut disampaikan Ma ruf saat memberikan sambutan dalam peringatan Hari Konstitusi 2020 secara virtual Selasa 18 8 2020 Kita semua telah menyaksikan dan merasakan bagaimana capaian capaian pembangunan yang setahap demi setahap telah diraih terpukul mundur oleh disrupsi total akibat serangan pandemi Covid 19 ujar Ma ruf Ia mencontohkan tahun ini pertumbuhan ekonomi diproyeksikan hanya di kisaran 1 persen Padahal dalam lima tahun terakhir tingkat pertumbuhan ekonomi Indonesia rata rata lima persen Proyeksi 1 persen pun kata Ma ruf baru bisa teralisasi apabila upaya mendorong percepatan penyerapan anggaran berjalan sesuai harapan dan kegiatan ekonomi mulai bergerak Jumlah penduduk miskin dan pengangguran juga bertambah cukup besar akibat melambatnya kegiatan ekonomi kata dia Berbagai upaya juga telah dilakukan pemerintah untuk menghalau krisis yang terjadi akibat pandemi Covid 19 Antara lain dengan memperlebar defisit anggaran pendapatan belanja negara APBN hingga 6 34 persen dari produk domestik bruto PDB untuk tahun ini Pelebaran batas defisit tersebut kata dia diatur dalam Undang Undang UU Nomor 2 Tahun 2020 tentang Kebijakan Keuangan Negara dan Stabilitas Sistem Keuangan untuk Penanganan Pandemi Covid 19 dan berlaku hingga Tahun Anggaran 2022 Ini dimaksudkan untuk memenuhi kebutuhan belanja negara untuk penanganan kesehatan bantuan sosial serta stimulus ekonomi khususnya melalui pengalokasian stimulus fiskal yang besarnya hampir mencapai 4 5 persen dari PDB kata dia,0.9695104316555239,0.5,0.0,0.0,0.5,0.0,0.0,1.0,0.0,0.5,0.5,0.0,0.375,1.0,0.0,0.0,1.0,1.0,1.0,3.5,0.0,3.5,1.0,1.0,0.0,0.018604651162790697,0.7777777777777778,0.046052631578947366,0.7498498731537119
7586,Panglima TNI Akan Bentuk Satuan Khusus Cegah Serangan Biologi,Panglima TNI Marsekal Hadi Tjahjanto mengungkap keinginannya mengembangbiakan virus dan membangun laboratorium khusus di kawasan Rumah Sakit Darurat Covid 19 Pulau Galang Kepulauan Riau Hadi mengungkapkan hal ini dalam wawancara di akun youtube resmi milik Puspen TNI Kata dia ke depan TNI akan mengajukan pembangunan laboratorium khusus dengan Bio Standar Level BSL tiga dan empat Sehingga labortorium itu bisa digunakan untuk mengembangbiakan virus yang nantinya digunakan sebagai obat jika serangan pandemi muncul seperti saat ini Ke depan kita juga akan mengajukan untuk kita bisa memiliki satu laboratorium dengan BSL level 3 atau 4 di mana Lab BSL itu bisa kita gunakan untuk membiakkan virus sehingga bisa menjadi vaksin yang bisa kita suntikkan kepada prajurit kata Hadi seperti dikutip CNNIndonesia com di akun yotube tersebut Senin 9 11 Keinginan ini diungkap Hadi setelah melihat pandemi Covid 19 yang telah mengancam tidak hanya dari segi kesehatan tapi juga hampir melumpuhkan perekonomian nasional Ancaman pandemi ini kata Hadi sedikit banyak telah menyadarkan semua pihak bahwa penting memiliki senjata yang telah dipersiapkan sejak dini untuk mengantisipasi datangnya pandemi global seperti saat ini Kita juga melihat bahwa ancaman pandemik akhirnya membangunkan kita pentingnya kita memiliki satuan anti serangan biologi tadi kata dia Dia menyadari keinginannya ini memang memerlukan waktu dan perencanaan yang cukup panjang Meski begitu pilihannya membangun Laborotaroum dengan BSL level tiga dan empat di Pulau Galang ini bukan tanpa alasan Pulau Galang kata dia saat ini memiliki satu rumah sakit khusus infeksi oleh sebab itu jika ke depan prajurit ataupun masyarakat yang terinfeksi virus maka bisa segera melalukan perawatan di Pulau Galang Dan kita juga di situ dekat dengan laboratorium dengan BSL 3 atau 4 untuk membiakkan penyakit itu menjadi vaksin yang siap kita suntikkan Tentunya ini memerlukan waktu dan perencanaan yang panjang karena harus diawaki oleh para ahli kata Hadi Atas dasar ini lah Hadi berencana merekrut banyak tenaga kesehatan untuk masuk dalam satuan TNI Tak hanya itu dia juga berencana merekrut tenaga ahli di bidang farmasi khususnya yang berkaitan dengan mikrobiologi Sehingga kita paham betul dengan penyakit ini kata Hadi,0.9692066682115928,1.0,0.0,0.0,0.5,0.0,0.0,1.0,0.0,0.5,0.5,0.0,0.5,0.5,0.0,0.0,1.0,1.0,0.5,3.5,0.0,3.5,1.0,0.0,1.0,0.010033444816053512,0.7777777777777778,0.03977272727272727,0.7302590570555182
14213,RI Amankan Kuota 50 Juta Vaksin Corona Sinovac dan 50 Juta Novavax,Pemerintah Indonesia resmi menjalin kerja sama dengan produsen vaksin Corona AstraZeneca dan Novavax Pemerintah menyatakan akan mendapatkan masing masing 50 juta dosis dari kedua produsen vaksin Corona tersebut Selain vaksin Sinovac hari ini kita kita juga berhasil mengamankan suplai vaksin yaitu dari AstraZeneca dan Novavax Masing masing sebesar 50 juta dosis kata Menlu Retno Marsudi dalam konferensi pers yang disiarkan di YouTube Bio Farma Rabu 30 12 2020 Penandatangan kesepakatan kerja sama dengan AstraZeneca dan Novavax tersebut dilakukan hari ini Selanjutnya Retno mengatakan pemerintah akan berkoordinasi dengan WHO hingga GAVI perihal proses pengamanan vaksin tersebut Dari track multilateral diplomacy kita terus bekerja berkomunikasi dan berkoordinasi dengan WHO GAVI dan lain lain Dalam rangka mengamankan akses vaksin melalui mekanisme COVAX AMC Advance Market Commitment dengan range perkiraan perolehan adalah 3 20 persen jumlah penduduk Kita terus akan kawal proses ini ujar Retno Retno mengatakan Indonesia termasuk satu dari sedikit negara yang telah mengamankan vaksin tersebut Ia juga menyebut bakal ada 1 8 juta vaksin Corona Sinovac datang lagi ke Indonesia pada Kamis 31 12 Insyaallah besok akan tiba kembali vaksin Sinovac sejumlah 1 8 juta Dengan ketibaan ini sudah 3 juta vaksin Sinovac berada di Indonesia tuturnya Tonton video Update Menkes Budi soal Pengadaan 5 Vaksin Corona Gambas Video 20detik,0.9674938737779566,1.0,0.0,0.0,0.5,0.0,0.0,1.0,0.0,0.5,0.5,0.0,0.4375,0.0,1.0,0.0,1.0,1.0,1.0,4.0,0.0,4.0,1.0,0.0,0.0,0.021052631578947368,0.7,0.05555555555555555,0.5662101796966924
2954,Saat Pasien COVID 19 Kaget Lihat Dokter Yahudi Punya Tato Nazi,Seorang dokter Yahudi yang bekerja di California Amerika Serikat kaget melihat tato neo Nazi di tubuh seorang pasien Corona yang ditanganinya Dia berbagi cerita tentang kekagetannya itu Dilansir dari AFP Kamis 3 12 2020 saat timnya termasuk seorang perawat kulit hitam dan spesialis pernapasan keturunan Asia mempersiapkan pasien pria yang akan diintubasi dokter Taylor Nichols mengatakan di Twitter bahwa dia melihat tato Nazi Swastika tampak mencolok di dadanya Tato SS dan lambang lain yang sebelumnya tertutup kemejanya kini terlihat jelas demikian cuitannya di Twitter Diketahui bahwa simbol simbol Nazi menciptakan trauma bagi orang Yahudi Hal ini mengingatkan mereka pada pembantaian terhadap Yahudi di Jerman atau yang dikenal dengan peristiwa Holocaust Kami semua melihat Simbol kebencian di tubuhnya secara lahiriah dan dengan bangga mengumumkan pandangannya Kami semua tahu apa yang dia pikirkan tentang kami Bagaimana dia menghargai hidup kami tutur Nichols Nichols berbicara tentang emosi bercampur aduk yang dia rasakan setelah berbulan bulan menangani pasien COVID 19 dan melihat pasien meninggal saat hidup dalam isolasi untuk menghindari penularan ke orang orang tercinta terus menerus khawatir jatuh sakit Nichols mengatakan pria itu yang dia gambarkan sebagai pria yang lebih tua dan gemuk giginya hilang karena penyalahgunaan metamfetamin selama bertahun tahun telah memintanya untuk menyelamatkan hidupnya Jangan biarkan aku mati dok katanya seperti yang ditirukan Nichols Pria itu dirawat di rumah sakit dekat Sacramento pada pertengahan November Saya meyakinkannya bahwa kami semua akan bekerja keras untuk merawatnya dan menjaganya tetap hidup sebaik yang kami bisa ujar dokter Yahudi itu,0.967254676750471,0.5,0.0,0.0,0.5,0.0,0.0,1.0,0.0,0.5,0.5,0.0,0.3333333333333333,1.0,0.0,0.0,0.0,0.0,1.0,1.5,0.0,1.5,0.0,0.0,0.0,0.016597510373443983,0.8181818181818182,0.05454545454545454,0.8277841839293656
13736,Rizieq Kirim Karangan Bunga ke Dewi Tanjung Saya Doakan Sembuh COVID,Politikus PDIP Dewi Tanjung mengirimkan karangan bunga kepada Habib Rizieq Syihab Karangan bunga itu menurutnya adalah bentuk dukungannya kepada Rizieq Syihab agar kesehatannya segera pulih Iya kemarin udah dikirim karangan bunga Nggak ada maksud apa apa itu cuma bentuk perhatian rasa sayang saya kepada Bapak Rizieq yang lagi sakit kena COVID Makanya saya support kata Dewi Tanjung saat dihubungi wartawan Rabu 25 11 2020 Saat ditanya dari mana Dewi Tanjung mendapatkan informasi bahwa Habib Rizieq sakit terkena COVID 19 ia menjawab dari burung ababil Dari burung piaraan saya yang ada di sana burung piaraan saya kan ada di sana istilahnya begitu Saya kan punya burung ababil yang ada di sana jadi dia yang kasih tahu saya kesehatan Bapak Rizieq ya kan saya kasih perhatian rasa sayang saya cinta saya sama Rizieq tutur Dewi Tanjung Iya saya punya burung ababil Jadi saya tahu kesehatan beliau saya tahu Kalau burung ababil di sana bilang positif COVID ya udah pasti positif COVID tapi kalau yang dikeluarkan FPI hasil swab test nggak tahu swab test dari mana sambung Dewi Dewi Tanjung kemudian menyarankan Habib Rizieq menjalani swab test dan dirawat di RSPAD Gatot Soebroto Meski menurutnya antipemerintah Habib Rizieq perlu ditangani dengan baik oleh pemerintah Supaya kan gini Corona bukan hanya milik Pak Rizieq itu penyebaran yang sudah kita hadapi selama 1 tahun dan pemerintah wajib memberikan perlindungan kesehatan kepada setiap warga masyarakat termasuk Bapak Rizieq Syihab jadi tidak ada pembedaan terkotak kotakkan karena beliau antipemerintah Makanya saya pengen Pak Rizieq itu dirawat dengan baik ditangani dokter yang baik di RSPAD karena kan beliau kan warga negara Indonesia Dengan begitu dia bisa dapatkan hak perlindungan kesehatan dari pemerintah bebernya Lebih lanjut Dewi Tanjung mengaku karangan bunga itu dikirim pada Selasa 24 11 Ia mengaku karangan bunga itu disambut oleh FPI Fans fans saya FPI kan langsung menyambut dengan sukacita sampai peluk peluk cium cium saya punya karangan bunga sampai hancur ucap Dewi Tanjung Dewi Tanjung juga mengungkap maksud cuitannya di akun Twitter DewiTanjung15 Simak di halaman selanjutnya,0.9672273912619456,1.0,0.0,0.0,0.5,0.0,0.0,1.0,0.0,0.5,0.5,0.0,0.5,0.5,0.0,0.0,0.0,0.0,0.5,1.5,0.0,1.5,0.0,0.0,1.0,0.006920415224913495,0.6363636363636364,0.042682926829268296,0.6321111267117792
5898,Hanya 110 Unit Sepeda Model Brompton Bamsoet Dijual Rp 13 5 Juta,Ketua MPR RI Bambang Soesatyo Bamsoet bersama Animo Indonesia meluncurkan sepeda kuning lipat special edition model Brompton bermerek Bamsoet Pembuatan sepeda ini melibatkan sekitar 18 UMKM di Bandung Dibanderol dengan harga jual Rp 13 5 juta memiliki kualitas tak kalah dibanding sepeda lipat impor buatan Inggris seperti Brompton dan sejenisnya yang memiliki harga jual puluhan hingga ratusan juta rupiah Produksi sepeda dibuat limited edition collector item terbatas hanya seratus unit Di setiap unitnya ada nomor seri dari 001 sampai 100 Pembeli juga akan mendapatkan sertifikat otentikasi Karena jumlahnya yang terbatas sepeda ini juga bisa dijadikan sebagai koleksi dan investasi ujar dia dalam keterangannya Sabtu 5 12 2020 Saya bersama Animo Indonesia sengaja memproduksi sepeda ini dengan tujuan mengembangkan pelaku usaha milenial UMKM sepeda Sekaligus mengkampanyekan penggunaan sepeda produksi anak bangsa imbuhnya Hal itu diungkapkan Bamsoet saat launching Sepeda Kuning Bamsoet yang langsung terjual 11 unit d iantara dibeli oleh anggota Komisi I DPR RI Bobby Adhityo Rizaldi di Jakarta Jumat 4 12 20 Calon Ketua Umum Ikatan Motor Indonesia IMI ini mengungkapkan spesifikasi sepeda kuning lipat Bamsoet yang spesial itu antara lain memiliki berat 12 Kg frame set dari chromoly brake system U Brake crankset alloy handlebar alloy internal gear shimano Nexus 3 speed shifter shimano bottom bracket square tapered saddle Syte pedal PVC folding tire 16+ kenda dan wheel alloy Beratnya yang ringan lebih ringan dari Brompton dan bentuknya yang menawan menjadi nilai tersendiri bagi sepeda ini Walaupun mungil sepeda ini memiliki kekuatan luar biasa mampu menahan beban hingga 110 kg Jadi siapapun dengan berat di bawah 110 kg bisa menggunakan sepeda ini dengan nyaman dan aman ungkap Bamsoet Ketua DPR RI ke 20 dan wakil ketua umum Kadin Indonesia ini memaparkan data Asosiasi Pengusaha Sepeda Indonesia Apsindo mencatat penjualan sepeda selama pandemi COVID 19 melonjak 3 4 kali lipat dibanding kondisi normal Data lain dari Asosiasi Industri Persepedaan Indonesia AIPI mencatat per tahunnya Indonesia bisa mengimpor 6 7 juta unit sepeda Sedangkan yang diproduksi lokal berkisar 2 2 5 juta unit Ini menjadi tantangan tersendiri bagi pelaku usaha sepeda dalam negeri dan juga para pecinta sepeda untuk lebih peduli terhadap karya anak bangsa Jangan sampai kecintaan masyarakat dalam bersepeda justru mendatangkan keuntungan devisa bagi negara lain pungkas Bamsoet,0.96623493686387,1.0,0.0,0.0,0.5,0.0,0.0,1.0,0.0,0.5,0.5,0.0,0.2943121693121693,0.3333333333333333,0.6666666666666666,0.0,1.0,1.0,1.0,4.0,0.0,4.0,1.0,0.0,1.0,0.014164305949008499,0.9166666666666666,0.04583333333333333,0.8935708390019356
10802,Gelombang II Inggris Catat Lonjakan 3 412 Kasus Baru Corona,Inggris mencatat lonjakan baru infeksi virus corona sebanyak lebih dari 3 000 kasus pada Rabu 7 10 Pemerintah melaporkan saat ini tengah menghadapi gelombang kedua pandemi Covid 19 Data pemerintah Inggris melaporkan hingga saat ini ada 561 638 kasus dan 42 592 kematian akibat Covid 19 Mengutip CNN dalam 28 hari terakhir diketahui 77 kematian karena corona dan saat ini ada 3 412 orang yang dirawat di rumah sakit Sejak kemunculan gelombang kedua corona Inggris telah memperketat batasan termasuk membatasi operasional pengunjung Hanya saja Inggris tidak lagi memberlakukan lockdown nasional yang telah dicabut sejak Juni lalu Melemahnya aktivitas perekonomian membuat Inggris terjerumus dalam jurang resesi Saat gelombang kedua pandemi melanda Inggris dan pembatasan mulai berlaku pengunjung toko mulai mengalami penurunan karena banyak pembeli memilih untuk tinggal di rumah kata kepala eksekutif Konsorsium Retail Inggris BRC Helen Dickinson Selain Inggris negara negara Eropa saat ini mewaspadai kemunculan gelombang kedua pandemi Seperti halnya Inggris Jerman juga mengalami lonjakan kasus corona yakni bertambah 4 000 kasus baru dalam 24 jam terakhir pada Kamis 8 10 Menteri Kesehatan Jerman Jens Spahn mengatakan lonjakan haritan itu sebagai angka tertinggi sejak April Dia mengingatkan warga Jerman untuk tetap berpegang pada aturan memakai masker mencuci tangan dan menjaga jarak Dia juga mendesak warga untuk menambahkan aplikasi virus corona ke rutinitas harian mereka Jumlahnya menunjukkan lompatan yang mengkhawatirkan Hampir tidak ada negara lain di Eropa yang berhasil mengatasi krisis sejauh ini Tapi kita tidak boleh mempertaruhkan apa yang telah kita capai kata Spahn seperti dikutip dari AFP,0.9660796502940112,1.0,0.0,0.0,0.5,0.0,0.0,1.0,0.0,0.5,1.0,0.0,0.3,0.0,1.0,0.0,1.0,1.0,1.0,4.0,0.0,4.0,1.0,0.0,1.0,0.008333333333333333,0.8,0.049079754601226995,0.6940280686057476
14243,Tak ada 2 056 Kasus Corona Aktif di Sumut 567 Orang Diisolasi di RS,Satgas COVID 19 Sumatera Utara Sumut mengatakan ada 2 056 kasus Corona atau COVID 19 aktif di Sumut Dari jumlah itu 567 orang di antaranya diisolasi di rumah sakit RS Sisa penderita yang masih ada saat ini sebanyak 2 056 orang di mana 1 489 orang melaksanakan isolasi mandiri dan 567 diisolasi di rumah sakit ucap Jubir Satgas COVID 19 Sumut Mayor Kes dr Whiko Irwan seperti dilihat dari channel YouTube Humas Sumut Selasa 29 12 2020 Jumlah itu merupakan data hingga Senin 28 12 Data kasus aktif akan diperbarui pada pekan berikutnya Dia mengatakan total positif Corona di Sumut berjumlah 17 892 kasus Sebanyak 15 162 di antaranya telah dinyatakan sembuh Suspek sebanyak 748 orang konfirmasi COVID 19 positif 17 892 orang atau bertambah 547 dalam seminggu Sembuh 15 162 orang atau bertambah 561 orang katanya Pasien positif yang dinyatakan meninggal berjumlah 674 orang Spesimen yang diperiksa berjumlah 231 668 spesimen Meninggal 674 bertambah 19 dalam seminggu Spesimen 231 668 bertambah 10 298 tutur Whiko Whiko mengimbau warga Sumut tetap mematuhi protokol kesehatan demi mencegah penularan virus Corona Dia mengimbau warga tidak menggelar pesta malam tahun baru Satuan Tugas Penanganan COVID 19 Provinsi Sumatera Utara mengimbau masyarakat maupun pelaku usaha tidak membuat perayaan yang dapat menimbulkan kerumunan dan berpotensi menyebarkan COVID 19 jelasnya,0.9660794640558519,1.0,0.0,0.0,0.5,0.0,0.0,1.0,1.0,1.0,1.0,0.0,0.4375,0.0,1.0,0.0,1.0,-1.0,1.0,3.0,1.0,2.0,1.0,0.0,0.0,0.04081632653061224,0.9230769230769231,0.09448818897637795,0.9422847519362647
6820,Kematian Covid di Sultra Meningkat 363 Persen dalam 2 Bulan,Angka kematian virus corona di Provinsi Sulawesi Tenggara Sultra mengalami peningkatan sampai 300 persen dalam dua bulan terakhir Pada 30 Juni 2020 kasus meninggal akibat Covid 19 sebanyak 6 orang namun pada 25 Agustus 2020 jumlah kematian menjadi 24 kasus Jumlah kematian bertambah 18 orang atau 300 persen kata Juru Bicara Gugus Tugas Covid 19 Sultra La Ode Rabiul Awal kepada CNNINdonesia com Selasa 25 8 Selain itu kasus terkonfirmasi positif juga mengalami peningkatan yang cukup signifikan dalam dua bulan terakhir Bila pada 30 Juni 2020 jumlah pasien terkonfirmasi hanya 363 kasus maka pada 25 Agustus 2020 menjadi 1 365 kasus Kumulatif kasus kurang dari dua bulan ini bertambah 1 002 kasus atau 276 persen jelasnya Rabiul menyebut mayoritas penyebab pasien covid meninggal karena penyakit penyerta yang dideritanya Menurut dia pasien dengan penyakit komorbid sangat rentan terhadap infeksi virus corona Tapi kalau mau bicara komorbid oke lah sudah satu tahun Namun itu penyakitnya diperparah setelah terinfeksi virus katanya Rabiul mengatakan ada beberapa pasien komorbid yang meninggal akibat terinfeksi virus corona namun proses penanganannya tidak dilakukan sebagaimana protokol covid Di Baubau misalnya prosesnya tidak terselenggara berdasarkan prosedur Covid bebernya Ia menyebut masalah saat ini adalah keseriusan gugus tugas Covid kabupaten atau kota dalam penanganan kasus virus corona Gugus tugas bahkan kesulitan mengakses informasi terkait penanganan kasus Sebenarnya mereka sudah tidak serius Nah sementara basic penanganan ada di kabupaten kota tuturnya Selain itu jumlah testing terhadap masyarakat melalui PCR terbilang rendah di Sulawesi Tenggara Sejauh ini baru 7 500 an warga atau 0 25 persen dari total populasi 2 7 juta jiwa yang menjalani tes swab Dari 7 ribuan warga yang telah ditesting itu mayoritas adalah pasien yang terinfeksi maupun kontak eratnya Bahkan Kabupaten Konawe Kepulauan Konkep yang belum ditemukan kasus hanya melakukan tes terhadap empat sampel warganya Rendahnya testing ini akibat minimnya alat yang dimiliki Pemprov Sultra Sejauh ini hanya satu alat PCR yang kemampuannya bisa menguji 100 sampel perhari Kemudian tes cepat molekuler TCM yang hanya bisa menguji 20 sampel perhari Minimnya alat tes di provinsi ini ironis jika menilik jumlah anggaran yang digelontorkan Pemprov Sultra untuk penanganan covid 19 sebesar Rp400 miliar Belum lagi di 17 pemerintah kabupaten atau kota yang mengalokasikan anggaran kurang lebih di atas Rp10 miliar Menurut Rabiul Awal sejauh ini ada beberapa daerah yang telah mengadakan alat tes berupa PCR secara mandiri Misalnya Kolaka Utara dan Kolaka Namun saya cek dulu apakah sudah dioperasikan atau belum katanya Rabiul menyebut rendahnya testing ini karena pemerintah kabupaten kota yang belum mengubah pola Selain itu ada sejumlah keluarga pasien yang tidak mau dites swab Di Baubau juga ada begitu Pasien yang meninggal baru baru ini tidak di swab Termasuk di Buton Tengah ada beberapa yang tidak mau di swab padahal menjadi kontak erat imbuhnya,0.9659280156359713,1.0,0.0,0.0,0.5,0.0,0.5,0.0,0.0,0.5,1.0,0.0,0.5277777777777778,0.0,1.0,0.0,1.0,1.0,1.0,4.0,0.0,4.0,1.0,0.0,1.0,0.0049382716049382715,0.9,0.03896103896103896,0.8804559936791257
8178,Kemenkes Imbau Warga di Kerumunan Jokowi Lakukan Isolasi Mandiri,Kementerian Kesehatan Kemenkes mengimbau warga yang ikut dalam kerumunan massa Habib Rizieq melakukan isolasi mandiri Isolasi mandiri ini diminta dilakukan selama 14 hari Atas adanya kerumunan pada kegiatan yang dilakukan dalam rangka acara keagamaan dan pernikahan tersebut Kemenkes mengimbau semua orang yang mengikuti acara tersebut dan siapapun yang merasa telah kontak erat dengan orang yang hadir agar melakukan isolasi Mandiri di rumah selama 14 hari ujar Plt Dirjen Pencegahan dan Pengendalian Penyakit Kementerian Kesehatan Muhammad Budi Hidayat dalam konferensi pers yang disiarkan di Youtube BNPN Minggu 22 11 2020 Budi meminta masyarakat yang melakukan isolasi bukan hanya yang berada pada wilayah Petamburan Melainkan juga yang sebelumnya mendatangi Bandara Soekarno Hatta Tebet dan Megamendung Masyarakat yang telah kontak erat dan mengikuti kegiatan di Bandara Soekarno Hatta Petamburan Tebet dan Megamendung kata Budi Bagi warga yang merasa mengalami gejala diminta untuk segera melakukan pengecekan di Puskesmas terdekat Menurut Budi pemerintah telah menyiapkan pusat karantina di Wisma Atlet Apabila bergejala segera periksakan diri ke fasilitas pelayanan kesehatan Pemerintah juga telah menyiapkan pusat karantina di rumah sakit darurat COVID di Wisma Atlet Apabila selama melakukan karantina di rumah mengalami gejala terinfeksi COVID 19 seperti gejala batuk pilek sesak nafas sakit tenggorokan hilang indra penciuman dan perasa segera kunjungi Puskesmas terdekat untuk melakukan usap atau PCR test kata Budi Simak video Tolak Bantuan Tes Swab ke Habib Rizieq FPI Kami Punya Tim Medis Gambas Video 20detik,0.965268126571843,1.0,0.0,0.0,0.5,0.0,0.0,1.0,0.0,0.5,0.5,0.0,0.5,0.5,0.0,0.0,0.0,0.0,0.5,1.5,0.0,1.5,0.0,0.0,1.0,0.004878048780487805,0.6666666666666666,0.04477611940298507,0.563303713053954
7072,Danrem Wijayakusuma Instruksikan Kodim Kawal Distribusi Pelaksanaan Vaksin,Komandan Korem Danrem 061 Surya Kancana Brigjen TNI Achmad Fauzi menginstruksikan setiap Kodim di bawahnya untuk ikut mengawal pendistribusian hingga pelaksanaan pemberian vaksin COVID 19 Sesuai dengan Perpres nomor 99 tahun 2020 TNITNI Polri terlibat mulai dari pengiriman pendistribusian hingga pelaksanaan vaksinasi ujar dia saat ditemui di Kodim 0608 Cianjur Jalan Siliwangi Jumat 8 1 2021 Menurutnya setiap Kodim di bawah Korem 061 sudah diinstruksikan untuk menyiapkan 2 pleton pasukan untuk mengawal pengiriman dan pendistribusian vaksin Kodim Cianjur sudah siap 2 pleton pasukan Kami siapkan dua pleton di Kodim kabupaten dan Kota Bogor serta Kodim di kabupaten dan kota Sukabumi untuk pengamanan di tempat hingga pelaksanaan vaksinasi paparnya Dia mengimbau masyarakat tidak perlu khawatir dengan vaksin sebab sudah menjalani uji klinis serta tidak mengandung unsur babi Selain itu lanjut dia di tahap awal ini vaksin akan disuntikan pada tenaga medis dan dilanjutkan pada pegawai pemerintahan serta TNI Polri Sehingga masyarakat bisa melihat langsung efeknya nanti Sebelum masyarakat nakes hingga kami dari unsur TNI akan terlebih dulu disuntik vaksin Jadi bisa dilihat nanti efeknya seperti apa Makanya tidak perlu khawatir kata dia Ia menambahkan selain bergantung pada vaksin masyarakat tetap diminta mematuhi protokol kesehatan dengan menggunakan masker dan tidak berkerumun Momen libur panjang kemarin menjadi penyumbang meningkatnya kasus saat ini Makanya kami harap semua menahan diri tidak berkerumun dan selalu menggunakan masker saat beraktivitas di luar pungkasnya Sementara itu Dandim 0608 Cianjur Letkol Kav Ricky Arinuryadi mengatakan Kodim sudah menyiapkan sejumlah personel TNI yang akan bertugas menjaga keamanan dan ketertiban vaksinasi COVID 19 Bahkan pihaknya akan menempatkan anggota untuk berjaga di sejumlah rute perjalanan di setiap titik tempat vaksinasi Kita siapkan dua SST sebanyak 50 orang jelasnya Intinya harapan kami masyarakat Cianjur bisa menyambut baik dan mendukung terselenggaranya program vaksin ini pungkasnya,0.9639562336014557,1.0,0.0,0.0,0.5,0.0,0.0,0.0,0.0,0.5,0.5,0.0,0.5,0.5,0.0,0.0,0.0,0.0,0.5,1.5,0.0,1.5,0.0,0.0,1.0,0.0,0.5,0.022598870056497175,0.39659775336295916
9724,Satgas Pemberian Masker di Acara Habib Rizieq Upaya Dukung Acara,Ketua Satgas Penanganan COVID 19 Doni Monardo menegaskan bagi bagi masker di acara Habib Rizieq Syihab tadi malam bukan mendukung acara yang diselenggarakan Doni mengatakan upaya itu semata mata untuk mencegah penularan Corona Pemberian masker ini bukanlah bagian dari upaya mendukung acara dari awal kami selalu berkoordinasi dengan pemerintah DKI pada Wakil Gubernur dan Gubernur serta pejabat Dinas terkait di DKI kata Doni saat konferensi pers di YouTube BNPB Minggu 15 11 2020 Doni mengatakan pembagian masker adalah upaya terakhir setelah jalur komunikasi dengan penyelenggara tak diperhatikan Sehingga pilihannya yakni membagikan masker ke warga yang datang ke Petamburan Jakarta Pusat Dari Satgas telah berupaya untuk memberikan masker kepada penyelenggara kepada satgas Petamburan agar masyarakat bisa menggunakan masker setelah langkah langkah pemberitahuan tidak bisa diperhatikan artinya acara tetap dilaksanakan sehingga jalan terakhir adalah memberikan masker semata mata adalah memberikan perlindungan pada masyarakat yang hadir agar tidak terpapar jelas Doni Doni meminta maaf apabila langkah yang diambil mengecewakan banyak pihak Ditegaskan lagi upaya yang dilakukan Satgas COVID 19 untuk perlindungan masyarakat Sekali lagi mohon maaf apabila langkah langkah yang telah dilakukan ini mungkin banyak pihak yang kurang menyenangkan ini semata mata demi memberikan perlindungan terbaik pada bangsa kita Salus Populi Suprema Lex Esto keselamatan rakyat adalah hukum tertinggi kata Doni,0.9637832844943661,1.0,0.0,0.0,0.5,0.0,0.0,1.0,1.0,1.0,0.5,0.0,0.5,0.5,0.0,0.0,0.0,0.0,0.5,1.5,0.0,1.5,0.0,0.0,1.0,0.025380710659898477,0.8888888888888888,0.06349206349206349,0.7944232298778452
2639,23 Sopir Positif COVID 19 Kendaraan Logistik Gagal Menyeberang ke Bali,Ratusan sopir truk logistik dan bus mendapat layanan rapid test antigen gratis oleh Kantor Kesehatan Pelabuhan KKP Kelas II Probolinggo wilayah kerja Wilker Banyuwangi Kegiatan yang menggandeng Pemprov Jawa Timur itu ditemukan 5 sopir truk logistik yang positif COVID 19 Kegiatan rapid test antigen gratis ini digelar di areal Terminal Bus Sritanjung Rabu 23 12 2020 Sopir truk dan bus pun mengantre mendapatkan giliran pemeriksaan Sony Irawan Koordinator KKP kelas II Probolinggo Wilker Banyuwangi mengatakan pihaknya memberikan pelayanan gratis rapid test antigen untuk para sopir truk logistik dan bus Sebab sesuai dengan surat edaran Gubernur Bali terbaru tentang pengguna jasa yang hendak menyeberang ke Pulau Bali wajib menunjukkan dokumen rapid test antigen terhitung sejak tanggal 18 Desember 2020 hingga 4 Januari 2020 Kami fasilitasi sopir logistik dan bus untuk rapid test antigen Ini syarat penumpang masuk ke Bali sesuai dengan edaran Gubernur Bali dan Gugus Tugas Ini hanya untuk sopir logistisk dan bus Untuk masyarakat umum tetap bayar Tapi tidak di tempat kita ditempat yang sudah menyediakan raid antigen ujarnya kepada wartawan Sopir truk logistik dan bus yang ingin mendapatkan pelayanan gratis rapid test antigen kata Sony wajib mendaftarkan diri terlebih dahulu Sopir wajib membawa fotocopy KTP dan STNK kendaraan Hasilnya tambah Sony dari 200 orang sopir truk dan bus yang melakukan rapid test antigen ada 5 orang yang positif COVID 19 Mereka langsung tidak diperbolehkan masuk Bali Pihaknya juga memberikan surat rekomendasi kepada ke Dinas Kesehatan Provinsi dan kabupaten tempat sopir berasal,0.9625687936541159,1.0,0.0,0.0,0.5,0.0,0.0,1.0,0.0,0.5,1.0,0.0,0.2792207792207792,0.5,0.5,0.0,1.0,1.0,1.0,4.0,0.0,4.0,1.0,0.0,0.0,0.019704433497536946,0.9090909090909091,0.072992700729927,0.8787551193710584
5109,Ditemui Indra Catri Warga Daerah Tertinggal Sumbar Curhat Ada Internet,Jaringan internet kini jadi salah satu isu utama di Pilgub Sumbar Cawagub Sumbar Indra Catri beberapa kali menerima keluhan soal belum adanya jaringan internet di sejumlah daerah tertinggal di Sumatera Barat Salah satu pihak yang curhat soal jaringan internet adalah Warga Nagari Sarik Alahan Tigo Kecamatan Hiliran Gumanti Kabupaten Solok Tokoh muda Nagari Sarik Alahan Tigo Zul Akmal mengatakan daerah tersebut membutuhkan perhatian yang lebih dari pemerintah daerah agar ke luar dari status tertinggal Yang paling penting dan dibutuhkan saat ini adalah jaringan seluler kata Zul Akmal saat berdiskusi dengan Indra Catri Rabu 18 11 2020 Dia menuturkan di Nagari Sarik Alahan Tigo tidak ada jaringan seluler apalagi internet Hal itu membuat nagari tersebut terilosasi di sektor informasi dan kemajuan teknologi Dia mengatakan bahwa saat ini jaringan internet sangat dibutuhkan karena mahasiswa dan pelajar harus belajar dalam jaringan online dalam masa pandemi Covid 19 Oleh karena itu dia meminta Indra Catri untuk memperjuangkan hal tersebut jika menang Pilgub Sumbar 2020 Selain persoalan jaringan di sini infrastruktur juga harus diperbaiki Jalan di Nagari Sarik Alahan Tigo cukup memprihatinkan Tidak perlu kami jelaskan panjang lebar karena Pak Indra Catri tadi sudah melalui jalan tersebut tutur Zul Akmal Tentang dukungan kepada Indra Catri dalam Pilgub Sumbar Zul menyebut bahwa masyarakat Nagarai Sarik Alahan Tigo bersedia memberikan suara kepada pasangan tersebut Indra Catri mengakui bahwa banyak pekerjaan rumah yang harus diselesaikan Indra Catri jika memimpin Sumbar salah satunya pemerataan ketersediaan jaringan selular dan internet Ia mengatakan bahwa hingga kini terdapat 404 titik tanpa sinyal di provinsi Sumbar Padahal ketersediaan jaringan selular sangat dibutuhkan dalam masa pandemi Covid 19 salah satunya untuk belajar online Ini keluhan yang kerap saya terima ketika berkunjung ke daerah akhir akhir ini ucapnya Tahun ini kata Indra Catri sepengetahuannya pemerintah membangun 38 tower jaringan selular di Sumbar Ini menjadi tugas prioritas NA IC jika menjabat nantinya katanya,0.9614055529598055,1.0,0.0,0.0,0.5,0.0,0.0,1.0,0.0,0.5,1.0,0.0,0.5,0.5,0.0,0.0,1.0,1.0,0.5,3.5,0.0,3.5,1.0,0.0,1.0,0.0072992700729927005,0.9,0.05325443786982249,0.9016702331764573
1068,Pemerintah Pulangkan 500 000 WNI dari Luar Negeri Selama Pandemi Corona,Pandemi COVID 19 masih mewabah di sejumlah negara termasuk Indonesia Menteri Luar Negeri Menlu Retno Marsudi mengatakan pemerintah telah memulangkan 180 045 WNI ke Tanah Air Sejak awal pandemi di tahun 2020 kita juga telah mengevakuasi dan memberikan repatriasi kembali ke Indonesia kepada 180 045 WNI kata Retno dalam rapat kerja bersama Komisi I DPR RI di kompleks parlemen Senayan Jakarta Selasa 26 1 2021 Selain itu Retno mengungkapkan pemerintah telah memberikan 500 000 sembako kepada WNI yang terdampak COVID 19 di luar negeri Rinciannya sekitar 451 348 sembako diberikan kepada WNI di Malaysia serta 83 916 sembako diberikan kepada WNI di luar Malaysia Sementara itu lebih dari setengah juta sembako telah kita sampaikan kepada WNI di luar negeri yang terimbas dampak COVID 19 dimana 451 348 kepada WNI di Malaysia sementara yang di luar Malaysia jumlahnya 83 916 ucapnya Retno memastikan isu perlindungan WNI akan terus berjalan di tahun 2021 Bahkan Retno mengatakan Kemlu akan memperkuat sistem perlindungan WNI seperti menganggarkan anggaran penanganan perlindungan WNI serta mempercepat proses pendataan WNI di luar negeri Selain penangan perlindungan di lapangan Kemlu juga akan memperkuat sistem dan pelindungan WNI di seluruh perwakilan antara lain pemberian dukungan anggaran yang memadai mengenai penanganan perlindungan ucapnya Kemudian percepatan pendataan WNI secara serempak dan seragam di 129 perwakilan RI dan KDEI Taipei menggunakan portal Peduli WNI serta pembangunan integrated data operation center atau i DOC di lingkungan Kemlu sambungnya Untuk diketahui hingga hari ini terdapat 2 948 kasus WNI positif virus Corona di luar negeri Rinciannya 2 090 WNI telah sembuh 171WNI meninggal dunia dan 687 WNI masih dalam perawatan Kemlu menyampaikan tambahan WNI yang positif Corona ada di Korea Selatan dan Yordania Sedangkan tambahan WNI yang dinyatakan sembuh ada di Korea Selatan Uni Emirat Arab dan Yordania WNI terkonfirmasi di luar negeri adalah 2 948 2 090 sembuh 171 meninggal dan 687 dalam perawatan tulis Kemlu melalui akun Twitter Kemlu RI pada Selasa 26 1 2021,0.9611580999194935,1.0,0.0,0.0,0.5,0.0,0.0,1.0,0.0,0.0,0.5,0.0,0.375,0.0,1.0,0.0,1.0,1.0,1.0,4.0,0.0,4.0,1.0,0.0,0.0,0.007326007326007326,0.8181818181818182,0.05325443786982249,0.6917252807677129
12886,Ketua KPK Pakai Masker Karena Mau Nyanyi Indonesia Raya,Koordinator Masyarakat Anti Korupsi Indonesia MAKI Boyamin Saiman melaporkan Ketua Komisi Pemberantasan Korupsi KPK Firli Bahuri ke Dewan Pengawas KPK karena tak mematuhi protokol kesehatan Covid 19 Firli dilaporkan karena tidak memakai masker dan menjaga jarak saat bertemu anak anak ketika melakukan ziarah Kami telah menyampaikan aduan dugaan pelanggaran etik oleh Firli Ketua KPK kepada Dewan Pengawas KPK melalui sarana elektronik kata Boyamin dalam keterangan tertulis Selasa 23 6 Boyamin menilai Firli tak bisa menjadi panutan dalam menjalankan aturan serta arahan pemerintah terkait pencegahan penularan virus corona Menurutnya Firli seharusnya patuh hukum lantaran sebagai penegak hukum Terlebih kata Boyamin baik anak anak maupun Firli yang sudah berusia 56 sangat rentan terpapar virus corona Bahwa tindakan Firli sangat kontras dengan rombongan dan pengawalnya dalam keadaan semua memakai masker ujarnya Atas dasar itu Boyamin meminta Dewan Pengawas KPK untuk menindaklanjuti laporan dugaan pelanggaran kode etik Firli itu Kami memohon Dewan Pengawas KPK untuk melakukan penyelidikan dan memberikan keputusan atas dugaan pelanggaran etik terhadap Firli katanya Respons FirliFirli mengklaim tetap disiplin mengikuti protokol kesehatan pencegahan Covid 19 Terkait foto dirinya yang terlihat tak memakai masker Firli mengatakan sedang menyanyikan lagu Indonesia Raya Dalam perjalanan saya menggunakan masker dan ada saat saya buka masker Dan masker saya pegang untuk beberapa saat itu karena saya hendak menyanyikan lagu Indonesia Raya bersama anak anak sekitar kata Firli Jenderal polisi bintang itu sadar posisinya sebagai ketua KPK akan terus mendapat sorotan Bahkan Firli mengatakan sekalipun Odin menjadi ketua KPK ia akan tetap mendapat kritik seperti dirinya Jika pun Odin The All Father turun dari asgard ke bumi dan menjadi Ketua KPK pasti akan tetap dikritik Saya sangat paham pada perhatian ini ujarnya Odin merupakan pemimpin para dewa dalam mitologi nordik CNNIndonesia com sudah berupaya menghubungi Dewan Pengawas KPK terkait laporan Boyamin Namun hingga berita ini ditulis anggota Dewan Pengawas KPK belum merespons,0.9602549405356489,1.0,0.0,0.0,0.5,0.0,0.0,1.0,0.0,0.5,1.0,0.0,0.5,0.5,0.0,0.0,0.0,0.0,0.5,1.5,0.0,1.5,0.0,0.0,1.0,0.007220216606498195,0.6666666666666666,0.03296703296703297,0.5249211022074491
1103,Satgas COVID 19 Kembali Imbau Bepergian Jika Tak Mendesak,Periode libur akhir tahun semakin dekat Pemerintah melalui Satuan Tugas Satgas Penanganan COVID 19 kembali mengingatkan masyarakat untuk menahan diri dalam bepergian jika tidak terlalu mendesak Hal ini dilakukan sebab lonjakan kasus positif COVID 19 selalu terjadi setelah libur panjang Bila terpaksa untuk bepergian masyarakat juga diminta untuk memahami risiko yang dihadapi Juru Bicara Satgas COVID 19 Wiku Adisasmito menjelaskan libur panjang jika tidak dibarengi dengan regulasi yang ketat hanya akan memunculkan banyak kerumunan Hal inilah yang pada akhirnya membuat orang orang abai untuk menjaga jarak dan rendahnya kepatuhan protokol kesehatan Liburan panjang mendatang adalah kali keempat dan seharusnya kita mampu belajar dari pengalaman lalu Apapun yang pemerintah putuskan terkait pelaku perjalanan di libur panjang akhir tahun ini demi keselamatan bersama ujar Wiku dalam keterangan tertulis Jumat 18 12 2020 Peringatan ini tidak dilakukan tanpa alasan mengingat Indonesia sudah mencatat tiga kali lonjakan kasus yang selalu terjadi setelah libur panjang Pertama ketika libur Idul Fitri bulan Mei silam kedua di Tahun Baru Islam pada Agustus dan terakhir libur Maulid Nabi Muhammad SAW pada akhir Oktober Wiku menjelaskan anjloknya kepatuhan masyarakat terhadap protokol kesehatan akan berujung pada peningkatan penularan virus di tengah masyarakat Bila hal ini terjadi maka peningkatan kasus positif COVID 19 yang tidak didukung dengan cukupnya pelayanan kesehatan justru akan menurunkan peluang kesembuhan Sebaliknya angka kematian berpotensi meningkat di level daerah dan berdampak pada tingkat nasional Peningkatan kasus yang signifikan semakin meningkatkan keterisian tempat tidur dan beban kerja di fasilitas kesehatan ungkapnya Namun jika masyarakat memang terpaksa untuk melakukan perjalanan libur akhir tahun Wiku menekankan pentingnya pemahaman mengenai risiko yang dihadapi Menurutnya ada hubungan linear yang jelas antara mobilitas penduduk dengan peningkatan kasus COVID 19 Hal ini sudah terbukti pada tiga periode libur panjang yang sebelumnya terjadi Wiku meminta masyarakat menjalankan tiga hal secara bertanggung jawab jika perjalanan tetap dilakukan yakni patuhi protokol 3M memakai masker menjaga jarak da mencuci tangan memenuhi seluruh syarat perjalanan yang ditetapkan Pemerintah dan mencari tahu kondisi penularan virus Corona serta kecukupan layanan fasilitas kesehatan di daerah tujuan Hindari melakukan perjalanan ke daerah yang kasusnya masih tinggi dan faskesnya terbatas Seperti kita tahu kapasitas tempat tidur isolasi dan ICU COVID 19 pada saat ini masih terbatas terutama di daerah dengan kasus yang masih tinggi Jadikan ini pertimbangan agar tidak sulitkan diri sendiri dan pemda kata Wiku lebih lanjut Masyarakat juga diminta untuk membatalkan perjalanan bila sakit Selain itu perjalanan juga harus dibatalkan bila calon penumpang tergolong suspek atau positif COVID 18 meski tidak memiliki gejala serta jika calon penumpang sempat berada di sekitar seseorang yagn suspek atau positif dalam 14 hari terakhir meski tidak ada gejala dan sedang menunggu hasil tes COVID 19 Kita sudah hadapi pandemi 10 bulan dan saya tahu pandemi ini sangat berat buat kita semua Meski begitu kita harus melatih diri untuk jadi individu yang bertanggung jawab pungkas Wiku,0.9599909368050935,1.0,0.0,0.0,0.5,0.0,0.0,1.0,0.0,0.5,0.5,0.0,0.3,1.0,0.0,0.0,1.0,1.0,1.0,4.0,0.0,4.0,1.0,0.0,0.0,0.009411764705882352,0.7777777777777778,0.026717557251908396,0.7086050266582645
3238,Survei Kepercayaan Publik Terhadap Anies Atasi Corona Turun,Lembaga survei Indikator Politik mencatat penurunan tingkat kepercayaan publik terhadap Presiden Joko Widodo dan Menteri Kesehatan Menkes Terawan Agus Putranto di bulan Juli 2020 Direktur Eksekutif Indikator Politik Burhanuddin Muhtadi menyebut kepercayaan publik terhadap Jokowi dalam penanganan pandemi corona saat ini menurun dari bulan Mei lalu Trust dan confident publik terhadap kinerja Presiden Jokowi dalam penanganan covid kalau saya jumlahkan antara yang cukup percaya dan sangat percaya itu bulan Mei 67 persen Di bulan Juli ada penurunan sedikit kurang lebih 5 persen kata Burhan dalam rilis survei yang dilakukan secara virtual Selasa 21 7 Burhanuddin menyebut saat ini ada 60 9 persen publik yang masih memiliki kepercayaan terhadap Jokowi Jumlah itu terdiri dari 52 6 persen publik yang menyatakan cukup percaya dan 8 3 persen yang menyatakan sangat percaya Sementara untuk Terawan hanya 58 persen publik yang menyatakan percaya di bulan Mei Jumlah itu terdiri dari 48 4 persen publik menyatakan cukup percaya dan 9 6 persen sangat percaya Kemudian tingkat kepercayaan kepada Terawan turun cukup tajam di bulan Juli mencapai 38 9 persen Hanya 36 7 persen publik yang masih cukup percaya dan 2 2 persen masih sangat percaya kepada Terawan dalam menangani pandemi corona Ini masukan buat Pak Jokowi dan pemerintah Trust terhadap kinerja Jokowi dan penanganan covid ada penurunan meskipun masih tinggi ujarnya Survei dilakukan pada pada 13 16 Juli 2020 terhadap 1 200 responden via telepon Toleransi kesalahan kurang lebih 2 9 persen dengan tingkat kepercayaan 95 persen Kasus positif virus corona Covid 19 di Indonesia per Senin 20 7 bertambah sebanyak 1 693 orang sehingga total menjadi 88 214 orang terinfeksi Covid 19 Dari total jumlah tersebut 46 977 orang dinyatakan sembuh dan 4 239 orang meninggal dunia Sehari sebelumnya angka positif di Indonesia mencapai 86 521 orang Dari total jumlah tersebut 45 401 orang di antaranya sembuh dan 4 143 orang meninggal dunia Angka kumulatif itu berdasarkan data World O Meter melampaui kasus corona di China Pada hari yang sama World O Meter mencatat kasus positif di China sebanyak 83 660 Namun berdasarkan data WHO pada hari yang sama kasus China masih lebih besar dari Indonesia Data WHO per Minggu 19 7 kasus positif di China sebanyak 85 937,0.9583957334507734,0.5,0.0,0.0,0.5,0.0,0.0,1.0,0.0,0.0,0.5,0.0,0.5,0.5,0.0,0.0,1.0,1.0,0.5,3.0,0.0,3.0,1.0,0.0,0.0,0.006779661016949152,0.75,0.03592814371257485,0.66546682429008
555,Nadiem Minta Keringanan UKT Bagi Seluruh Mahasiswa,Koordinator bidang pendidikan Aliansi Badan Eksekutif Mahasiswa Seluruh Indonesia BEM SI Zainal Arifin menilai kebijakan uang kuliah tunggal UKT yang diteken Menteri Pendidikan dan Kebudayaan Nadiem Makarim belum memenuhi seluruh tuntutan pihaknya Sebelumnya Menteri Nadiem telah menerbitkan Permendikbud No 25 Tahun 2020 yang mengatur bahwa PTN bisa memberikan keringanan UKT terhadap mahasiswa yang terkendala ekonomi Itu jadi kemenangan sementara Konteks sementara dalam arti tuntutan kita belum semua terselesaikan Tuntutan kita terselesaikan harapannya jika keringanan UKT bukan cuma bagi teman teman yang terdampak tapi seluruh mahasiswa ujarnya kepada CNNIndonesia com melalui sambungan telepon Selasa 23 6 Menurut survei yang dilakukan Aliansi BEM SI terdapat 83 persen mahasiswa yang keadaan ekonominya terdampak pandemi Covid 19 atau corona Jumlah ini kata Zainal hampir mencakup seluruh mahasiswa Survei dilakukan terhadap 2 311 responden dari 132 kampus di 21 provinsi di Indonesia Untuk itu ia menilai seharusnya keringanan UKT diberikan kepada seluruh mahasiswa Selain UKT ia menyampaikan biaya kuota jadi kendala mayoritas mahasiswa selama pembelajaran jarak jauh PJJ Dari survei tersebut ada 82 2 persen mahasiswa yang terbebani biaya kuota Angka tersebut menunjukkan mahasiswa dihadapkan dengan biaya kuota yang mahal Tapi banyak kampus yang belum mampu mengakomodir kebutuhan real mahasiswa jelasnya Ia menilai pemerintah perlu memperhatikan hal ini Terlebih kebijakan PJJ bakal tetap diterapkan di kampus pada tahun ajaran 2020 2021 sebagaimana telah diputuskan Nadiem Secara terpisah Plt Direktur Jenderal Pendidikan Tinggi Kemendikbud Nizam mengakui ada sejumlah kendala yang dihadapi perguruan tinggi selama PJJ beberapa bulan ke belakang Terutama masalah infrastruktur dan kesiapan dosen soal pembelajaran daring Terutama di dalam asesmen feedback dan evaluasi belajar ujarnya pada rapat dengar pendapat dengan Komisi X DPR Senin 22 6 Saat ini pihaknya tengah menjalankan sejumlah program pelatihan dosen untuk pembelajaran daring Sedangkan dari sisi infrastruktur lanjutnya Kemendikbud sudah menyiapkan laman SPADA sebagai sistem belajar daring gratis untuk perguruan tinggi Ia pun menyatakan telah berkoordinasi dengan Kementerian Komunikasi dan Informatika untuk menunjang pembelajaran daring di perguruan tinggi Katanya Kominfo sudah berjanji mengupayakan jangkauan jaringan ke daerah 3T tertinggal terdepan terluar Provider internet juga akan meningkatkan kapasitas dan layanan serta membuat paket kuota yang ramah kantong mahasiswa tambahnya,0.9575390250946161,1.0,0.0,0.0,0.5,0.0,0.0,1.0,0.0,0.5,0.5,0.0,0.5,0.5,0.0,0.0,1.0,1.0,0.5,3.5,0.0,3.5,1.0,0.0,1.0,0.005970149253731343,0.8571428571428571,0.02654867256637168,0.8719522300342131
11500,UNICEF Sebut 100 Juta Anak Dunia Kesulitan Belajar Jarak Jauh,Yayasan Perserikatan Bangsa Bangsa untuk Anak anak UNICEF menerbitkan laporan yang menyatakan 463 juta anak di dunia kesulitan melakukan pembelajaran jarak jauh di tengah pandemi virus corona Covid 19 Banyaknya anak anak yang pendidikannya benar benar terganggu selama berbulan bulan merupakan keadaan darurat bagi pendidikan global kata Direktur Eksekutif UNICEF Henrietta Fore dalam sebuah pernyataan Dilansir AFP Jumat 28 8 Dampaknya bisa dirasakan di ekonomi dan masyarakat selama beberapa dekade mendatang tambahnya PBB memperkirakan 1 5 miliar anak di seluruh dunia terdampak oleh penguncian wilayah lockdown atau penutupan sekolah yang disebabkan oleh pandemi Laporan tersebut menggarisbawahi perbedaan geografis yang besar dalam akses anak anak ke pendidikan jarak jauh Di Eropa dampak tersebut lebih sedikit dibandingkan di Afrika atau sebagian wilayah Asia Laporan UNICEF didasarkan pada data yang dikumpulkan dari sekitar 100 negara mengukur akses publik ke internet televisi dan radio Menurut UNICEF bahkan anak anak dengan akses yang memadai mungkin juga menghadapi kendala lain dalam menerima pendidikan jarak jauh seperti kurangnya ruang belajar yang baik di rumah tekanan untuk melakukan pekerjaan lain di rumah atau kurangnya dukungan teknis saat masalah komputer muncul Di antara siswa di seluruh dunia yang tidak dapat mengakses pendidikan virtual 67 juta berada di Afrika bagian timur dan selatan 54 juta di Afrika bagian barat dan tengah 80 juta di Pasifik dan Asia Timur 37 juta di Timur Tengah dan Afrika Utara 147 juta di Asia Selatan dan 13 juta di Amerika Latin dan Karibia Tidak ada angka yang disebutkan untuk wilayah Amerika Serikat dan Kanada Dengan segera dimulainya tahun ajaran baru di banyak negara termasuk kelas tatap muka di banyak tempat UNICEF mendesak pemerintah untuk memprioritaskan pembukaan kembali sekolah yang aman ketika mereka mulai mengurangi pembatasan lockdown Jika pembukaan kembali tidak memungkinkan dilakukan pemerintah harus mengatur pembelajaran kompensasi untuk waktu instruksional yang hilang ujar laporan itu,0.9572632616541246,1.0,0.0,0.0,0.5,0.0,0.0,1.0,0.0,0.5,0.5,0.0,0.3333333333333333,0.0,1.0,0.0,1.0,1.0,0.8,3.8,0.19999999999999996,3.5999999999999996,1.0,0.0,1.0,0.010526315789473684,0.9,0.047872340425531915,0.8807310324968871
7511,17 Relawan Vaksin Corona Lagi Jadi Peserta Uji Klinis,Sebanyak 17 relawan uji klinis fase ketiga vaksin virus corona Covid 19 Sinovac di Bandung Jawa Barat keluar atau drop out dari keikutsertaannya Belasan orang itu tidak lagi menjadi objek penelitian untuk tahap berikutnya Kendati demikian Tim Uji Klinis Vaksin Covid 19 menegaskan 17 relawan yang mundur bukan disebabkan efek vaksinasi suntikan pertama melainkan karena ihwal lain Memang ada yang drop out tapi bukan karena reaksi vaksin Tapi karena memang pindah bekerja ada penyakit lain umpamanya tipes sehingga dia tidak bisa melakukan imunisasi kedua sehingga dia drop out kata Ketua Tim Peneliti Uji Klinis Vaksin Covid 19 dari FK Universitas Padjajaran Kusnandi Rusmil melalui konferensi pers daring yang dikutip CNNIndonesia com Rabu 4 11 Sekarang ini yang drop out ada 17 orang imbuhnya Kusnandi merinci dari 17 relawan itu tujuh diantaranya mundur karena pindah domisili dan tempat kerja Sedangkan delapan lainnya karena sakit Namun sekali lagi ia menegaskan mereka sakit bukan karena efek vaksinasi dalam masa uji coba Kusnandi pun menyebut sudah ada 1 620 relawan yang mendapat suntikan pertama dan 1 650 relawan yang mendapat suntikan kedua Ia mengklaim sejauh ini kondisi ribuan relawan baik baik saja dan tidak ditemukan efek samping serius dari penyuntikan vaksin tersebut Direktur utama Bio Farma Honesti Basyir turut mengatakan uji klinis fase ketiga kandidat vaksin Sinovac di Bandung belum selesai Sejauh ini juga tidak ditemukan indikasi yang bisa menghambat uji klinis Pihaknya pun optimistis proses pembuatan vaksin dapat berjalan sesuai harapan dan selesai pada 2021 mendatang Kita harapkan dalam enam bulan ini akan segera menunjukkan hasil kata Honesti Ia yakin kerjasama dengan FK Unpad serta melibatkan BPOM bisa menambah keyakinan Bio Farma untuk mendapat hasil yang diharapkan Kemudian lanjutnya Badan POM bersama Komite Nasional Penilaian Obat Vaksin akan mengkaji hasil dari uji klinis fase 3 Apabila kedua lembaga tersebut menilai hasilnya aman dan mampu menimbulkan kekebalan maka izin produksi vaksin akan dikeluarkan Selain Sinovac Indonesia juga mengembangkan vaksin dalam negeri bernama Vaksin Merah Putih yang diproduksi oleh PT Bio Farma bersama Lembaga Biologi Molekuler Eijkman Menteri Keuangan Sri Mulyani pun memastikan vaksin merah putih akan sesuai dengan standar Badan Kesehatan Dunia WHO,0.9564822456036429,0.5,0.0,0.0,0.5,0.0,0.0,1.0,0.0,0.0,0.5,0.0,0.25,0.0,1.0,0.0,1.0,1.0,1.0,3.5,0.0,3.5,1.0,0.0,1.0,0.006269592476489028,0.7777777777777778,0.03333333333333333,0.7610361320389593
2531,Pemerintah Menanti Masukan UU Kesehatan Lewat Portal Online,Menteri Koordinator Bidang Perekonomian Airlangga Hartarto mengatakan pemerintah tengah bergegas menyusun semua peraturan pelaksanaan PP UU Cipta Kerja Hal ini sesuai dengan ketentuan pasal 185 dalam UU tersebut paling lama 3 bulan setelah diundangkan pada 2 November 2020 PP arus ditetapkan Menurut Airlangga pemerintah juga melibatkan masyarakat secara luas dalam menyusun PP salah satunya dengan membuat portal resmi UU Cipta Kerja yang bisa diakses di uu ciptakerja go id untuk menampung masukan dan aspirasi seluruh masyarakat Sesuai arahan Bapak Presiden pemerintah membuka ruang yang seluas luasnya untuk berbagai masukan dan aspirasi dari masyarakat dan seluruh stakeholder supaya dapat menampung seluruh aspirasi masyarakat dan agar sejalan dengan tujuan pembentukan UU Cipta Kerja ujar Airlangga dalam keterangannya Selasa 17 11 2020 Masyarakat bisa menyampaikan usulan dalam penyiapan dan perumusan seluruh PP UU yang nama resminya adalah UU Nomor 11 Tahun 2020 di portal tersebut Ia melanjutkan pemerintah juga membuka kesempatan berinteraksi untuk pembahasan bersama masyarakat dan stakeholder Ia berharap banyak masukan dan usulan untuk penyempurnaan draf RPP dan R Perpres sebagai pelaksanaan UU Cipta Kerja Melalui penyediaan portal resmi UU Cipta Kerja ini pemerintah secara resmi mengundang seluruh lapisan masyarakat publik dan stakeholder terkait untuk menyampaikan aspirasinya terkait dengan pelaksanaan UU Cipta Kerja agar dalam penyusunan RPP dan R Perpres transparan dan melibatkan partisipasi aktif seluruh komponen masyarakat ungkapnya Setelah ditandatangani Presiden Jokowi sejumlah draf RPP dan draf rancangan R Perpres sudah disiapkan Dalam portal Cipta Kerja juga sudah terdapat 9 draft RPP yang bisa diunduh secara lengkap oleh masyarakat melalui portal resmi UU Cipta Kerja Sebelumnya dalam inventarisasi yang dilakukan kementerian lembaga terkait ada 44 peraturan pelaksanaan yang terdiri dari 40 RPP dan 4 R Perpres Selain itu juga ada 19 kementerian lembaga yang menjadi penanggung jawab dari draf RPP R Perpres Mereka bersama lebih dari 30 kementerian lembaga lainnya tengah menyelesaikan penyusunan 44 PP tersebut Selain itu seluruh kementerian lembaga terkait juga akan menyosialisasikan memublikasikan dan menggelar konsultasi publik terhadap substansi dan materi dari draf 40 RPP dan 4 R Perpres Sosialisasi itu tidak hanya dilakukan di Jakarta namun juga di daerah Melalui cara ini diharapkan penyusunan PP UU Cipta Kerja mampu menampung masukan semua pihak secara lebih komprehensif Airlangga sejak awal telah menyebut UU Cipta Kerja bertujuan untuk membuka lapangan kerja Selain itu juga mendorong peningkatan usaha dengan memberikan berbagai kemudahan perlindungan dan pemberdayaan serta berbagai insentif usaha Kemudahan ini diberikan kepada koperasi dan UMKM maupun korporasi dan industri nasional Lebih lanjut ia menyebut UU Cipta Kerja ni diharapkan bisa mendukung upaya pemulihan ekonomi nasional yang saat ini tengah dilakukan pemerintah dalam menghadapi masa pandemi COVID 19 Dalam jangka menengah UU Cipta Kerja bertujuan untuk menyiapkan perekonomian Indonesia supaya bisa bangkit dari keterpurukan pandemi Sementara dalam jangka panjang akan meningkatkan daya saing ekonomi Indonesia di tengah persaingan global Airlangga juga menyatakan tiga manfaat UU Cipta Kerja pertama mendorong penciptaan lapangan kerja kedua memudahkan pembukaan usaha baru ketiga mendukung pemberantasan korupsi Namun diakuinya pemerintah harus mampu mengelola persepsi dan keseimbangan komunikasi dengan publik baik lewat saluran media massa atau media sosial agar UU Cipta Kerja ini bisa dipahami secara komprehensif oleh masyarakat Sementara itu Direktur Jenderal Pendidikan Tinggi Kementerian Pendidikan dan Kebudayaan Nizam juga menyebut tujuan dari UU ini positif terhadap kemajuan ekonomi Ia mengatakan setiap tahun perguruan tinggi meluluskan sekitar 1 7 juta sarjana baru persoalan lapangan kerja dan upaya menggerakkan ekonomi harus menjadi perhatian bersama Munculnya perbedaan pendapat dalam menyikapi UU Cipta Kerja ini dianggapnya sebagai hal yang wajar Sebaliknya ia berharap hal tersebut justru menghasilkan masukan yang terbaik bagi bangsa dan negara Ia juga berharap kajian kajian dan masukan tertulis dari perguruan tinggi perlu didorong bersama Ia berharap perguruan tinggi juga berperan aktif menyiapkan PP UU Cipta Kerja ini Selain itu perguruan tinggi juga diharapkan bisa menyosialisasikan UU ini secara baik Informasi yang berimbang juga harus sampai ke mahasiswa Jangan sampai turun ke jalan hanya karena provokasi atau hoaks ungkapnya,0.9562854555509778,0.5,0.0,0.0,0.5,0.0,0.0,1.0,0.0,0.0,0.5,0.0,0.5,0.5,0.0,0.0,0.0,0.0,0.5,1.0,0.0,1.0,0.0,0.0,1.0,0.0,0.625,0.017064846416382253,0.6457020563500723
1661,Ini Alasan Polisi Tetapkan Nakes Wisma Atlet Jadi Tersangka Mesum,Polisi menetapkan pasien yang mesum sesama jenis di Rumah Sakit Darurat Wisma Atlet sebagai tersangka sedangkan tenaga kesehatan nakes masih berstatus sebagai saksi Apa alasan polisi menetapkan pasien sebagai tersangka Iya tersangka karena dia adalah penyebarnya dilaporkan adalah penyebar akun Ada tiga akun yang disebarkan video porno ini kata Kabid Humas Polda Metro Jaya Kombes Yusri Yunus di Mapolda Metro Jaya Jakarta Selatan Minggu 27 12 2020 Yusri mengatakan RS Wisma Atlet melaporkan tiga akun yang menyebarkan konten asusila di media sosial Polisi mengatakan nakes yang diduga mesum bersama pasien itu saat ini statusnya sebagai saksi Nakes itu kata polisi dinonaktifkan oleh pihak rumah sakit Karena terlapor ini adalah pasien sendiri yang sampai saat ini positif kemudian saksi satu yang memang kerjanya relawan di situ sebagai perawat dapat informasi yang bersangkutan dinonaktifkan tetapi kita sudah ke pemeriksaan untuk klarifikasi Pagi tadi sudah gelar perkara dan sudah dinaikkan ke penyidikan kita harus bergerak cepat karena memang ada barang bukti yang dilakukan penyitaan jelasnya Yusri mengatakan saat ini pasien Wisma Atlet yang ditetapkan tersangka itu masih menjalani perawatan intensif di Wisma Atlet Polisi juga akan memanggil sejumlah saksi dan ahli untuk menyidik kasus ini Hari ini baru saja gelar perkara dan dinaikkan ke sidik nanti akan kita panggil lagi untuk relawan tersebut untuk kita panggil periksa sebagai saksi termasuk saksi ahli jelasnya Selanjutnya di halaman berikutnya,0.9560047045383544,0.5,0.0,0.0,0.5,0.0,0.0,1.0,0.0,0.5,0.5,0.0,0.5,0.5,0.0,0.0,1.0,1.0,0.5,3.0,0.0,3.0,1.0,0.0,0.0,0.009478672985781991,0.8,0.06153846153846154,0.7775956425625079
4213,Apel Pengamanan Tahun Baru Kapolda Riau Minta Ada Pesta Kembang Api,Polda Riau menggelar Operasi Lilin Lancang Kuning 2020 untuk persiapan Natal dan Tahun Baru Nataru Apel dipimpin Kapolda Riau Irjen Agung Setya Pantauan detikcom apel gelar pasukan di Mapolda Riau Jalan Partimura Pekanbaru Riau Apel diikuti 1 200 personel gabungan dari TNI Polri BPBD Dinas Perhubungan dan Forkopimda Riau Operasi pengamanan masyarakat dan tim gabungan 1 200 personel Tentu dalam 18 pos pelayanan agar kita berikan pelayanan Natal dan Tahun Baru dengan baik terang Irjen Agung Senin 21 12 2020 Operasi digelar mulai 21 Desember 6 Januari Diakui Agung Operasi Lilin Lancang Kuning kali ini berbeda dari tahun tahun lalu Di mana pada tahun ini petugas gabungan lebih mengutamakan penerapan protokol kesehatan Operasi ini khususnya menjaga protokol kesehatan Mengingat untuk wilayah Riau Kamtibmas sudah kita antisipasi imbuh Agung Penerapan protokol kesehatan ketat tidak lain untuk mencegah penularan COVID 19 Termasuk mencegah terjadi klaster baru saat libur Natal dan Tahun Baru Kita tidak mau ada klaster baru Natal dan tahun baru Tentu kami harap kerjasama masyarakat malam tahun baru untuk tidak ada kegiatan pesta kembang api jadi untuk pergantian tahun baru di rumah saja sama keluarga katanya Pada hari pertama operasi digelar Kapolda dan Forkopimda langsung memantau titik keramaian Pemantauan dimulai dari pusat keramaian Pasar Sukarami pasar di bawah Jembatan Siak IV hingga finish di Markas Korem 031 Wira Bima Hari ini kita selenggarakan patroli sekala besar untuk kita memulai mendisiplinkan masyarakat Kota Pekanbaru Tujuannya agar masyarakat terbiasa dan aman itu untuk menjamin rasa aman masyarakat tutup Kapolda Terlihat hadir dalam gelar pasukan Wakil Gubernur Brigjen TNI Purn Edy Natar Nasution Danrem Brigjen TNI M Syech Ismed Ketua DPRD Riau Yulisman serta Forkopimda Riau,0.9552654304766554,1.0,0.0,0.0,0.5,0.0,0.0,1.0,0.0,0.5,1.0,0.0,0.5,0.5,0.0,0.0,1.0,1.0,0.5,3.5,0.0,3.5,1.0,0.0,1.0,0.015873015873015872,0.9090909090909091,0.059880239520958084,0.9062223154846528
2753,Erick Thohir Deg degan Siapkan 160 Juta Dosis Vaksin Corona,Menteri BUMN Erick Thohir mengaku deg degan mengemban tugas dari Presiden Joko Widodo untuk memastikan BUMN siap menyediakan 320 juta sampai 380 juta dosis vaksin covid 19 hingga 2021 Pasalnya jumlah tersebut berkisar 10 kali lipat dari kemampuan produksi normal PT Bio Farma Persero sebesar 30 juta hingga 40 juta dosis vaksin Namun Erick menyanggupi tugas yang disebutnya sebagai misi mustahil tersebut Deg degan Bayangkan imunisasi kapasitas 40 juta sekarang harus 320 juta sampai 380 juta katanya Jumat 7 8 Erick memastikan pada akhir tahun ini Bio Farma dibantu kedua anak perusahaannya yaitu PT Kimia Farma Persero Tbk dan PT Indofarma Persero Tbk mampu memproduksi 200 juta dosis vaksin covid 19 tanpa harus mengorbankan produksi vaksin reguler seperti polio Sehingga sepanjang 2021 pemerintah dapat menyediakan kurang lebih 400 juta dosis vaksin Pada Januari Februari 2021 vaksinasi dapat dilakukan untuk 30 juta hingga 40 juta dosis pertama Erick menyebut setidaknya akan ada 160 ribu hingga 190 ribu orang yang harus menerima vaksin Per orang dibutuhkan dua kali vaksin sehingga ia memperkirakan dibutuhkan setidaknya 320 juta vaksin siap pakai pada 2021 Selain produksi Erick menyebut tantangan selanjutnya adalah distribusi dan proses vaksinasi di masyarakat Dalam hal ini ia menyebut keberhasilan akan bergantung pada kekompakan antar lintas Kementerian Pemda TNI Polri dan perangkat masyarakat Keterbatasan kemampuan membuat tahap awal vaksin akan diberikan kepada daerah daerah yang paling memerlukan seperti provinsi dengan kasus covid 19 paling banyak Ini sesuatu yang impossible mustahil kalau sendiri sendiri tapi ga mau tahu harus bisa setahun karena risikonya pemulihan ekonomi akan lama lagi tuturnya Selain bertumpu pada kemampuan BUMN Erick menyatakan akan menggandeng farmasi swasta demi memastikan kebutuhan vaksin terpenuhi Namun ia memastikan kewenangan tidak akan dilepas demi memastikan seluruh lapisan masyarakat mendapatkan vaksin Gambas Video CNN,0.9550841951952034,1.0,0.0,0.0,0.5,0.0,0.0,1.0,0.0,0.5,0.5,0.0,0.18181818181818182,0.0,0.0,0.0,0.0,0.0,0.75,1.75,0.25,1.5,0.0,0.0,1.0,0.015037593984962405,0.8,0.045714285714285714,0.8627743118577544
10391,Rapid Antigen Pemain Elekton dan Penyelenggara Hajatan 1 Warga Positif,Hiburan musik elekton untuk memeriahkan hajatan sunatan di Bojonegoro dibubarkan polisi Hajatan dibubarkan terjadi di Desa Sumengko Kecamatan Kalitidu Bojonegoro Sabtu 26 12 2020 sekitar pukul 21 00 WIB Warga setempat sengaja mengundang musik elekton untuk menghibur tamu di hajatan sunatan Warga dan tetangga yang awalnya asyik berkerumun melihat hiburan akhirnya bubar melihat petugas berdatangan Atas nama undang undang dan maklumat kapolri di masa pandemi COVID 19 kami hentikan gelaran ini tegas Kapolsek Kalitidu AKP Harjo di lokasi hajatan Minggu 27 12 2020 Dalam operasi yustisi ini petugas gabungan dari Polri TNI Satpol PP dan tim kesehatan juga mengambil sampel rapid antigen para pemain musik dan pemilik rumah yang punya hajatan Tak ada perlawanan saat pembubaran acara tersebut Pemilik rumah dan hajatan hanya bisa pasrah Meski begitu pemilik rumah membuat surat pernyataan agar tidak mengulangi kembali kegiatan tersebut Mereka diminta mendukung upaya pemerintah untuk disiplin protokol kesehatan Yang punya hajatan kita minta buat surat pernyataan Kegiatan kerumunan tidak ada izin keramaian juga tambahnya Dia menambahkan tim gabungan akan terus berupaya melakukan gerakan disiplin dalam rangka penegakan protokol kesehatan untuk menekan angka sebaran COVID 19 Bojonegoro saat ini zona merah jumlah yang terpapar COVID 19 terus naik Hal ini karena kurang sadarnya masyarakat dalam mematuhi protokol kesehatan tegas Kapolsek Kalitidu Tonton juga Frustrasi Pandemi Corona Masyarakat Alami Pandemic Fatigue Gambas Video 20detik,0.9549395341650948,0.5,0.0,0.0,0.5,0.0,0.0,1.0,0.0,0.5,0.5,0.0,0.125,0.0,0.0,0.0,0.0,0.0,0.0,0.5,1.0,-0.5,0.0,1.0,1.0,0.004694835680751174,0.7,0.04697986577181208,0.7893419249479449
12425,2 325 Kasus Baru Covid 19 Indonesia Kembali Catat Rekor Tertinggi,Indonesia kembali mencatat rekor penambahan harian pasien positif virus corona atau kasus baru Covid 19 Berdasarkan data pemerintah yang masuk hingga Jumat 28 8 2020 pukul 12 00 WIB tercatat ada penambahan pasien positif Covid 19 sebanyak 3 003 orang dalam 24 jam terakhir Angka tersebut merupakan penambahan kasus paling tinggi sejak pasien pertama Covid 19 diumumkan Presiden Joko Widodo pada 2 Maret lalu Penambahan 3 003 kasus baru merupakan hasil dari pemeriksaan 33 082 spesimen Dalam periode yang sama ada 16 649 orang yang diambil sampelnya untuk pemeriksaan spesimen Dengan demikian pasien Covid 19 di Indonesia kini mencapai 165 887 orang Informasi tersebut sampaikan Satuan Tugas Penanganan Covid 19 melalui data Badan Nasional Penanggulangan Bencana BNPB yang dikutip Kompas com Jumat sore Berdasarkan catatan Kompas com rekor penambahan kasus dalam sehari terjadi kemarin Kamis 27 8 2020 dengan 2 719 orang Serta juga terjadi pada 9 Juli 2020 dengan 2 657 orang dengan total kasus 70 736 orang Meski jumlah kasus Covid 19 terus bertambah pemerintah menumbuhkan harapan dengan mengungkapkan semakin banyaknya pasien yang sembuh Pada periode yang sama diketahui bahwa ada penambahan 2 325 pasien Covid 19 yang sembuh dalam sehari,0.9546224448694858,1.0,0.0,0.0,0.5,0.0,0.0,1.0,0.0,0.5,1.0,0.0,0.4,0.5,0.5,0.0,1.0,1.0,1.0,4.0,0.0,4.0,1.0,0.0,0.0,0.028409090909090908,0.8181818181818182,0.07692307692307693,0.6881243210573117
10291,Tak ada Penyekatan untuk Jaring yang Konvoi Malam Tahun Baru di Kota Kediri,Polisi Kediri Kota melakukan penyekatan dan penutupan akses masuk kota Ini sebagai upaya mencegah arak arakan motor dalam perayaan malam tahun baru Polresta Kediri melarang warga berkerumun dan merayakan pesta pergantian tahun Sebab pandemi COVID 19 belum berakhir Untuk itu pihaknya telah menyiapkan langkah langkah antisipasi Kapolresta Kediri AKBP Miko Indrayana mengatakan ada sejumlah langkah yang akan diterapkan guna mengantisipasi kerumunan saat malam pergantian tahun Pihak kepolisian bekerja sama dengan TNI dan instansi terkait dalam pengamanan malam tahun baru ini Langkah pertama yakni melaksanakan kegiatan operasi yustisi yang rutin tiap hari dilaksanakan bersama dengan Satpol PP kemudian dari Kodim 0809 beserta dengan Dinas Perhubungan Kota Kediri Yang kedua memberikan edukasi kepada warga terkait dengan COVID 19 Mulai dengan pembagian masker dan imbauan ke pusat perbelanjaan dan keramaian Yang ketiga petugas menggelar penutupan pada jalur jalur atau ruas ruas jalan yang berpotensi terjadi pengumpulan massa Mulai pukul 20 00 WIB hingga pukul 01 00 WIB nanti Berarti tidak ada kerumunan di 5 titik jalan masuk dan keluar Kota Kediri Semua titik akan dilaksanakan penyekatan mulai jam 08 00 malam sampai pukul 01 00 dini hari di 1 Januari,0.9544040775583318,1.0,0.0,0.0,0.5,0.0,0.0,0.0,0.0,0.5,1.0,0.0,0.5,0.5,0.0,0.0,1.0,-1.0,0.5,2.5,1.0,1.5,1.0,0.0,0.0,0.016042780748663103,0.7692307692307693,0.078125,0.5989877060145504
6749,Zona Hijau Corona Bertambah Jadi 866 Daerah,Epidemiolog Gugus Tugas Penanganan Covid 19 Dewi Nur Aisyah mengatakan ada perubahan zonasi risiko penularan virus corona di Indonesia per data 5 Juli 2020 Dewi menyebut ada penambahan zona hijau di Indonesia hingga berjumlah 104 sementara zona merah berada di angka 53 Provinsi yang berhasil berpindah ke zona hijau adalah tiga daerah di Provinsi Sumatera Barat dan dua daerah di Provinsi Sumatera Selatan Ada 43 kabupaten kota yang meski sebelumnya terdapat kasus namun tidak ada kasus baru dalam dua pekan sehingga menjadi zona hijau dan 61 kabupaten kota yang tidak terdampak dan 53 zona merah kata Dewi di Graha BNPB Jakata Selasa 7 7 Dewi menekankan peta zonasi dapat berubah warna setiap minggunya bergantung pada penemuan kasus dalam daerah tersebut Untuk diketahui penentuan zona pada sebuah daerah berdasarkan pada indikator kesehatan masyarakat seperti indikator epidemiologi indikator surveilans kesehatan masyarakat dan indikator pelayanan kesehatan Setidaknya ada empat kategori zona wilayah terkait Covid 19 Itu adalah zona hijau yang berarti daerah tanpa penularan virus corona zona kuning artinya penyebaran Covid 19 rendah zona oranye menandakan daerah dengan risiko sedang dan zona merah berarti wilayah dengan risiko penyebaran corona tinggi Pengendalian di Tingkat ProvinsiDi tempat yang sama dalam waktu terpisah Juru Bicara Pemerintah untuk penanganan Covid 19 Achmad Yurianto mengatakan banyak provinsi di Indonesia yang sudah mampu mengendalikan penularan virus corona Sudah cukup banyak provinsi yang terkendali dan kita harus menjaga terus tanpa kemudian mengendorkan upaya kita untuk beradaptasi dengan kebiasaan baru ujar Yuri di Graha BNPB Selasa petang Untuk diketahui angka sembuh secara nasional menunjukkan peningkatan mencapai 46 06 persen Meskipun demikian angka tersebut masih berada di bawah rata rata tingkat kesembuhan global sebanyak 56 55 persen Namun Yuri menegaskan jika dilihat per provinsi ada sembilan provinsi dengan angka sembuh melebihi 80 persen Provinsi tersebut ialah Riau Kalimantan Barat Sulawesi Tenggara Kalimantan Timur Kepulauan Riau Gorontalo Yogyakarta Sumatera Barat dan Bangka Belitung Sementara angka kematian pada kasus Covid 19 masih berada di kisaran 4 99 persen Angka kematian secara nasional masih berada di atas angka global yakni 4 64 persen Gambas Video CNN Yuri juga mengingatkan jika melihat angka kematian per provinsi ada 11 daerah dengan angka kematian di bawah 2 persen lebih rendah dibanding angka kematian global Sebelas provinsi tersebut adalah Jambi NTT Papua Kalimantan Utara Kalimantan Barat Bangka Belitung Sulawesi Tenggara Sulawesi Barat Bali Kalimantan Timur dan Papua Barat Lebih lanjut Yuri meminta permasalahan Covid 19 ditangani bersama sama dengan bantuan peran masyarakat untuk menerapkan protokol kesehatan Peran serta masyarakat menjadi faktor penentu di dalam pengendalian ini kata Yuri Laporan Gugus Tugas per 7 Juli 2020 mencatat penambahan kasus positif sebanyak 1 268 secara akumulatif kasus positif berjumlah 66 226 Kasus sembuh bertambah 866 sehingga total 30 785 sementara kasus meninggal dunia bertambah 68 secara keseluruhan 3 309 Baca halaman berikutnya Daftar Lengkap Zona Hijau dan Zona Merah Covid 19 di Indonesia,0.9543906324721309,0.5,0.0,0.0,0.5,0.0,0.0,1.0,0.0,0.0,0.5,0.0,0.25,0.0,1.0,0.0,1.0,1.0,1.0,3.5,0.0,3.5,1.0,0.0,1.0,0.0024096385542168677,0.8571428571428571,0.02531645569620253,0.9036583555704157
1689,Ragam Pendapat 75 Persen WFH di Ibu Kota demi Corona Berlipat,Kebijakan pemerintah menambah kuota karyawan work from home WFH menjadi 75 persen demi mengantisipasi lonjakan kasus COVID 19 pascalibur Natal dan tahun baru menuai beragam pendapat Kalangan ahli hingga Dewan angkat bicara Arahan tersebut awalnya disampaikan Wakil Ketua Komite Penanganan COVID‐19 dan Pemulihan Ekonomi Nasional Luhut Binsar Pandjaitan kepada Gubernur DKI Jakarta Anies Baswedan Luhut meminta Anies memperketat work from home WFH dengan menambah kuota karyawan yang bekerja di rumah Arahan ini disampaikan Menko Kemaritiman tersebut saat Rapat Koordinasi Penanganan COVID 19 di DKI Jakarta Jabar Jateng Jatim dan Bali secara virtual pada Senin 14 12 Rapat virtual itu dihadiri Menkes Terawan Agus Putranto Menhub Budi Karya Sumadi Ketua BNPB Doni Monardo Gubernur DKI Jakarta Anies Baswedan Gubernur Jawa Barat Ridwan Kamil Gubernur Jawa Timur Khofifah Indar Parawansa Gubernur Bali I Wayan Koster perwakilan Gubernur Jawa Tengah serta pangdam dan kapolda terkait Menko Luhut meminta kepada Gubernur DKI Jakarta Anies Baswedan untuk mengetatkan kebijakan bekerja dari rumah work from home hingga 75 persen demikian bunyi keterangan tertulis Kemenko Marves seperti dikutip pada Selasa 15 12 Selain itu Luhut meminta Anies membatasi jam operasional hingga pukul 19 00 WIB Jumlah orang berkumpul di tempat makan mal dan tempat hiburan juga tetap dibatasi Agar kebijakan tersebut tidak membebani penyewa tempat usaha di mal Luhut meminta pemilik pusat perbelanjaan melalui Gubernur DKI Jakarta memberikan keringanan rental dan service charge kepada para tenant penyewa Untuk mengantisipasi kenaikan jumlah kasus COVID 19 pascalibur Natal dan tahun baru 2020 2021 pemerintah memutuskan melarang kerumunan dan perayaan tahun baru di tempat umum Luhut meminta agar implementasi pengetatan ini dimulai pada 18 Desember 2020 hingga 8 Januari 2021Atas kebijakan itu sejumlah kalangan ikut bersuara Berikut ini pendapat mereka Selengkapnya di halaman berikutnya,0.9540957507947616,1.0,0.0,0.0,0.5,0.0,0.0,1.0,0.0,0.0,0.5,0.0,0.18181818181818182,1.0,0.0,0.0,0.0,0.0,1.0,2.0,0.0,2.0,0.0,0.0,1.0,0.003937007874015748,0.5454545454545454,0.03428571428571429,0.5001954604967491
8034,Dokter Sebut Virus Corona tak Bisa Sebabkan Diabetes,Hubungan yang terbangun antara diabetes dan Covid 19 masih belum selesai diperdebatkan Sejumlah dokter mengatakan kasus infeksi virus corona dapat sebabkan diabetes Sebelumnya telah terbukti dan diketahui secara umum bahwa diabetes dapat meningkatkan risiko komplikasi akibat Covid 19 Orang dengan diabetes menjadi kelompok paling berisiko untuk mengalami komplikasi Namun seiring berjalannya waktu semakin banyak bukti yang memperlihatkan bahwa Covid 19 dan diabetes juga memiliki hubungan patologis dua arah Artinya pasien positif Covid 19 dapat mengembangkan diabetes tipe 1 atau tipe 2 meski mereka tak memiliki faktor risiko pada umumnya seperti kelebihan berat badan Sejumlah dokter dan ilmuwan hingga saat ini masih mencoba mencari jawaban dari kemungkinan tersebut Diabetes sendiri merupakan gangguan metabolisme yang terjadi saat kadar gula darah berada di atas normal Melansir Fortune para dokter menduga virus SARS CoV 2 dapat memengaruhi pankreas penghasil insulin yang bertugas mengatur kadar gula darah Sebuah tim dokter yang dipimpin oleh Francesco Rubino dari King s College London mencoba mengungkapkan hubungan antara diabetes dan Covid 19 Dia bekerja sama dengan banyak dokter dari seluruh dunia yang diminta untuk berbagi cerita tentang pasien yang mengembangkan diabetes setelah terinfeksi virus corona Pada Agustus lalu Rubino dan sejumlah ahli lainnya menguraikan pengamatan awal mereka dalam jurnal NEJM Mereka menggambarkan Covid 19 dan diabetes sebagai hubungan dua arah Diabetes dapat meningkatkan risiko komplikasi Covid 19 Tapi di sisi lain Covid 19 juga dapat meningkatkan risiko diabetes Di satu sisi diabetes dikaitkan dengan peningkatan risiko Covid 19 yang parah Di sisi lain beberapa jenis diabetes atau komplikasi metabolik seperti ketoasidosis dan hiperosmolaritas yang membutuhkan dosis insulin tinggi juga ditemukan pada pasien Covid 19 tulis para peneliti Pengamatan terakhir tentang ketoasidosis diabetik sangat lah penting Peradangan yang disebabkan oleh virus SARS CoV 2 ini dinilai dapat memperburuk kemungkinan seseorang mengalami ketoasidosis Ketoasidosis sendiri merupakan salah satu bentuk komplikasi diabetes di mana tubuh memproduksi kadar asam darah berlebih yang disebut keton Kondisi ini dapat menimbulkan gejala kelelahan nyeri otot rasa haus yang ekstrem sering buang air kecil kesulitan bernapas mual dan kebingungan Orang dengan kondisi ketoasidosis umumnya memerlukan penanganan darurat Para peneliti menduga kemampuan virus corona mengikat enzim menjadi penyebabnya salah satunya angiotensin converting enzyme 2 ACE2 ACE2 sendiri ditemukan di banyak organ tubuh khususnya paru paru Namun enzim ini juga disebut ditemukan di organ lain seperti pankreas yang berperan penting dalam kasus diabetes,0.9540385157655638,0.5,0.0,0.0,0.5,0.0,0.0,1.0,0.0,0.5,0.5,0.0,0.5,0.5,0.0,0.0,0.0,0.0,0.5,1.0,0.0,1.0,0.0,0.0,0.0,0.005698005698005698,0.75,0.028708133971291867,0.7767436732130719
9321,AHY soal Covid 19 First Wave Tentu Kita Lampaui,Ketua Umum Partai Demokrat Agus Harimurti Yudhoyono AHY mengingatkan pemerintah ihwal jumlah kasus positif virus corona Covid 19 yang terus meningkat bahkan telah melampaui China Menurutnya pemerintah tidak boleh menganggap keadaan saat ini baik baik saja Dia cemas pandemi Covid 19 semakin tak terkendali Seolah kita baik padahal Covid naik terus Seolah kita bisa keluar dari krisis padahal jangankan second wave first wave nya kita belum bisa lampaui kata AHY saat berkunjung ke redaksi CNNIndonesia com Selasa 28 7 AHY berpendapat lonjakan kasus Covid 19 di Indonesia tak terlepas dari penerapan adaptasi kebiasaan baru atau new normal Selain itu AHY menegaskan tidak perlu berdebat antara ekonomi dan keselamatan rakyat saat menghadapi pandemi Covid 19 Harusnya sih kita tidak harus memilih ya Artinya first and foremost pertama dan utama tentu keselamatan jiwa manusia dan kelangsungan hidup masyarakat kita ucap AHY Dia mengibaratkan pandemi sebagai api sedangkan krisis ekonomi adalah asapnya Sampai kapan pun kalau api tidak padam maka asapnya akan ada Itulah yang harus kita jadikan prinsip penanganan ucap AHY Hingga Senin 27 7 Indonesia sudah mencatat 100 303 kasus positif Covid 19 Sebanyak 4 838 orang telah meninggal dunia sedangkan 58 173 orang dinyatakan sembuh Indonesia juga tercatat sebagai negara dengan jumlah kasus Covid 19 terbanyak kedelapan di Asia Indonesia 19 7 bahkan telah melampaui China yang pertama kali mendeklarasi wabah Covid 19,0.9539543113589508,1.0,0.0,0.0,0.5,0.0,0.0,1.0,0.0,0.5,0.5,0.0,0.18181818181818182,1.0,0.0,0.0,1.0,1.0,1.0,4.0,0.0,4.0,1.0,0.0,1.0,0.009389671361502348,0.8888888888888888,0.053691275167785234,0.9184238653069435
9691,28 Hari Isolasi Mandiri Ariza Kembali Jalani Swab Test,Gubernur DKI Jakarta Anies Baswedan telah menjalani isolasi mandiri di rumah dinasnya di Menteng Jakarta Pusat selama 28 hari setelah dinyatakan positif COVID 19 Wagub DKI Jakarta Ahmad Riza Patria menyebut rekan kerjanya itu hari ini kembali menjalani swab test Ya doakan saja Pak Anies hari ini tes lagi mudah mudahan bisa segera negatif dan kembali kata Ariza kepada wartawan di Balai Kota DKI Jalan Medan Merdeka Selatan Jakarta Pusat Senin 28 12 2020 Meski demikian Ariza tidak menyebut secara rinci Anies telah menjalani berapa kali tes swab setelah terpapar virus Corona Menurutnya Anies saat ini dalam keadaan baik dan selalu memimpin rapat secara virtual Perlu kami sampaikan sekalipun Pak Anies diisolasi mandiri di rumah dinas namun setiap hari masih terus ikut kegiatan secara virtual atau daring Zoom Meeting memimpin memimpin rapat dan lain sebagainya jadi masalah kinerja DKI Jakarta tidak ada masalah kegiatan terus berlangsung katanya Diketahui Anies Baswedan masih menjalani masa isolasi mandiri di rumah dinasnya Menurut hasil swab terakhir Anies masih dinyatakan positif Corona Iya Senin kemarin masih positif ucap Ariza di Balai Kota DKI Jakarta Jalan Medan Merdeka Selatan Jakarta Pusat Selasa 22 12 Anies terkonfirmasi positif COVID 19 berdasarkan hasil tes usap PCR yang keluar pada Selasa 1 12 dini hari Anies melaksanakan tes PCR di Balai Kota Senin 30 11 siang Anies positif COVID 19 tidak bergejala Dia menjalani isolasi mandiri di Rumah Dinas Gubernur Jakarta di Taman Suropati Jakarta Pusat,0.9538632127658516,1.0,0.0,0.0,0.5,0.0,0.0,1.0,0.0,0.5,0.5,0.0,0.14285714285714285,0.0,0.0,0.0,0.0,0.0,1.0,2.0,0.0,2.0,0.0,0.0,1.0,0.014705882352941176,0.8888888888888888,0.06201550387596899,0.8064973797963756
9300,8 Fakta Lurah Petamburan Positif Corona Terkait Kerumunan HRS,Lurah Petamburan Setiyanto dinyatakan positif terjangkit virus Corona COVID 19 Setiyanto dipastikan terpapar virus COVID 19 bukan dari acara yang digelar Habib Rizieq Syihab HRS Awalnya Polda Metro Jaya mengundang sejumlah pejabat terkait kerumunan di acara Habib Rizieq pada Selasa 17 November 2020 Para pejabat yang dimintai keterangan itu kemudian menjalani swab antigen Hasilnya dari 10 orang yang diperiksa salah satunya yakni Setiyanto dinyatakan reaktif Corona Dari 10 ini kita swab antigen satu orang Lurah dari Petamburan positif atau reaktif kata Kabid Humas Polda Metro Jaya Kombes Yusri Yunus kepada wartawan di Polda Metro Jaya Jakarta Selasa 17 11 2020 Yusri mengatakan Setiyanto telah dirujuk ke RS Polri Kramat Jati Jakarta Timur Berikut 8 fakta Lurah Petamburan positif Corona tak terkait kerumunan HRS Kemenkes Sarankan Contact TracingKementerian Kesehatan pun menyarankan adanya dilakukan tracing terkait pihak yang melakukan kontak dengan Setiyanto Kalau ada yang positif dilakukan kontak tracing oleh petugas di daerah masing masing kata Dirjen Pencegahan dan Pengendalian Penyakit Kemenkes M Budi Hidayat saat dihubungi Selasa 17 11 2020 Budi meminta agar pihak Pemprov DKI Jakarta melakukan pengecekan terhadap pihak yang sempat kontak dengan Lurah Setiyanto Ini untuk mencari apakah ada pihak lainnya yang terdampak virus Corona Baru nantinya kata dia jika ada yang bergejala dilakukan swab test Selain itu isolasi mandiri juga bisa dilakukan Lurah Setiyanto Jalani Swab TestWakil Gubernur DKI Jakarta Ahmad Riza Patria mengatakan Setiyanto akan menjalani swab test Katanya itu melalui rapid test itu reaktif Rencananya kami hari ini melakukan swab test PCR pada Pak Lurah Mudah mudahan hasilnya baik Nanti kita akan lakukan contact tracing Kita tunggu hasilnya hari ini akan lakukan swab test untuk Pak Lurah Petamburan Nanti hasilnya kita akan lihat ujar Riza di Balai Kota DKI Jakarta Jalan Medan Merdeka Selatan Jakarta Pusat Rabu 18 11 2020 Riza mengatakan pihaknya juga akan segera melakukan penyemprotan disinfektan di kantor Lurah Petamburan Hal itu sebagai upaya pencegahan penularan COVID 19 Langkah langkahnya di antaranya adalah pembersihan dan dilakukan penyemprotan disinfektan Ya sesegera mungkin dalam 1 2 hari ini kata Riza Namun Riza tak menjelaskan secara rinci mengenai rencana penutupan kantor Kelurahan Petamburan Riza mengatakan Dinkes DKI Jakarta akan melakukan contact tracing apabila hasil swab Setiyanto dinyatakan positif COVID 19 Lurah Setiyanto Isolasi MandiriKini Setiyanto menjalani isolasi mandiri sambil menunggu hasil swab test Selama nunggu hasil swab kan disarankan untuk isolasi mandiri Informasi tiga hari setelah pemeriksaan Baru kemarin itu swab test sekarang hari kedua kata Sekretaris Kelurahan Petamburan Sunardi di Petamburan II Jakarta Pusat Rabu 18 11 2020 Sunardi mengatakan secara fisik Setiyanto terlihat sehat dan baik baik saja Ia memastikan per hari ini kegiatan operasional Kelurahan Petamburan tetap berjalan normal Pihaknya pun telah melakukan penyemprotan disinfektan sebelum kantor dibuka Sunardi mengatakan hingga kini belum ada pembahasan lebih lanjut terkait contact tracing Pihaknya memilih menunggu hasil tes usap terlebih dahulu,0.9537947318971378,1.0,0.0,0.0,0.5,0.0,0.0,1.0,1.0,1.0,0.5,0.0,0.5,1.0,0.0,0.0,1.0,1.0,1.0,4.0,0.0,4.0,1.0,0.0,1.0,0.017412935323383085,1.0,0.0379746835443038,1.0
3469,Bupati Luwu Timur Sebut Gubernur Sulsel Sudah Negatif COVID Sebelum Wafat,Gubernur Sulawesi Selatan Sulsel Nurdin Abdullah memimpin pelepasan jenazah Bupati Luwu Timur terpilih Thoriq Husler di RS Wahidin Makassar Nurdin menerima laporan RS Wahidin bahwa Thoriq dinyatakan negatif virus Corona COVID 19 sesaat sebelum wafat Beliau kena COVID dan dirawat di beberapa rumah sakit Terakhir dirujuk ke RS Wahidin dan kondisi beliau memang banyak komorbid penyakit penyerta komplikasi Dan sesuai dengan penyampaian rumah sakit bahwa beliau sudah negatif COVID 19 kata Nurdin saat melepas jenazah Husler di RS Wahidin Jalan Perintis Kemerdekaan Makassar Kamis 24 12 2020 Saat melepas jenazah Husler Nurdin didampingi Wakil Bupati Lutim Irwan Bachri Syam Selanjutnya jenazah Husler dibawa ke Luwu Timur untuk dimakamkan Dari informasi yang dihimpun sebelum dirawat di RS Wahidin Husler sempat dirawat di RS Grestelina Makassar Setelah tiga hari dia ada gejala terus ikut tes ternyata dia positif COVID Memang karena kondisi penyakitnya sehingga beliau sangat sulit untuk tertolong imbuhnya Nurdin mengaku kehilangan sosok yang dianggapnya mampu membangun Luwu Timur Oleh karena itu kami atas nama Pemerintah Provinsi Sulawesi Selatan menyampaikan rasa duka yang dalam ucapan belasungkawa kepada seluruh masyarakat Luwu TImur dan seluruh keluarga Semoga diberi ketabahan dan keikhlasan dan almarhum diterima di sisi Allah SWT dan semoga husnul khotimah imbuhnya Simak selengkapnya di halaman selanjutnya,0.9537131612500487,1.0,0.0,0.0,1.0,0.0,0.0,1.0,1.0,1.0,1.0,0.0,0.5,0.5,0.0,0.0,1.0,1.0,0.5,3.5,0.0,3.5,1.0,0.0,0.0,0.026455026455026454,0.9090909090909091,0.07518796992481203,0.887152539644794
5041,Pelayat yang Datang ke Rumah Duka Syekh Ali Jaber Jalani Swab Antigen,Ustaz Yusuf Mansur mendatangi rumah duka Syekh Ali Jaber yang terletak di kawasan Pulogadung Jakarta Timur Dia mengungkap alasan jenazah Syekh Ali Jaber dimakamkan di pondok pesantren miliknya yakni Daarul Quran Karena termasuk yang pertama tama Syekh Ali itu di Indonesia ya di Daarul Quran sama Syekh Muhammad juga sekalian ujar Yusuf Mansur saat ditemui di rumah duka Kamis 14 1 2021 Selain itu lanjut Yusuf Mansur di Daarul Quran juga banyak anak anak penghafal Al Qur an Menurut dia Syekh Muhammad menyampaikan pilihan terbaik ihwal lokasi pemakaman ada di pondok pesantren Daarul Quran Dia juga mengatakan keputusan tersebut bukan lantaran wasiat dari almarhum Syekh Ali Jaber Sekalian kalau di Daarul Quran kan banyak anak anak penghafal Qur an lagi hafal Qur an kan sekarang ini ada 2 000 an Jadi biar Syekh Ali bersama suara suara Qur an bersama tahfiz Qur an ucapnya Sebelumnya kepolisian menerapkan protokol kesehatan yang ketat di kawasan rumah duka Kapolres Jakarta Timur Kombes Erwin Kurniawan mengatakan pihaknya juga akan melalukan swab test antigen kepada pelayat Pada intinya kami tidak mengakomodir tamu untuk bisa ke rumah duka Tetapi apabila nanti ada pihak keluarga kami tetap menerapkan protokol kesehatan ujar Erwin saat ditemui wartawan Seperti diketahui Syekh Ali Jaber meninggal dunia hari ini di RS Yarsi Syekh Ali Jaber meninggal setelah 19 hari dirawat di rumah sakit Syekh Ali Jaber sebelumnya dirawat di rumah sakit karena terpapar COVID 19 Namun sebelum meninggal Syekh Ali Jaber sudah dinyatakan negatif COVID 19 Tonton video Syekh Ali Jaber Bagi Saya Istirahatnya di Surga Gambas Video 20detik,0.9529944256808983,1.0,0.0,0.0,0.5,0.0,0.0,1.0,0.0,0.5,0.5,0.0,0.5,0.5,0.0,0.0,1.0,1.0,0.5,3.5,0.0,3.5,1.0,0.0,1.0,0.02336448598130841,0.8333333333333334,0.06993006993006994,0.7981416415930686
10633,Bakal Jadi RS Darurat Corona Hotel di Surabaya Sepakat,Gugus Tugas Percepatan Penanganan Covid 19 meninjau kesiapan Hotel Grand Surabaya yang bakal dialihfungsikan sementara menjadi rumah sakit darurat untuk penanganan pasien Virus Corona ataupun penginapan tenaga medis Namun pihak manajemen hotel tak tahu menahu perihal rencana tersebut Selain itu masih ada penolakan dari pihak internal Dalam peninjauan itu tampak Ketua Gugus Tugas Covid 19 Doni Monardo Menteri Koordinator Bidang Pembangunan Manusia dan Kebudayaan Menko PMK Muhadjir Effendy serta Menteri Kesehatan Menkes Terawan Agus Putranto Sebelum memasuki hotel mereka melewati proses pemeriksaan suhu tubuh terlebih dahulu oleh petugas menggunakan thermo gun sebagai bagian dari protokol kesehatan Dari lobby Doni Muhadjir dan Terawan kemudian melihat kondisi ruangan kamar yang berada di lantai 3 hotel bintang tiga tersebut Dalam kesempatan itu Menko PMK kemudian memastikan bahwa fasilitas hotel telah memadai untuk penanganan pasien Covid 19 dan tempat penginapan sementara bagi para tenaga kesehatan Ini tempat tidur masih bagus ya kata Menko Muhadjir Minggu 5 7 Dalam keterangan tertulisnya Gugus Tugas Nasional menyebut Hotel Grand Surabaya bakal dialihfungsikan menjadi RS Darurat Khusus penanganan Covid 19 oleh Pemprov Jawa Timur juga tempat istirahat bagi para tenaga medis Adapun RS Darurat Hotel Grand Surabaya tersebut sekaligus melengkapi RS Lapangan Indrapura sebagai sarana dan prasarana penanganan Covid 19 yang sebelumnya diresmikan Ketua Gugus Tugas Nasional Doni Monardo pada 3 Juni 2020 Upaya Pemprov untuk menjadikan Hotel Grand Surabaya menjadi RS Darurat COVID 19 sebagaimana yang telah diputuskan dalam rapat koordinasi Gugus Tugas Percepatan Penanganan Covid 19 Jatim bersama Presiden Joko Widodo pada 24 6 lalu Dalam arahannya Jokowi mengatakan penanganan Covid 19 tidak bisa bergerak sendiri sendiri Dalam hal ini setiap wilayah di Jatim harus bersinergi dan mengambil kebijakan dengan merujuk pada sains dan menggandeng para pakar dan ahli keilmuan yang terkait Selain itu Presiden juga meminta agar Kota Surabaya dapat mensinergikan RS Rujukan dan RS Darurat sehingga tidak terjadi penumpukan dan dapat meringankan beban tenaga medis dalam menangani pasien Covid 19 Usai meninjau hotel Muhadjir Doni dan Terawan kemudian melakukan kunjungan ke Gedung Negara Grahadi Surabaya Di sana mereka menggelar pertemuan dengan Gubernur Jawa Timur Khofifah Indar Parawansa Setelah menggelar pertemuan Muhadjir mengatakan bahwa Hotel Grand Surabaya hanya akan difungsikan sebagai fasilitas penginapan atau rumah singgah bagi para tenaga kesehatan Ia tak menyinggung perihal alih fungsi hotel itu menjadi RS darurat Kepala BNPB meninjau hotel rencana insyaallah kami jadikan tempat istirahat tenaga kesehatan Biar lebih nyaman Dalam Melaksanakan tugas biar lebih fokus lebih segar ucap Muhadjir Respons ManajemenDi sisi lain pihak manajemen Hotel Grand Surabaya mengaku belum mengetahui rencana Gugus Tugas itu Pihak HRD Hotel Grand Surabaya Avan Priadi mengatakan saat peninjauan tadi para menteri dan Gugus Tugas hanya melihat kesiapan fasilitas kamar dan belum ada pembicaraan lebih lanjut Kami belum membicarakan masalah itu alih fungsi jadi RS Darurat jadi tadi hanya peninjauan Jadi belum ada kesepakatan kata Avan kepada wartawan Ia mengatakan pihaknya belum mendapatkan kabar perihal hotel yang akan digunakan sebagai rumah sakit darurat Informasi yang mereka terima hanya sebatas peninjauan saja Ndak dikasih tahu bukan untuk dijadikan rumah sakit bukan ya Informasi awal dari pejabat kementerian PMK sama ketua BNPB untuk meninjau hotel kami itu saja ujarnya Saat ini kata Avan hotel tempatnya bekerja masih berfungsi melayani tamu seperti biasa Ia pun mengaku para karyawan akam keberatan jika Hotel Grand Surabaya dialih fungsikan sebagai RS Darurat pasien corona Di sini masih ada tamu Kalau untuk rujukan pasien terus terang kami menolak Ya takut terpapar aja alasannya Ya intinya karyawan keberatan belum ada kesepakatan di internal kata Avan,0.9524765277172007,1.0,0.0,0.0,0.5,0.0,0.0,1.0,0.0,0.0,1.0,0.0,0.5,0.5,0.0,0.0,0.0,0.0,0.5,1.5,0.0,1.5,0.0,0.0,1.0,0.003992015968063872,0.8888888888888888,0.028469750889679714,0.813898175626642
10279,Marquez Bisa Tampil di MotoGP Eropa,Pembalap Yamaha Valentino Rossi diperkirakan akan kembali membalap di musim ini di MotoGP Eropa 2020 di Sirkuit Ricardo Tormo 8 November usai pulih dari virus corona Rossi dinyatakan positif Covid 19 pada pekan lalu dan harus absen di MotoGP Aragon di Sirkuit Aragon Dengan menjalani karantina selama 10 hari di rumahnya di Tavullia The Doctor juga harus melewatkan seri MotoGP Teruel di Aragon Minggu 25 10 Dikutip dari La Gazzetta dello Sport kondisi Rossi sejauh ini cukup bagus Pembalap 41 tahun itu juga belum kehilangan indra perasa dan penciuman Menurut laporan tersebut jika tidak ada hal negatif lain Rossi bisa kembali ke trek pada MotoGP Eropa yang digelar di Sirkuit Ricardo Tormo Valencia 8 November Tanpa Rossi Yamaha hanya akan menurunkan Maverick Vinales di MotoGP Teruel akhir pekan nanti Yamaha belum berniat menjadikan Jorge Lorenzo yang merupakan pembalap penguji sebagai pengganti Rossi Gambas Video CNN Selama dinyatakan positif virus corona dan dikarantina Rossi sempat merasa lemas namun tidak menunjukkan gejala demam Status sebagai pasien positif Covid 19 itu menambah keterpurukan The Doctor di musim ini Pasalnya di musim terakhirnya bersama Yamaha Rossi gagal maksimal di MotoGP 2020 Di MotoGP musim ini Rossi harus membuang jauh impiannya meraih gelar juara dunia ke 10 Dalam 9 balapan yang dilakoni Rossi 4 kali gagal finis 3 di antaranya terjadi secara beruntun sejak MotoGP Emilia Romagna hingga MotoGP Prancis Live streaming MotoGP Teruel 2020 Minggu 25 10 bisa disaksikan melalui CNNIndonesia com Siaran langsung balapan akan disiarkan Trans7,0.9524488437225921,1.0,0.0,0.0,0.5,0.0,0.0,1.0,0.0,0.5,0.5,0.0,0.5,0.5,0.0,0.0,0.0,0.0,0.5,1.5,0.0,1.5,0.0,0.0,1.0,0.009009009009009009,0.6666666666666666,0.02631578947368421,0.47406788528137317
1543,Dinkes DKI Ungkap Tempat Isolasi Pasien COVID 19 di Jakarta Penuh,Wakil Ketua DPRD DKI Jakarta M Taufik mengungkap ruang perawatan untuk pasien COVID 19 di Ibu Kota telah terisi penuh Kondisi ini terjadi di rumah sakit umum daerah RSUD maupun di wisma wisma Yang pertama rasanya ruang ruang perawatan untuk COVID di Jakarta rumah sakit pemerintah daerah sudah terisi penuh kata M Taufik dalam jumpa pers di Wisma Garuda Pondok Ranggon Jakarta Timur Sabtu 26 12 2020 Kemudian wisma wisma juga sudah terisi beberapa wisma seperti wisma di Ragunan kemudian Taman Mini juga sudah terisi tambahnya Politikus Partai Gerindra itu menjelaskan pemerintah daerah sudah berusaha sedemikian rupa menghambat laju COVID 19 Namun belakangan angka pertumbuhan COVID 19 meningkat Saya kira sudah saatnya karena pemerintah daerah sudah berupaya sedemikian rupa kemudian COVID ini setiap hari belakangan nambah pesat 1 000 1 500 sampai bahkan 2 000 kata Taufik Taufik khawatir jumlah kasus COVID 19 terus bertambah Sebab kondisi tersebut berpotensi membuat sarana perawatan tidak memadai untuk menampung jumlah pasien lagi Ajak Pengembang Apartemen Kerja SamaDia berharap pengembang apartemen di Jakarta bersedia membantu Pemprov DKI dalam penanganan COVID 19 Dia berharap pengembang meminjamkan apartemennya untuk kepentingan perawatan pasien Simak juga video Wisma Atlet Mulai Penuh Kini Tak Terima Pasien Covid 19 Tanpa Gejala Gambas Video 20detik Baca berita selengkapnya di halaman selanjutnya,0.951959727398708,0.5,0.0,0.0,0.5,0.0,0.0,1.0,0.0,0.5,1.0,0.0,0.2222222222222222,1.0,0.0,0.0,1.0,1.0,1.0,3.5,0.0,3.5,1.0,0.0,1.0,0.020942408376963352,0.6363636363636364,0.05426356589147287,0.48174621846196597
5219,Anies Minta Sekda Marullah Matali Perbaiki Sektor Kesehatan Ekonomi di DKI,Marullah Matali telah resmi dilantik sebagai Sekda DKI Jakarta Marullah Matali sebelumnya menjabat Wali Kota Jakarta Selatan Meski demikian Gubernur DKI Jakarta Anies Baswedan tetap mempercayakan jabatan Plt Wali Kota Jakarta Selatan kepada Marullah Kabar tersebut dibenarkan Wakil Wali Kota Jakarta Selatan Isnawa Adji Iya benar ujar Isnawa saat dikonfirmasi Rabu 20 1 2021 Penunjukan Marullah Matali sebagai Plt Wali Kota Jakarta Selatan tertuang dalam Surat Perintah Tugas Nomor 20 082 74 Marullah diminta menjabat Plt Wali Kota Jakarta Selatan sejak 18 Januari hingga 18 April 2021 Surat tersebut ditandatangani Anies pada 19 Januari 2021 Dalam surat tersebut Anies memberikan kewenangan penuh tugas dan fungsi kepada Marullah Matali sebagai Wali Kota Jakarta Selatan Diberikan secara penuh tugas dan fungsi Wali Kota Jakarta Selatan Melaporkan Jakarta Selatan kepada Gubernur dan Wakil Gubernur DKI tulis surat tersebut Diketahui Marullah Matali dilantik menjadi Sekda DKI pada Senin 18 1 Sebagai Sekda terpilih Marullah Matali diminta Anies menyelesaikan masalah kesehatan dan ekonomi Ibu Kota yang terkena dampak pandemi Corona COVID 19 Alhamdulillah dengan amanat baru ini kita mengharapkan seluruh ASN di DKI Jakarta semakin kompak untuk menanggulangi dampak pandemi yang masih belum hilang Hal ini harus kita tuntaskan agar segala kendala dalam menjalankan visi dan misi Gubernur bisa diminimalisir saat masa COVID 19 ujar Marullah di Balai Kota DKI Jakarta Senin 18 1,0.9510078467100715,1.0,0.0,0.0,0.5,0.0,0.0,1.0,0.0,0.5,1.0,0.0,0.5,0.5,0.0,0.0,0.0,0.0,0.5,1.5,0.0,1.5,0.0,0.0,1.0,0.011049723756906077,0.7272727272727273,0.07207207207207207,0.6728847249955864
6443,Covid 19 Bisa Disebut sebagai Virus Musiman seperti Flu Ini Penjelasan Ahli,Orang orang di seluruh dunia terus terinfeksi Covid 19 bahkan angka kematian juga terus meningkat sejak pandemi ini muncul awal tahun 2020 Banyak ahli yang meramalkan penyakit yang disebabkan oleh infeksi virus corona baru ini akan menjadi flu atau virus musiman Kendati demikian seperti dikutip dari Business Insider Rabu 5 8 2020 ahli epidemiologi saat ini mulai menghindari gagasan tersebut Tidak ada bukti akan ada penurunan dalam kasus Covid 19 Itu pandemi hanya akan seperti kebakaran hutan yang terus mencari kayu diibaratkan manusia untuk dibakar kata ahli epidemiologi Michael Osterholm Osterholm membantu menulis sebuah laporan pada April lalu yang menguraikan seperti apa gelombang kedua Covid 19 pada musim gugur nanti Tetapi sekarang kita melihat tidak ada gelombang yang terjadi kata dia Sebaliknya menurut juru bicara Organisasi Kesehatan Dunia WHO Margaret Haris mengatakan pandemi ini mungkin akan terjadi satu gelombang besar Osterholm yang merupakan direktur Centre for Infectious Disease Research and Policy CIDRAP di Minnesota menjelaskan skenario gelombang kedua yang digambarkan kelompok itu pada April yang didasarkan pada histori flu Spanyol 1918 dan pandemi flu H1N1 yang terjadi pada 2009 lalu Skenario lain yang dilaporkan Osterholm tersebut menunjukkan bahwa gelombang pertama infeksi Covid 19 dapat diikuti oleh siklus puncak dan lembah yang sedikit lebih rendah sepanjang musim panas dan seterusnya Sedangkan skenario ketiga melibatkan pembakaran lambat dari transmisi yang sedang berlangsung dan kasus kasus baru mengikuti musim semi pada puncak infeksi Namun kenyataannya kasus yang terjadi belum selaras dengan skenario tersebut Pada April kami masih melihat bagaimana gelombang pandemi yang sebenarnya yang memiliki histori dengan pandemi influenza lainnya kata Osterholm,0.9509974374712064,0.5,0.0,0.0,0.5,0.0,0.0,1.0,0.0,0.5,0.5,0.0,0.1,1.0,0.0,0.0,1.0,1.0,1.0,3.5,0.0,3.5,1.0,0.0,1.0,0.0078125,0.6666666666666666,0.04878048780487805,0.6329330227232752
3784,Tes Corona Turun Saat Libur Pemda Minta Satgas Konsisten Kelola Laboratorium,Satuan Tugas Satgas COVID 19 menyoroti penurunan jumlah tes yang dilakukan pada saat hari libur Satgas meminta pemerintah daerah konsisten terus melakukan penanganan Corona Diketahui pula pada pekan liburan terjadi penurunan jumlah orang yang diperiksa yang mengakibatkan jumlah kumulatif positif serta positivity rate minggu turun kata Juru Bicara Satgas COVID 19 Wiku Adisasmito melalui siaran YouTube Sekretariat Presiden Selasa 24 11 2020 Wiku menyebut penurunan jumlah tes itu harus dilakukan evaluasi Dia meminta pemerintah konsisten mengelola operasional laboratorium tes Corona Hal ini menjadi bahan evaluasi pemerintah pusat maupun daerah untuk terus konsisten dalam mengelola operasional laboratorium testing katanya Selain itu Wiku meminta pemerintah daerah melakukan pengawasan terkait perkembangan Corona di wilayahnya Pengawasan itu akan digunakan sebagai dasar untuk membuat kebijakan strategis Oleh karena ini Satgas berusaha mendorong pemerintah daerah untuk terus melakukan pengawasan kondisi pada tingkat provinsi dan kabupaten kota untuk menganalisa situasi yang lebih rinci sebagai dasar pengambilan kebijakan strategis kata dia Simak video Kasus Corona Indonesia Tertinggi di ASEAN Gambas Video 20detik,0.9509008342142187,1.0,0.0,0.0,0.5,0.0,0.0,1.0,1.0,1.0,0.5,0.0,0.5,0.5,0.0,0.0,1.0,1.0,0.5,3.5,0.0,3.5,1.0,0.0,0.0,0.0064516129032258064,0.7272727272727273,0.07547169811320754,0.634097034834257
12609,Cerita Prof Abdul Suntikkan Vaksin Corona ke Jokowi Bapak Tak Merasa Sakit,Momen Prof dr Abdul Muthalib Wakil Ketua Tim Dokter Kepresidenan RI menyuntikkan vaksin corona Sinovac ke Presiden Joko Widodo menjadi sorotan Tayangan yang fokus menyorot lengan presiden yang akan disuntik memperlihatkan tangan sang dokter yang gemetar Getaran tersebut lumayan hebat apalagi ketika sang profesor sempat menjatuhkan kapas yang ia gunakan untuk membersihkan lengan sang Presiden dengan alkohol Namun itu adalah hal biasa karena manusia memang wajar mengalami gemetaran alias tremor Tremor adalah kondisi gerakan gemetar yang tidak bisa dikendalikan dan terjadi secara berulang tanpa disadari dan terjadi di satu atau beberapa bagian tubuh Tremor paling sering terjadi di bagian tangan Adapun pemicunya biasanya adalah lelah lapar kedinginan marah takut gugup atau sedang mengalami kondisi emosional lain Tremor juga sering terjadi pada orang lanjut usia karena ini adalah salah satu tanda penuaan alami Bisa jadi yang dialami oleh Abdul Muthalib adalah rasa gugup karena menyuntik vaksin orang nomor satu di Indonesia dan disaksikan masyarakat Meskipun begitu Abdul Muthalib mengatakan bahwa proses penyuntikan berjalan lancar Menyuntik orang pertama di Indonesia ada rasa gemetar juga Tapi masalah itu tak jadi halangan buat saya untuk menyuntikkannya kata Prof Muthalib Waktu menyuntikkannya tidak masalah pertamanya saja agak gemetaran Bapak tidak ada pendarahan sama sekali di bekas suntikannya ceritanya Di sisi lain Presiden Jokowi juga mengatakan dirinya tidak merasa sakit sama sekali ketika disuntik Enggak terasa sama sekali ujar Jokowi sambil tertawa,0.9504887147791801,1.0,0.0,0.0,0.5,0.0,0.0,1.0,0.0,0.5,0.5,0.0,0.5,0.5,0.0,0.0,1.0,1.0,0.5,3.5,0.0,3.5,1.0,0.0,0.0,0.008849557522123894,0.8333333333333334,0.06666666666666667,0.6930554928666853
7310,Mahfud MD Siapkan Sanksi Aparat yang Biarkan Kerumunan Massa,Menko Polhukam Mahfud Md menyampaikan sikap pemerintah terhadap kerumunan massa dari acara yang dihadiri Pemimpin FPI Habib Rizieq Syihab Respon pemerintah yang disampaikan melalui konferensi pers di Jakarta Senin 16 11 2020 menyoroti pelanggaran protokol kesehatan Pemerintah menyesalkan terjadinya pelanggaran protokol kesehatan pada pelaksanaan pesta pernikahan dan peringatan Maulid Nabi SAW di Petamburan Jakpus ungkap Mahfud Md Mahfud mengungkap pemerintah pusat sudah lebih dulu memperingatkan Gubernur DKI Jakarta Anies Baswedan Dalam hal ini pemerintah pusat mendesak Anies tegas dalam penegakan protokol kesehatan di acara Habib Rizieq Di mana pemerintah sebenarnya telah memperingatkan Gubernur Provinsi DKI Jakarta untuk meminta penyelenggara agar mematuhi protokol kesehatan kata Mahfud Md Menko Polhukam juga menambahkan penegakan protokol kesehatan di Ibu Kota berada di bawah wewenang Pemerintah Provinsi Pemprov DKI Jakarta Penegakan protokol kesehatan di Ibu Kota sekali lagi penegakan protokol kesehatan di Ibu Kota merupakan kewenangan Pemprov DKI Jakarta berdasar hierarki kewenangan dan peraturan perundang undangan tambahnya Konpers pemerintah ini juga dihadiri Panglima TNI Marsekal Hadi Tjahjanto Kepala BIN Jenderal Purn Budi Gunawan Ketua Satgas Penanganan COVID 19 Letjen Doni Monardo dan Wakapolri Komjen Gatot Eddy Pramono Pemerintah pusat memastikan akan menindak tegas aparat yang lalai dalam menindang pelanggaran Pemerintah juga akan memberikan sanksi kepada aparat keamanan yang tidak mampu bertindak tegas terlaksananya protokol kesehatan Covid 19 tegas Mahfud,0.949952089463661,1.0,0.0,0.0,0.5,0.0,0.0,1.0,0.0,0.5,0.5,0.0,0.5,0.5,0.0,0.0,0.0,0.0,0.5,1.5,0.0,1.5,0.0,0.0,1.0,0.015957446808510637,0.7777777777777778,0.05343511450381679,0.6889222184913268
8080,Dewan Pers Dorong Prioritas Vaksinasi COVID 19 untuk Wartawan,Ketua MPR RI Bambang Soesatyo mendorong pemerintah untuk memasukkan kalangan wartawan sebagai salah satu klaster prioritas vaksinasi COVID 19 Bamsoet menilai peran jurnalistik menuntut wartawan bertemu banyak orang sebagaimana dengan tenaga kesehatan dan TNI Polri Karenanya wartawan juga dinilai sangat rentan terpapar COVID 19 Berdasarkan data Dewan Pers per tahun 2020 tercatat ada sekitar 17 000 wartawan yang telah tersertifikasi melalui uji kompetensi wartawan UKW Melalui vaksinasi terhadap para wartawan pemerintah turut berperan memastikan agar kerja jurnalistik mereka terlindungi Sehingga bisa menyajikan berita secara akurat menghindari masyarakat dari berbagai disinformasi ujar Bamsoet dalam keterangannya Selasa 19 1 2021 Ketua DPR RI Ke 20 yang pernah menekuni dunia jurnalistik ini mengaku dapat turut merasakan kegelisahan para wartawan dalam menghadapi pandemi COVID 19 Menurutnya wartawan di satu sisi tak ingin terinfeksi dengan cara menghindari kerumunan maupun menjaga jarak dengan orang lainnya Namun di sisi lain karena tuntutan pekerjaan sebagaimana dokter dan tenaga kesehatan wartawan tak mungkin bekerja secara work home maupun melakukan aktivitas di rumah saja pungkas Bamsoet Ketua Umum Ikatan Motor Indonesia IMI ini menerangkan perhatian pemerintah melalui prioritas vaksinasi terhadap wartawan juga berguna untuk memastikan kesehatan dan keselamatan para anggota keluarganya yang ikhlas melepas para wartawan bertugas di medan perang COVID 19 Sehingga para wartawan pulang ke rumah tetap bisa membawa nafkah bukan malah membawa virus COVID 19 Kita tidak bisa membayangkan para wartawan berhenti bekerja tak akan ada informasi yang bisa didapat masyarakat Namun kita juga tidak bisa membayangkan dalam menjalankan pekerjaannya para wartawan tak mendapat bekal yang cukup sehingga malah mengorbankan nyawa tutur Bamsoet,0.949267675842327,0.5,0.0,0.0,0.5,0.0,0.0,1.0,0.0,0.5,0.5,0.0,0.3,1.0,0.0,0.0,0.0,0.0,1.0,1.5,0.0,1.5,0.0,0.0,1.0,0.01652892561983471,0.8888888888888888,0.049079754601226995,0.763182501729216
6131,Pemerintah Soroti Jakarta Kesembuhan Rendah Kematian Tinggi,Menteri Koordinator bidang Perekonomian Airlangga Hartarto mengungkapkan Provinsi Jawa Tengah menjadi daerah dengan angka kesembuhan yang rendah namun memiliki tingkat kematian yang tinggi terkait virus corona Covid 19 Selain Jawa Tengah Provinsi Jawa Barat juga memiliki tingkat kesembuhan yang rendah Ada beberapa Provinsi dengan recovery rate di bawah rata rata nasional yaitu Jawa Tengah dan Jawa Barat dan dua provinsi dengan case fatality rate di atas rata rata nasional yaitu Jawa Tengah dan Jawa Timur kata Airlangga dalam konferensi pers secara virtual Jumat 18 9 Recovery rate dihitung dengan cara membagi jumlah pasien sembuh dengan jumlah total kasus positif lalu hasilnya dikalikan 100 Jika merujuk pada data harian pada 18 September 2020 jumlah pasien positif di Jawa Tengah sebanyak 18 942 kasus dan pasien sembuh mencapai 12 282 orang Dengan data tersebut maka recovery rate di Jawa Tengah per 18 September adalah 6 4 persen Sementara untuk jumlah pasien meninggal akibat Covid 19 sudah mencapai 1 203 Dengan demikian case fatality rate Jawa Tengah sebesar 6 3 persen Merujuk pada data nasional Kasus positif virus corona Covid 19 di Indonesia per Jumat 18 9 bertambah 3 891 orang sehingga total mencapai 236 519 kasus Dari jumlah itu 170 774 dinyatakan sembuh dan 9 336 meninggal dunia Sembilan provinsi mendapat sorotan dan penanganan khusus dari pemerintah dalam upaya menghentikan penularan Covid 19 Sembilan provinsi itu adalah DKI Jakarta Jawa Barat Jawa Tengah Jawa Timur Kalimantan Selatan Sulawesi Selatan Bali Sumatera Utara dan Papua Presiden Joko Widodo telah menugaskan Menteri Koordinator Bidang Maritim dan Investasi Luhut Binsar Pandjaitan dan Kepala BNPB Doni Monardo menurunkan kasus Covid 19 di sembilan provinsi itu Keduanya diberi waktu selama dua pekan terhitung sejak 15 September 2020,0.9491712893694654,0.5,0.0,0.0,0.5,0.0,0.0,1.0,0.0,0.0,0.5,0.0,0.5,0.5,0.0,0.0,1.0,1.0,0.5,3.0,0.0,3.0,1.0,0.0,0.0,0.0,0.8571428571428571,0.039735099337748346,0.704639620751968
12935,Guru SMPN 3 Jekulo Semarang yang Wafat Kena Corona Bertambah Jadi 5,Kabar duka kembali menyelimuti SMP Negeri 3 Jekulo Kabupaten Kudus Jawa Tengah Jumlah guru yang wafat terkonfirmasi positif virus Corona atau COVID 19 di sekolah itu bertambah satu menjadi lima orang Iya guru SMP Negeri 3 Jekulo yang wafat ada satu lagi Ini dirawat di RS Kariadi Semarang kata Kepala Puskesmas Jekulo Emy Ruyanah saat dihubungi detikcom Senin 7 12 2020 Emy mengatakan guru ini merupakan seorang perempuan yang tengah hamil dan dirawat di rumah sakit Sebelumnya juga sempat dirawat rumah sakit di Kudus lalu kemudian dirujuk ke RSUP Dr Kariadi Kota Semarang Diwawancara terpisah Juru Bicara Satgas Penanganan COVID 19 Kabupaten Kudus Andini Aridewi menuturkan bahwa ada belasan guru terkonfirmasi positif COVID 19 di sekolah itu Hasil tersebut diperoleh setelah 30 orang guru menjalani tes swab yang dilakukan di SMPN 3 Jekulo Kudus Jawa Tengah Diberitakan sebelumnya dua guru pertama yang meninggal dengan positif virus Corona di SMPN Jekulo Kudus diumumkan pada Selasa 3 12 pekan lalu Selain itu terdapat seorang guru lainnya yang meninggal dunia saat tes swab nya masih belum keluar Tes swab guru itu akhirnya keluar dengan hasil positif virus Corona dan diumumkan pada Rabu 2 12 Jumlah guru di sekolah itu yang meninggal dunia positif virus Corona kembali bertambah pada Kamis 3 12 hingga akhirnya kembali bertambah hari ini menjadi lima orang guru SMPN 3 Jekulo Kudus yang meninggal positif virus Corona,0.9468939008062616,1.0,0.0,0.0,0.5,0.0,0.0,1.0,0.0,0.0,1.0,0.0,0.33035714285714285,0.5,0.5,0.0,1.0,1.0,0.8,3.8,0.19999999999999996,3.5999999999999996,1.0,0.0,1.0,0.021164021164021163,0.75,0.07964601769911504,0.7779593677307887
12366,POPULER GLOBAL Qatar Ambil Langkah Berani Menormalisasi Hubungan dengan Israel | Sayap Ayam Beku Impor dari Brasil Positif Virus Corona,Populer global masih didominasi oleh pengumuman bersejarah antara Israel dan Uni Emirat Arab yang menormalisasi hubungan diplomatik mereka Selengkapnya dapat Anda simak berikut ini Uni Emirat Arab mengatakan pada Kamis 13 8 2020 bahwa bertekad untuk mengambil langkah berani yaitu menormalisasi hubungan dengan Israel sebagai solusi untuk Israel Palestina yang berkonflik sejak lama Sebagian besar negara akan melihat ini sebagai langkah berani untuk mengamankan solusi dua negara Israel Palestina memberikan waktu untuk negosiasi kata Menteri Luar Negeri UEA Anwar Gargash pada konferensi pers seperti yang dilansir dari AFP pada Kamis 13 8 2020 Ditanya kapan kedua negara akan membuka kedutaan dia mengatakan tidak ingin berspekulasi mengenai jangka waktu tapi ini pasti bukan waktu yang lama Sampel sayap ayam beku yang diimpor dari Brasil dinyatakan positif virus corona di kota Shenzhen China Pihak berwenang mengumumkannya pada Kamis 13 8 2020 dan menjadi kasus terbaru dalam serangkaian laporan produk makanan impor yang terkontaminasi Virus corona terdeteksi pada Rabu 12 8 2020 pada sampel permukaan yang diambil dari sekumpulan sayap ayam dalam pemeriksaan makanan beku impor di distrik Longgang Shenzhen,0.9463308670662838,0.6666666666666666,0.0,0.0,0.5,0.0,0.0,1.0,0.0,0.5,1.0,0.0,0.5,0.5,0.0,0.0,1.0,1.0,0.5,3.1666666666666665,0.0,3.1666666666666665,1.0,0.0,1.0,0.06626506024096386,0.8947368421052632,0.1452991452991453,0.8591867497383544
8382,Diputuskan Sore Ini Menko PMK Berharap Pemangkasan Libur Bikin Gaduh,Menko Pembangunan Manusia dan Kebudayaan PMK Muhadjir Effendy angkat bicara mengenai libur akhir tahun Ia memastikan jumlah hari libur akhir tahun akan dikurangi Natal kan tidak mungkin tidak libur 1 Januari kan tidak mungkin tidak libur Gitu aja yang lain bisa kita kurangi kata Muhadjir saat media visit di gedung Transmedia Jalan Kapten Tendean Jakarta Selatan Selasa 1 12 2020 Libur akhir tahun dikurangi tegas Muhadjir Hari libur yang bakal dikurangi merupakan jatah cuti bersama Idul Fitri 2020 Namun Muhadjir tidak menjelaskan berapa hari libur bakal dikurangi Setelah dari sini gedung Transmedia kita rapat imbuh Muhadjir Tonton video IDI Kembali Minta Pemerintah Tiadakan Kebijakan Libur Cuti Bersama Gambas Video 20detik,0.9461638959084969,1.0,0.0,0.0,0.5,0.0,0.0,1.0,0.0,0.5,0.5,0.0,0.5,0.5,0.0,0.0,0.0,0.0,0.5,1.5,0.0,1.5,0.0,0.0,1.0,0.0,0.3,0.04054054054054054,0.2876638197489311
3412,Vaksin Corona Sinovac Disimpan di PT Kimia Farma Akan Dites BPOM,Vaksin Corona COVID 19 buatan Sinovac yang tiba di Indonesia kemarin malam langsung dibawa ke PT Bio Farma di Bandung Jawa Barat Setelah itu sampel vaksin Corona Sinovac akan dites tim BPOM dan Bio Farma Dikutip dari siaran pers Sekretariat Presiden Senin 7 12 2020 vaksin Corona Sinovac tiba di Bandara Soekarno Hatta Tangerang pada Minggu 6 12 malam Dari gudang di terminal kargo vaksin yang disimpan dalam 7 Envirotainer diangkut menggunakan 3 truk Pada Senin 7 12 dini hari rangkaian kendaraan pengangkut vaksin mulai berjalan menuju PT Bio Farma Rangkaian kendaraan ini turut dikawal ketat oleh aparat keamanan Rangkaian kendaraan pembawa vaksin Corona Sinovac tiba di PT Bio Farma sekitar pukul 03 45 WIB Vaksin Corona Sinovac kemudian dipindahkan dari Envirotainer untuk disimpan di cool room dengan suhu 2 8 derajat Celsius Ruangan tersebut telah disterilisasi dan disiapkan khusus untuk menyimpan vaksin Corona Vaksin Corona dari Sinovac kemudian akan dilakukan pengambilan sampel untuk pengujian mutu oleh tim BPOM dan Bio Farma Dalam pernyataan yang disampaikan pada saat meninjau simulasi vaksinasi di Puskesmas Tanah Sareal Kota Bogor Presiden Jokowi mengingatkan bahwa setelah tiba vaksin memerlukan sejumlah tahapan sebelum bisa diberikan kepada masyarakat Setelah mendapatkan izin dari BPOM baru kita lakukan vaksinasi Kaidah kaidah saintifik kaidah kaidah ilmiah ini juga saya sudah sampaikan wajib diikuti Kita ingin keselamatan keamanan masyarakat itu harus betul betul diberikan tempat yang paling tinggi ujar Jokowi Selanjutnya soal pernyataan Jokowi terkait vaksin Corona Sinovac,0.9456168351146113,1.0,0.0,0.0,0.5,0.0,0.0,1.0,0.0,0.5,0.5,0.0,0.5,0.5,0.0,0.0,0.0,0.0,0.5,1.5,0.0,1.5,0.0,0.0,0.0,0.023474178403755867,0.9090909090909091,0.0684931506849315,0.8428901316194489
6557,Sempat Lolos Screening Gubernur Sulsel Akhirnya Disuntik Vaksin kumparan com,Gubernur Sulawesi Selatan Nurdin Abdullah akhirnya menerima suntikan vaksin COVID 19 hari ini Jumat 22 1 Ia batal menjadi orang pertama di daerah Sulsel yang suntik vaksin karena tidak lolos screening pada tahap awal vaksinasi di sana Setelah tertunda beberapa saat lalu karena tidak memenuhi syarat saat screening Alhamdulillah hari ini saya menerima vaksin COVID 19 tulis Nurdin lewat Instagram pribadi nurdin abdullah Dalam video yang dia bagikan terlihat Nurdin sempat bergurau dengan menunjukkan ekspresi dan tingkah laku pura pura takut untuk disuntik oleh petugas Di depan awak media Nurdin juga sempat melontarkan beberapa kalimat yang membuat orang dalam ruangan vaksinasi tertawa Pada Kamis 14 1 lalu Pemerintah Provinsi Sulawesi Selatan menggelar vaksinasi perdana Nurdin tidak lolos karena istrinya terkonfirmasi positif COVID 19 Ia juga mengaku sempat memiliki gejala Namun dari hasil swab PCR Nurdin dinyatakan negatif corona Nurdin mengimbau kepada masyarakat dalam melakukan screening tes penerima vaksin harus betul betul jujur menjawab dalam setiap pertanyaan yang diberikan Ada 16 pertanyaan dan itu semua harus dijawab dengan jujur Dan jika ada dari salah satu pertanyaan dijawab Iya maka tidak bisa menerima vaksin tegasnya ==Simak panduan lengkap corona di Pusat Informasi Corona,0.9446032987078214,1.0,0.0,0.0,0.5,0.0,0.0,1.0,0.0,0.5,1.0,0.0,0.5,0.5,0.0,0.0,1.0,1.0,0.5,3.5,0.0,3.5,1.0,0.0,1.0,0.005291005291005291,0.8,0.06349206349206349,0.7737846644383727
9431,Anies Sebut 4 Provinsi Tingkat Kematian Tertinggi Covid 19,Presiden Joko Widodo Jokowi mengungkap empat provinsi yang menjadi penyumbang tingkat kematian tertinggi akibat virus corona Covid 19 Empat provinsi tersebut adalah Bengkulu Sumatera Selatan Jawa Tengah dan Jawa Timur Kalau kita melihat lebih detail tingkat kematian tinggi itu disebabkan empat provinsi yang tingkat kematiannya di atas enam persen yaitu di provinsi Bengkulu Sumatera Selatan Jawa Tengah dan Jawa Timur kata Jokowi saat membuka rapat terbatas soal Laporan Komite Penanganan Covid 19 dan Pemulihan Ekonomi Nasional yang disiarkan melalui akun Youtube Sekretariat Presiden Senin 14 9 Rasio kematian karena covid 19 di Indonesia diketahui mencapai 3 99 persen masih lebih tinggi dari rata rata kematian dunia yakni 3 18 persen Dalam rapat tersebut Jokowi meminta agar data kematian di tiap provinsi disampaikan secara detail sehingga pemerintah pusat dapat berupaya membantu menekan angka tersebut Pemerintah harus terus menurunkan angka kematian Rata rata kematian di Indonesia terus menurun dari 4 02 persen bulan lalu menjadi 3 99 persen kata mantan Wali Kota Solo dan Gubernur DKI Jakarta tersebut Sementara untuk tingkat kesembuhan Jokowi mengatakan sedikit lebih rendah dari rata rata angka kesembuhan dunia yakni 71 persen Rasio kesembuhan di dunia diketahui sebesar 72 persen Dia menegaskan pemerintah akan terus berupaya mengejar rata rata kesembuhan dunia dari Covid 19 Ini juga terus mengejar rata rata kesembuhan global rata rata kesembuhan dunia ujarnya Berdasarkan data 13 September 2020 kasus covid 19 di Indonesia mencapai 218 382 dengan 155 010 sembuh dan 8 732 meninggal dunia Di satu sisi sejak awal September lalu belum ada tanda tanda penurunan kasus Rata rata tambahan kasus per harinya bahkan mencapai 3 000 kasus per harinya Pada Agustus lalu rata rata tambahan harian kasus Covid 19 adalah 2 100 kasus baru Sementara itu pada kesempatan berbeda Ketua Satuan Tugas Penanganan Covid 19 Doni Monardo menyebut kapasitas tempat tidur ICU di 20 rumah sakit rujukan Covid 19 di DKI Jakarta telah terisi penuh Rata rata ruang ICU yang penuh itu terisi satu hingga delapan tempat tidur Kalau dilihat datanya di sini persentase ruang ICU yang meningkat itu betul sekali karena rata rata ICU penuh hanya diisi 1 8 bed Jadi ada 20 RS Covid yang occupancy rate nya mencapai 100 persen ujar Doni dalam konferensi pers usai rapat terbatas bersama Presiden Joko Widodo melalui akun Youtube Sekretariat Presiden Senin Doni menyebut masih ada 47 rumah sakit rujukan covid yang memiliki kapasitas tempat tidur ICU di atas 10 Namun ia tak menjelaskan lebih lanjut mengenai okupansi pasiennya saat ini Pria yang juga Kepala BNPB itu memastikan pemerintah telah berupaya sejak dua pekan lalu agar fasilitas kesehatan bagi pasien Covid 19 tetap terpenuhi Terlebih pasien Covid 19 dengan gejala ringan atau pun tanpa gejala kini tak boleh lagi melakukan isolasi mandiri Intinya kami menyiapkan lebih banyak tempat untuk isolasi mandiri agar tidak ada lagi masyarakat yang melakukan isolasi mandiri di daerah atau rumah yang secara kesehatan tidak memadai Semua kita fasilitasi katanya Kapasitas RS yang terancam penuh sebelumnya disampaikan Gubernur DKI Jakarta Anies Baswedan Dalam konferensi pers pekan lalu Anies mengaku khawatir kapasitas di fasilitas kesehatan di Jakarta akan membludak jika kasus aktif terus meningkat Itulah salah satu alasan Pemprov DKI kembali mundur untuk menerapkan Pembatasan Sosial Berskala Besar PSBB,0.9444287435176574,0.5,0.0,0.0,0.5,0.0,0.0,1.0,0.0,0.5,0.5,0.0,0.20202020202020202,0.0,0.5,0.0,1.0,1.0,1.0,3.5,0.0,3.5,1.0,0.0,1.0,0.0066518847006651885,0.8888888888888888,0.030303030303030304,0.8116008172431046
11940,DKI Tambah 1 500 Petak Makam di Marunda untuk Korban Covid,Wakil Gubernur DKI Jakarta Ahmad Riza Patria memastikan bakal menambah lahan pemakaman baru bagi jenazah yang meninggal karena Covid 19 Riza mengatakan lahan baru itu bisa menampung hingga 1 500 petak makam Menurut Riza makam bagi korban Covid itu disiapkan di Tempat Pemakaman Umum TPU Rorotan Cilincing Jakarta Utara Kami sedang mengupayakan sebaik mungkin untuk memastikan pemakaman lahan baru bagi korban Covid 19 di TPU Rorotan Tahap pertama seluas 8 000 meter dari dua hektare yang dapat menampung sekitar 1 500 petak makam kata Riza dalam rekaman video yang diunggah di akun Instagramnya ariza Kamis 31 12 Riza memastikan pihaknya juga terus menyiapkan lahan untuk pemakaman jenazah Covid 19 di TPU Rorotan Ia berharap lahan makam itu dapat segera difungsikan Semua sedang kami koordinasikan setiap pagi hingga sore semoga dalam waktu cepat sudah bisa digunakan ungkapnya Sebelumnya lahan pemakaman khusus pasien virus corona di TPU Pondok Ranggon dan Tegal Alur juga sudah mencapai kapasitas maksimal atau penuh Penanggung Jawab Pelaksana Pemakaman Covid 19 TPU Pondok Ranggon Muhaemin mengatakan kondisi ini sudah terjadi sejak 8 November 2020 Gambas Instagram Muhaemin mengatakan kini pasien virus corona yang meninggal dunia tidak harus dimakamkan di TPU khusus seperti TPU Pondok Ranggon dan Tegal Alur Bisa di TPU lainnya Akan tetapi ada sejumlah syarat Pemakaman dilakukan dengan sistem tumpang atau lebih dari satu jenazah dikuburkan di liang lahat yang sama Mekanisme ini diterapkan lantaran keterbatasan liang lahat Terkait hal tersebut Riza mengatakan pemakaman tumpang itu dilakukan pada jenazah yang sudah ada keluarga yang dimakamkan Pemakaman tumpang dilakukan dimungkinkan setelah 3 tahun pemakaman keluarga sebelumnya Pada umumnya keluarga atau ahli waris tidak ada yang mempermasalahkan dilakukan pemakaman tumpang bagi keluarga inti antara anak dan orang tua suami dan istri dan lain sebagainya ungkap dia,0.9442391678440429,0.5,0.0,0.0,0.5,0.0,0.0,1.0,0.0,0.5,1.0,0.0,0.2222222222222222,1.0,0.0,0.0,1.0,1.0,1.0,3.5,0.0,3.5,1.0,0.0,1.0,0.015444015444015444,0.8181818181818182,0.05521472392638037,0.6705357093104639
6164,Cerita Perawat di Wisma Atlet Jakabaring Lelah Makian dan Harapan,Sampai saat ini tenaga medis masih menjadi ujung tombak negara untuk memerangi Covid 19 Mereka masih menjadi garda terdepan walau satu per satu mulai berjatuhan dari dokter perawat hingga sopir ambulans sekalipun Rasa takut tertular mau tidak mau dipendam dalam dalam Semua dilakukan hanya demi menyelamatkan nyawa satu orang yang bahkan mereka tidak kenal Namun di satu sisi mereka hanyalah manusia biasa Punya hati perasaan bisa mengeluh lelah bahkan menangis Siapa yang mau peduli Kadang sisi humanis itu yang luput dari masyarakat Lelah dan tangis mereka dalam melayani tertutup rapi di balik pakaian alat pelindung diri APD nan tebal D 25 salah satunya Dia adalah satu dari perawat perawat yang bekerja di Wisma Atlet Kemayoran Kepada Kompas com dia bersedia membagikan kisahnya Wanita yang sebelumnya bertugas di salah satu rumah sakit di Jakarta ini sudah berada di Wisma Atlet Kemayoran sejak Mei 2020 Merawat pasien tentu bukan hal baru bagi D Namun dia tetap memiliki kesan pertama kala bertugas di salah satu pusat penanganan Covid 19 di Jakarta itu “Hari pertama kerja panas ” ucap dia lugas Panas dia rasakan ketika mengenakan APD berupa baju hazmat Dia menyebutkan bahwa baju itu tebalnya setara dengan terpal Selain itu sarung tangan yang dipakainya pun berlapis masker juga berlapis sepatu boots dan pelindung wajah alias face shield Tak tanggung tanggung D harus memakai pakaian itu selama delapan jam penuh dalam sehari “Enggak boleh makan enggak boleh minum enggak boleh buang air Bayangin ” ucap dia Hampir setiap hari setelah selesai bertugas baju dalam yang dia pakai basah lantaran dibanjiri keringat Sesekali D memandangi telapak tanganya yang selalu mengeriput kala melepas APD dari badan Sebagian dari teman temannya memakai pampers agar bisa buang air kecil selama bertugas Namun D tak melakukan itu Dia memilih tidak makan dan minum banyak sebelum bertugas agar tak banyak buang air Namun lambat laun D mulai terbiasa dengan situasi itu APD layaknya pakaian sehari hari yang sudah tidak perlu dikeluhkan lagi Pekerjaan D mengharuskan dirinya untuk dekat dengan pasien Dari mulai pasien yang ramah maupun tidak ramah sudah dia temui di sana Bahkan tak jarang para perawat menjadi sasaran amarah para pasien,0.9438631510489454,0.5,0.0,0.0,0.5,0.0,0.0,1.0,0.0,0.5,0.5,0.0,0.5,0.5,0.0,0.0,0.0,0.0,0.5,1.0,0.0,1.0,0.0,0.0,1.0,0.0058309037900874635,0.6,0.028037383177570093,0.5178660345530991
3382,PD Soal Ada Sebutan Kabinet Capres 2024 Tagih Penanganan Dampak COVID,Partai Demokrat PD menilai wajar soal anggapan Presiden Joko Widodo Jokowi membentuk kabinet capres 2024 Namun PD tak menyoal itu yang terpenting kabinet ini dapat bekerja cepat mengatasi dampak COVID 19 Saya pikir sah sah saja ada pengamat atau publik menilai seperti itu Tapi menurut sekarang yang lebih penting bagaimana kabinet ini dapat bekerja secara efektif terutama dalam mengatasi dampak COVID ini dari sisi kesehatan ataupun ekonominya kata Waketum PD Marwan Cik Hasan kepada wartawan Rabu 23 12 2020 malam Marwan juga menilai sah saja soal penilaian penunjukan menteri menteri bisa berdampak pada elektoral mereka untuk menjadi calon presiden capres pada Pemilu 2024 nanti Namun menurutnya Jokowi harus memberikan koridor dan batasan yang jelas sehingga para menteri tidak melalaikan tugas Bisa saja terjadi dan itu sah sah saja Karena itu jabatan politik Itu tinggal presiden saja yang harus memberikan koridor atau batas yang jelas dan tegas Sehingga tidak melalaikan tugas utama sebagai pembantu presiden dalam menjalankan visi dan misi presiden ucapnya Sama halnya dengan Ketua DPP PD Didi Irawadi Dia meminta siapapun yang masuk dalam kabinet harus cepat mengatasi masalah akibat pandemi ini Bagi saya yang penting kabinet Presiden Jokowi dengan kombinasi yang baru bisa mengatasi pandemi Corona yang semakin mengancam apalagi jumlah yang terinfeksi terus meningkat Dan segera pemerintah mampu mengatasi kemiskinan pengangguran dan persoalan ekonomi lainnya akibat COVID 19 yang telah membuat terpuruknya ekonomi negara ini dan sengsaranya rakyat bawah ujarnya Soal terkait Pilpres 2024 biar rakyat yang menilai Bukan urusan kami Sebab bagi kami saat ini yang penting pemerintah harus mampu mengatasi problem yang ada di depan mata rakyat yang terpuruk akibat dampak pandemi harus segera dibantu Jangan lagi ada bantuan sosial yang dikorupsi saat rakyat sangat menderita akibat Corona lanjut Didi Kenapa kabinet Jokowi saat ini bisa dianggap kabinet capres 2024 simak berita selengkapnya,0.9435749150031746,0.5,0.0,0.0,0.5,0.0,0.0,1.0,0.0,0.5,0.5,0.0,0.16666666666666666,0.0,0.0,0.0,1.0,1.0,1.0,3.5,0.0,3.5,1.0,0.0,1.0,0.01060070671378092,0.7272727272727273,0.046242774566473986,0.6690303260823501
13444,Ahli RI Bongkar Klaim Vaksin Moderna 196 Persen Cegah Corona,Moderna mengklaim bahwa vaksin buatannya 100 persen dapat mencegah gejala berat dalam kasus Covid 19 Klaim ini berdasarkan analisa hasil kajian uji coba Fase III vaksin yang melibatkan 30 ribu penduduk Amerika Serikat AS Ahli biologi molekuler Ahmad Rusdan Handoyo menjelaskan angka tersebut didapat Moderna dari jumlah relawan yang tertular Covid 19 yang mengalami gejala berat Para relawan ini disuntik bibit vaksin Covid 19 Moderna melakukan uji klinis pada dua kelompok yakni disuntik vaksin dan disuntik plasebo Dari total 30 ribu relawan terjadi 196 kasus Covid 19 kata Ahmad saat dihubungi CNNIndonesia com Rabu 2 12 Di kelompok plasebo terjadi penularan Covid 19 terhadap 185 orang sementara di kelompok vaksin cuma 11 orang Oleh karena itu Moderna mengklaim vaksin memiliki tingkat kemanjuran pencegahan Covid 19 mencapai 94 1 persen Dari 185 orang terkena di kelompok plasebo 11 orang ternyata bergejala berat Sementara di kelompok vaksin tidak satu pun sukarelawan yang mengalami gejala berat Berarti 100 persen proteksi dari gejala berat Bukan menyembuhkan tapi mencegah tutur Ahmad Ahmad mengatakan untuk menilai efektivitas vaksin dalam memberikan perlindungan terhadap infeksi peneliti telah menentukan target bahwa dari total orang yang diuji baik kelompok plasebo dan penerima suntikan uji vaksin Setidaknya terjadi 150 kejadian infeksi Covid 19 dan termasuk gejala yang terjadi Umumnya tim independen yang telah dibentuk akan melakukan pemeriksaan terhadap proses riset vaksin pada angka kejadian yang ditentukan misalnya 50 dan 100 dan 150 Jadi standar atau kriteria minimalis vaksin Covid 19 dianggap efektif adalah terkumpul 150 kasus Covid 19 bergejala di mana 100 kasus terjadi pada kelompok relawan yang mendapatkan plasebo dan maksimum 50 kasus terjadi pada kelompok yang diberikan vaksin kata Ahmad Ahmad mengatakan vaksin Moderna berjenis RNA ini tak memerlukan suhu dingin untuk penyimpanan Padahal vaksin RNA buatan Pfizer membutuhkan suhu di bawah minus 70 derajat celsius Klaim ini merupakan tanda baik untuk memudahkan proses logistik dan distribusi vaksin karena vaksin dapat disimpan di kulkas biasa Moderna mengklaim bahwa penyimpanan tidak membutuhkan 70 derajat celsius dan bisa menggunakan kulkas biasa Kalau benar ya memang jadi lebih mudah logistiknya Mereka pasti melakukan semacam chemical modificationagar lebih stabil ujar Ahmad Setelah mengklaim vaksinnya bisa cegah gejala berat kasus Covid 19 Moderna mengajukan izin penggunaan darurat vaksin Covid 19 kepada Otoritas Makanan dan Obat obatan Amerika Serikat FDA Senin 30 11 Pihak perusahaan meminta FDA untuk meninjau kumpulan data dan hasil penelitian itu Dengan pengajuan itu Moderna akan menjadi produsen obat kedua yang mengajukan izin penggunaan darurat dari FDA setelah Pfizer Pfizer sendiri sudah lebih dulu mengajukan permohonan yang sama pada 20 11,0.9419405865216928,1.0,0.0,0.0,0.5,0.0,0.0,1.0,0.0,0.5,0.5,0.0,0.36363636363636365,0.0,1.0,0.0,1.0,1.0,1.0,4.0,0.0,4.0,1.0,0.0,1.0,0.002680965147453083,0.7,0.032407407407407406,0.7156724442509028
13727,Pemprov Jabar Fasilitasi Warga Cek Mandiri Antigen Via Online,Berbagai inovasi dalam pelacakan kontak atau tracking kasus positif COVID 19 terus dilakukan Pemprov Jabar Salah satu yang terbaru adalah pemesanan alat tes antigen secara online berikut surat hasil tesnya Direktur Utama PT Jasa Sarana Hanif Mantiq mengatakan pihaknya tak hanya mendistribusikan alat tes antigen Uji CePAD yang merupakan hasil inovasi Universitas Padjadjaran Unpad tetapi juga membantu Satgas Penanganan COVID 19 dalam melakukan pelacakan bagi pengguna tes antigen CePAD atau disebut juga rapid test 2 0 Salah satu alasan Jasa Sarana melalui anak usaha UBJ berkontribusi dalam penanganan COVID 19 melalui CePAD karena kami tertarik dalam pengembangan IT nya kata Hanif dalam keterangan resminya Rabu 30 12 2020 Hanif menjelaskan sistem tracking hasil data ini sangat dibutuhkan pemerintah untuk melacak kasus positif COVID 19 atau untuk mengetahui warga yang telah dites antigen CePAD Layanan IT CePAD juga bisa memberikan layanan pemesanan online juga surat keterangan hasil tes secara online ujarnya UBJ sendiri telah bekerjasama dengan Dinas Kesehatan di 27 kabupaten kota di Jabar berikut Badan Nasional Penanggulangan Bencana BNPB dan sejumlah kawasan industri dan fasilitas layanan kesehatan Saat ini jangkauan layanan masih di Jawa Barat dan DKI Jakarta kata Hanif CePAD dari Unpad ini diperkenalkan Menteri Riset dan Teknologi RI Prof Bambang Brodjonegoro dalam konferensi pers virtual yang digelar Senin 28 12 Selain CePAD Bambang juga memperkenalkan GeNose yang dibuat oleh UGM Dua inovasi anak bangsa ini mempunyai peran sangat penting dalam penanganan COVID 19 terutama dalam pelaksanaan 4T testing tracing tracking dan treatment ujar Bambang Sebelumnya Gubernur Jawa Barat Ridwan Kamil mengatakan penanganan COVID 19 di Jawa Barat sekaligus inovasi penanganan yang lahir dari perguruan tinggi menjadi bukti bahwa kolaborasi menjadi kunci Jawa Barat mengendalikan pandemi Dan juga terbukti industri di Jawa Barat bisa digeser menjadi industri kesehatan Ventilator alat rapid tes masker itu semua ngumpul dan swasembada di Jawa Barat kata Emil,0.9419335213727111,0.5,0.0,0.0,0.5,0.0,0.0,1.0,1.0,1.0,1.0,0.0,0.5,0.5,0.0,0.0,0.0,0.0,0.5,1.0,0.0,1.0,0.0,0.0,1.0,0.0035335689045936395,0.5555555555555556,0.027777777777777776,0.46587849374994006
6819,Khamenei Tokoh Muslim Berpengaruh hingga Cerita Selandia Baru,Sejumlah peristiwa terjadi pada Selasa 15 12 yang dirangkum dalam kilas internasional Mulai dari Erdogan menjadi tokoh muslim paling berpengaruh di dunia hingga dubes Tantowi Yahya menceritakan kehidupan di Selandia Baru yang kini bebas Covid 19 Presiden Turki Recep Tayyip Erdogan dinobatkan menjadi tokoh Muslim paling berpengaruh di dunia versi pusat penelitian independen The Royal Islamic Strategic Studies Centre yang berbasis di Yordania Selasa 15 12 Dalam daftarThe Muslim 500 The World s Most Influential Muslims 2021 Erdogan dianggap sebagai tokoh Muslim paling berpengaruh dari pada Raja Arab Saudi Salman bin Abdul Aziz Al Saud yang berada di posisi kedua Sementara itu Pemimpin Tertinggi Iran Ayatollah Ali Khamenei dan Raja Yordania masing masing menjadi tokoh Muslim paling berpengaruh ketiga dan keempat di dunia Di tahun sebelumnya Erdogan menduduki peringkat enam sebagai tokoh Muslim paling berpengaruh di dunia Menurut The Royal Islamic Strategic Studies Centre Erdogan merupakan pemimpin yang berhasil membawa Turki menjadi salah satu negara kekuatan global utama major global power Perdana Menteri Singapura Lee Hsien Loong mengumumkan bahwa dia beserta tim pemerintahan akan menerima vaksin Covid 19buatan Pfizer BioNTech gelombang pertama Dia mengatakan hal itu dilakukan untuk memastikan bahwa vaksin aman digunakan Kami akan menjadi yang pertama menerima vaksin untuk menunjukkan kepada Anda terutama manula seperti saya bahwa kami yakin vaksin itu aman kata Lee Senin 14 12 Vaksin akan tersedia gratis untuk semua warga Singapura dan residen jangka panjang Pemberian vaksin juga akan diprioritaskan kepada orang orang yang berisiko besar tertular virus termasuk petugas kesehatan orang tua kaum rentan lainnya Lebih lanjut Lee mengatakan Singapura akan menerima gelombang pertama vaksin Covid 19 Pfizer BioNTech pada akhir Desember dan berencana memberikan secara gratis sekaligus sukarela kepada seluruh penduduknya sebelum paruh kedua 2021 Duta besar Indonesia untuk Selandia Baru Samoa dan Kerajaan Tonga Tantowi Yahya membagikan cerita mengenai kondisi terkini di Selandia Baru lewat wawancara eksklusif dengan tim CNNIndonesia com Dia menyebut Selandia Baru telah beraktivitas normal seperti biasa dan warga tak lagi mengenakan masker Bisa kita bilang bahwa negara ini sedang terbebas dari Covid 19 Memang ada beberapa kasus antara 1 hingga 4 kasus dalam beberapa hari itu adalah kasus yang terjadi di tempat isolasi ujarnya Tapi penularan atau infeksi sudah tidak ada Kami di sini sudah bisa disebut hidup normal tidak perlu memakai masker tidak perlu menjaga jarak kemudian tidak ada pembatasan untuk berkumpul,0.9418210177287388,1.0,0.0,0.0,0.5,0.0,0.0,1.0,0.0,0.5,1.0,0.0,0.5,0.5,0.0,0.0,1.0,1.0,0.5,3.5,0.0,3.5,1.0,0.0,1.0,0.0057306590257879654,1.0,0.03404255319148936,1.0
10121,CGV Buka 4 Bioskop di Jakarta Besok Harga Tiket Naik,Jaringan bioskop CGV akan membuka empat bioskop di DKI Jakarta mulai Rabu 21 10 besok Kabar itu disampaikan pihak CGV melalui akun Twitter resmi dengan mengunggah posterPada poster yang diunggah CGV ID terlihat mereka akan membuka bioskop di Grand Indonesia Green Pramuka Mall Transmart Cempaka Putih dan AEON Mall JGC Mereka juga mengingatkan memesan tiket secara online Pada situs CGV Indonesia bioskop CGV Grand Indonesia akan menayangkan film tiga film yaitu My Hero Academia Heroes rising Patients of A Saint dan Train To Busan Peninsula Kemudian CGV Green Pramuka Mall akan menayangkan Patients of A Saint dan Train To Busan Peninsula Sementara CGV Transmart Cempaka Putih dan CGV AEON Mall JGC hanya menayangkan Train To Busan Peninsula Gambas Twitter Pekan lalu jaringan CGV memastikan tidak akan menaikkan harga tiket jika mereka kembali mengoperasikan bioskop di Jakarta setelah pemerintah provinsi menerapkan lagi Pembatasan Sosial Berskala Besar PSBB Transisi pada 12 25 Oktober Harga tiket tidak akan dinaikkan kata Public Relation Manager CGV Cinemas Hariman Chalid kepada CNNIndonesia com beberapa waktu lalu Hariman melontarkan pernyataan itu merespons pertanyaan mengenai antisipasi kerugian bioskop karena Pemprov DKI menetapkan kegiatan di dalam ruangan selama masa PSBB Transisi hanya 25 persen dari kapasitas normal Guna menarik minat penonton CGV justru akan mengadakan promo tiket untuk beberapa film yang sudah ditetapkan Promo tersebut merupakan hasil kerja sama antara CGV dengan rekan bisnis mereka Sebelumnya Kepala Seksi Pengawasan Dinas Parekraf DKI Iffan menyatakan sejumlah jaringan bioskop sudah mendapat surat izin pembukaan Jaringan bioskop tersebut antara lain XXI CGV dan Cinepolis SK Surat Keputusan untuk pembukaan sudah dimiliki oleh bioskop tersebut XXI CGV dan Cinepolis Namun pembukaan tergantung kebijakan manajemen mereka kata Iffan melalui pesan singkat yang diterima CNNIndonesia com Selasa 20 10 Ia juga menjelaskan bahwa bioskop yang beroperasi harus mematuhi prokol kesehatan dengan ketat Salah satunya pembatasan penonton dengan maksimal 25 persen dari kapasitas reguler Kemudian penonton diwajibkan mengisi data secara daring dan langsung di lokasi dengan format nama nomor ponsel dan enam digit pertama Nomor Induk Kependudukan NIK,0.941811333355694,1.0,0.0,0.0,0.5,0.0,0.0,1.0,0.0,0.5,0.5,0.0,0.2222222222222222,0.0,1.0,0.0,1.0,1.0,0.0,3.0,1.0,2.0,1.0,1.0,1.0,0.01,0.7,0.034653465346534656,0.7244395630413136
9675,Hari Ini 83 500 Orang Diprediksi Tinggalkan Banten Via Bandara Soetta,Sebanyak 83 500 orang diperkirakan akan meninggalkan Jakarta menggunakan pesawat hari ini Data tersebut tercatat dari keberangkatan pesawat di Bandara Soekarno Hatta Soetta Tangerang Banten Pada hari ini Rabu 23 Desember 2020 jumlah penumpang pesawat diperkirakan mencapai sekitar 83 500 orang dengan sebanyak 846 penerbangan ujar VP of Corporate Communication PT Angkasa Pura II Yado Yarismano melalui keterangan tertulis Rabu 23 12 2020 Yado mengatakan hari ini dan besok diprediksi menjadi puncak arus mudik Natal dan tahun baru Untuk mengantisipasi penumpukan penumpang pesawat di Bandara Soekarno Hatta diimbau memperhatikan syarat penerbangan salah satunya menunjukkan hasil rapid test antigen atau PCR Di terminal penumpang akan dilakukan validasi surat hasil tes COVID 19 baik itu rapid test antigen atau PCR test oleh petugas Kantor Kesehatan Pelabuhan Kementerian Kesehatan selain tentunya dilakukan juga pemeriksaan kartu identitas diri dan tiket penerbangan oleh personel keamanan bandara tuturnya Yado mengharapkan keaktifan penumpang dalam menyediakan berkas berkas yang sudah ditentukan Pasalnya kedisiplinan itu diperlukan agar pemeriksaan oleh petugas berjalan lancar Kami mengimbau agar penumpang pesawat sudah menyiapkan dokumen dokumen tersebut agar pemeriksaan berjalan lancar dan proses keberangkatan juga berjalan lancar Selain itu calon penumpang pesawat juga agar menerapkan jaga jarak di setiap titik menggunakan masker dan sering mencuci tangan kata Yado Penumpang juga diharapkan hadir di bandara 2 jam sebelum keberangkatan pesawat Jika belum memiliki hasil rapid test antigen atau PCR diharapkan hadir 4 jam sebelum keberangkatan pesawat untuk menjalani rapid test antigen terlebih dahulu Berikut ini daftar lokasi yang menjadi tempat penumpang bisa melaksanakan rapid test antigen 1 Airport Health Center di T1 Walk in Service 2 Airport Health Center di T2 Stasiun Skytrain Walk in Service 3 Airport Health Center di T2 Terminal 2D Pre order Service 4 Airport Health Center di T3 SMMILE Center Walk in Service 5 Airport Health Center di T3 area lounge umroh Pre order Service 6 Drive Thru tes di lapangan parkir T37 Drive Thru tes di lapangan parkir T28 Drive Thru tes di lapangan parkir T1,0.9414602859996372,1.0,0.0,0.0,0.5,0.0,0.0,1.0,0.0,0.5,1.0,0.0,0.4,1.0,0.0,0.0,0.0,0.0,1.0,2.0,0.0,2.0,0.0,0.0,1.0,0.011194029850746268,0.8181818181818182,0.05027932960893855,0.7338269424604305
9601,Dikbud Minta Guru Pukul Rata Cara Mengajar Kala Pandemi,Direktur Jenderal Guru dan Tenaga Kependidikan Kementerian Pendidikan dan Kebudayaan Iwan Syahril menilai guru tidak bisa memukul rata cara mengajar semua siswa di tengah pandemi Covid 19 Harus ada yang namanya mengajar secara student centered yang personalisasi seperti itulah kira kira Walaupun dalam konteks yang mungkin berbeda tapi orientasi cara berpikir betul betul kita ditempa pada masa Covid Jadi enggak bisa lagi one size fits all ucapnya melalui konferensi video Selasa 15 9 Selain siswa memiliki kemampuan yang bervariasi Iwan mengatakan dalam kondisi pandemi situasi dan keterbatasan siswa juga bermacam macam Hal ini berdampak pada kemampuan siswa mengakses kegiatan pendidikan Sekarang dengan muridnya ada yang macam macam kondisi keluarganya di rumah kan Ada yang dengan gadget ada yang nggak ada Ada gadget enggak ada kuota Atau gadget nya dipakai ramai ramai katanya Untuk itu ia mengimbau agar guru berorientasi pada situasi dan kemampuan masing masing siswa selama pembelajaran Mengajar di tengah pandemi katanya harus berbeda dengan cara guru umumnya yang hanya menggunakan satu metode untuk semua siswa Menurutnya guru juga perlu membawa pendidikan yang holistik relevan dan bisa diwujudkan pada masa pandemi Ia mengatakan guru harus mau belajar menggunakan teknologi terbaru untuk membantu proses mengajar Iwan menilai upaya ini bisa menjadi lompatan untuk meningkatkan kualitas guru dan pendidikan di Indonesia Ia mengingatkan bahwa kualitas guru sesungguhnya berperan besar dalam capaian pendidikan siswa Menurut riset dan teori yang ia telusuri dampak kualitas guru dan capaian pendidikan siswa dapat dinilai dalam kurun waktu tiga tahun Jika sebuah kelas diajar guru dengan kualitas baik capaian pendidikannya bisa meningkat dalam tiga tahun tersebut Sebaliknya berlaku untuk kelas yang diajar guru dengan kualitas dibawah rata rata Selama tiga tahun dalam penelitian ini itu bisa membawa perbedaan hasil belajar murid yang cukup signifikan Yang satu bisa terus meningkat yang satu akan drop Jaraknya bisa sampai 53 percentile points jelasnya Sebelumnya Mendikbud Nadiem Makarim menyampaikan wacananya mengubah kurikulum pada 2021 Harapannya kurikulum baru bisa mendorong guru mengidentifikasi siswa dan mengajar sesuai kemampuan mereka Namun langkah Nadiem memperbaiki kurikulum sebelum memperbaiki kualitas guru dinilai kurang tepat Pengamat pendidikan berpendapat kurikulum baru kerap tak sampai target karena guru tak mampu menerjemahkan cara belajar yang dimaksud kurikulum Pendapat ini disetujui Ketua Tim Perumus dan Pengembang Kurikulum 2013 Said Hamid Hasan yang menilai pembelajaran di sekolah tak sesuai harapan kurikulum susunannya karena guru gagal paham mempraktekkan Kurikulum 2013 Itu evaluasi langkah paling baik Kita lihat kelemahannya pada implementasi Saya pergi ke sekolah SD di Subang itu masih dekat Jakarta Ada SD negeri yang gurunya cuma satu Belum lagi di daerah lain Itu kan jadi persoalan ujarnya Selasa 8 9,0.9404524600029999,0.5,0.0,0.0,0.5,0.0,0.0,1.0,0.0,0.5,0.5,0.0,0.5,0.5,0.0,0.0,1.0,1.0,0.5,3.0,0.0,3.0,1.0,0.0,1.0,0.004889975550122249,0.5555555555555556,0.0211864406779661,0.46881129891869144
11203,Jadi Co Chairs COVAX Menlu RI Harus Mampu Wakili Negara Berkembang,Menteri Luar Negeri Republik Indonesia Menlu RI Retno Marsudi terpilih menjadi salah satu co chairs COVAX dengan perolehan suara terbanyak yakni 41 persen dari total suara yang masuk Pemilihan dilakukan melalui e voting dan diumumkan pada 12 Januari malam waktu Jenewa Selain Menlu RI Menteri Kesehatan Ethiopia Lia Tadesse dan Menteri Pembangunan Internasional Kanada Karina Gould juga terpilih untuk memimpin program pengadaan dan distribusi vaksin COVID 19 bagi 92 negara yang tergabung dalam COVAX Advance Market Commitment AMC Ini sebuah kepercayaan dunia terutama negara negara berkembang kepada Indonesia Pada saat kita bicara kepercayaan apalagi ini kepercayaan yang cukup tinggi maka saya kira nilainya itu tidak bisa dihitung dengan angka Ini sebuah nilai yang cukup tinggi ujar Retno kepada tim detikcom Kamis 14 1 2021 Menurut Retno dengan dirinya terpilih sebagai ketua bersama program pengadaan vaksin COVID 19 global akan membawa banyak keuntungan bagi Indonesia Pasalnya kemampuan leadership Indonesia telah diakui dan dipercaya dunia khususnya oleh negara negara berkembang untuk memastikan kesetaraan akses vaksin bagi semua negara Ini tidak lepas dari bagaimana negara negara melihat Indonesia Leadership Indonesia selama ini Karena sekali lagi menjadi co chairs dari kelompok AMC 92 harus dapat membawakan suara negara berkembang paparnya Selain itu ia mengatakan bahwa negara anggota AMC 92 nantinya akan memperoleh vaksin COVID 19 sampai dengan 20 persen dari total penduduknya dengan jenis vaksin yang disesuaikan dengan preferensi dari tiap negara Tetapi pada poin sekarang ini terdapat sebuah confidence yang cukup tinggi bahwa negara AMC 92 kemungkinan besar akan dapat memperoleh sampai 20 dari penduduknya tuturnya Tidak hanya itu Retno juga menilai keterlibatan Indonesia dalam program pengadaan vaksin Corona ini bisa dijadikan dasar dalam perumusan perencanaan sekaligus kebijakan terkait penanganan pandemi COVID 19 dan pelaksanaan vaksinasi Dengan Indonesia berada di situ berarti kita paham lebih banyak mengenai dinamika tantangan solusi semua yang terkait dengan isu vaksin dunia Yang berarti ini akan sangat bermanfaat bagi Indonesia untuk perencanaan kita untuk kebijakan kita di sini dan lain lain Jadi manfaatnya untuk Indonesia besar sekali pungkasnya,0.94041188135122,1.0,0.0,0.0,0.5,0.0,0.0,1.0,0.0,0.5,0.5,0.0,0.5,0.5,0.0,0.0,0.0,0.0,0.5,1.5,0.0,1.5,0.0,0.0,1.0,0.012944983818770227,0.8181818181818182,0.04838709677419355,0.9158384297748899
12074,Reaksi yang Dialami Relawan Uji Klinis Vaksin Covid 19 dan Cara Mengatasinya,PT Bio Farma persero menyatakan uji klinis vaksin Covid 19 buatan Sinovac China masih berlanjut Juru bicara tim Uji Klinis Fase 3 Vaksin Covid 19 Rodman Tarigan mengatakan pihaknya belum menemukan laporan dampak negatif dari vaksin buatan Sinovac Sejauh ini belum ada laporan mengenai Kejadian Ikutan Pasca Imunisasi KIPI yang serius atau Serious Adverse Event SAE atau kejadian serius yang tidak diinginkan dari para relawan yang diduga berhubungan dengan vaksin atau kegiatan vaksinasi ujar Rodman dalam keterangan tertulis Rabu 11 11 Rodman menjelaskan SAE merupakan salah satu dari KIPI yang serius dan dialami oleh penerima obat atau vaksin tanpa memandang hubungannya dengan obat atau vaksin tersebut Sedangkan KIPI non serius atau KIPI ringan adalah kejadian medis yang terjadi setelah imunisasi dan tidak menimbulkan risiko potensial pada kesehatan penerima vaksin seperti terjadi demam bengkak di lokasi suntikan dan merah di lokasi suntikan Berdasarkan data 6 November 2020 Rodman menyampaikan sebanyak 1 620 relawan sudah mendapatkan suntikan pertama 1 603 sudah mendapatkan suntikan kedua dan 1 335 sudah masuk dalam tahap monitoring baik untuk immunogenicity efikasi khasiat maupun keamanannya Setiap relawan yang sudah mendapatkan suntikan pertama dan kedua lanjut Rodman akan diawasi dan dimonitor oleh tim uji klinis hingga uji klinis selesai Sehingga apapun kejadian yang menimpa relawan pasti terawasi ujarnya Tim ahli farmakovigilan Bio Farma Novilia membeberkan SAE yang dialami oleh seseorang bisa terjadi baik untuk vaksin yang sudah dipasarkan atau vaksin yang sedang dalam tahap uji klinis seperti vaksin Covid 19 ini Untuk produk yang sedalam uji klinis dia berkata SAE akan dilaporkan ke Komite Etik BPOM dan DSMB Data Safety Monitoring Board Sedangkan untuk produk yang sudah dipasarkan akan dilakukan investigasi atau penyelidikan dan analisis oleh lembaga yang independen seperti KOMNAS KIPI Dan dilaporkan ke BPOM untuk memastikan penyebab utama dari peristiwa ini apakah berhubungan langsung dengan vaksin associated to vaccine atau ada faktor lainnya co incident ujar Novilla Novilia menambahkan perlu dilakukan investigasi lebih lanjut untuk menentukan apakah SAE ini berhubungan dengan vaksin atau bukan co incident untuk kejadian SAE yang saat ini terjadi di Brazil Dalam penyelidikan SAE itu otoritas Badan Pengawas Obat setempat tentu akan dilibatkan Jeda atau penangguhan pelaksanaan uji klinis obat atau vaksin merupakan prosedur standar dan biasa dilakukan untuk melakukan investigasi lebih dulu atas KIPI serius yang ditemukan dalam penelitian ujarnya Lebih dari itu sudah ada pernyataan resmi dari Sinovac terkait kasus SAE vaksin Covid 19 Sinovac di Brazil Sinovac diklaim sudah melakukan komunikasi dengan Butantan Institute dan menyatakan kejadian SAE itu tidak ditemukan berhubungan dengan vaksin co incident Sebelumnya Lembaga Kesehatan Brasil Anvisa menghentikan sementara uji coba klinis vaksin virus corona Covid 19 buatan China CoronaVac Dalam keterangannya lembaga itu menyebut vaksin buatan China itu merugikan Tidak dijelaskan berapa lama penangguhan akan berlangsung Dalam keterangan tersebut Anvisa menyatakan ada sebuah peristiwa pada 29 Oktober yang mendorong keputusan itu diambil Tidak dijelaskan apa yang terjadi saat itu dalam keterangan tersebut,0.9394422671273899,0.5,0.0,0.0,0.5,0.0,0.0,1.0,0.0,0.5,0.5,0.0,0.4444444444444444,0.0,1.0,0.0,1.0,1.0,1.0,3.5,0.0,3.5,1.0,0.0,1.0,0.01201923076923077,0.75,0.039473684210526314,0.5613258747403662
8680,Ilmuwan Inggris Khawatir Varian Baru Corona Lebih Resistan terhadap Vaksin,Ada kekhawatiran bahwa varian baru COVID 19 di Afrika Selatan dapat melemahkan dampak vaksin Reuters Para ilmuwan di Afrika Selatan mengatakan ada kekhawatiran yang masuk akal bahwa varian baru COVID 19 yang menyebar di seluruh negara itu mungkin terbukti lebih resistan terhadap vaksin yang saat ini sedang diberikan di Inggris dan wilayah lain Mereka juga memperingatkan bahwa hal itu membuat kebutuhan untuk menjalankan program vaksinasi secara global bahkan lebih kritis Ini keprihatinan teoritis Kekhawatiran yang masuk akal bahwa varian Afrika Selatan mungkin lebih resistan kata Profesor Shabir Madhi yang memimpin uji coba vaksin Oxford AstraZeneca di Afrika Selatan kepada BBC Pernyataan Madhi menanggapi komentar pemerintah dan para ilmuwan Inggris Dia mengatakan jawaban yang pasti mungkin akan datang dalam hitungan minggu dengan pengujian ekstensif sudah dilakukan di Afrika Selatan Kekhawatiran muncul dari fakta bahwa virus di Afrika Selatan telah bermutasi jauh lebih banyak daripada varian di Inggris dan salah satu mutasi itu mungkin berarti dapat menghindari serangan antibodi yang biasanya melawan virus Corona Vaksin mengajarkan tubuh untuk meningkatkan respons kekebalan yang termasuk menciptakan antibodi untuk melawan virus Corona jika ia pernah bertemu dengannya Antibodi adalah protein kecil yang dibuat oleh sistem kekebalan tubuh yang menempel pada permukaan virus dan secara efektif melumpuhkannya Jika kemampuan untuk terhubung itu melemah maka antibodi yang dibuat setelah pemberian vaksin mungkin tidak efektif Madhi mengatakan tidak mungkin bahwa mutasi di Afrika Selatan akan membuat vaksin saat ini tidak berguna tetapi mungkin melemahkan dampaknya Seorang ahli vaksin di Universitas Wits Profesor Helen Rees mengatakan Untungnya jika modifikasi lebih lanjut dari vaksin diperlukan untuk mengatasi varian baru beberapa teknologi vaksin yang sedang dikembangkan dapat memungkinkan ini dilakukan dengan relatif cepat Afrika Selatan baru baru ini menolak saran dari pemerintah Inggris bahwa variannya lebih menular daripada yang ada di Inggris Para ilmuwan bersikeras tidak ada bukti terkait hal itu atau pun bahwa mutasi di sini membuat virus lebih mematikan Rees mengatakan kekhawatiran tentang mutasi di Afrika Selatan harus menambah tekanan global untuk menjalankan program vaksinasi yang cepat di seluruh dunia dan tidak hanya di negara negara kaya Karena varian varian baru sudah menyebar ke negara lain pentingnya memastikan bahwa vaksin tetap efektif terhadap varian baru merupakan kepentingan global kata Rees Profesor Barry Schoub yang mengetuai komite penasihat pemerintah untuk vaksin mengatakan bukti awal dari tes tes tidak menunjukkan bahwa mutasi akan memungkinkan virus untuk melarikan diri dari dampak vaksin saat ini Vaksin tampaknya sangat efektif katanya mengutip tes laboratorium yang tampaknya menunjukkan vaksin saat ini masih menetralkan varian baru ini Madhi mengatakan percobaan percobaan penting di laboratorium belum dimulai dan kemanjuran vaksin hanya akan diketahui selama beberapa minggu ke depan,0.9391419581327002,1.0,0.0,0.0,0.5,0.0,0.0,1.0,1.0,1.0,1.0,0.0,0.5,0.5,0.0,0.0,1.0,1.0,0.5,3.5,0.0,3.5,1.0,0.0,1.0,0.013297872340425532,0.9,0.04477611940298507,0.8798559157950991
10519,Emak emak Ngamuk Ditegur TNI Gegara Bermasker Ternyata ODGJ,Seorang emak emak ngamuk saat diingatkan anggota TNI di Garut karena berkeliaran tidak menggunakan masker Polisi menyatakan perempuan tersebut mengalami gangguan kejiwaan Hal tersebut diungkap Kapolsek Bungbulang Iptu Endang Mulyana Endang mengatakan emak emak ngamuk tersebut terdata sebagai Orang Dengan Gangguan Kejiwaan ODGJ Berdasarkan hasil penelusuran yang bersangkutan ternyata mengalami gangguan kejiwaan kata Endang saat dikonfirmasi Sabtu 23 1 2021 Endang mengatakan pihaknya telah mengunjungi keluarga perempuan yang diketahui berinisial Im 51 yang merupakan warga Kampung Cikalong Desa Bungbulang itu Selain itu kepastian tentang kondisi kejiwaan Im juga diketahui setelah adanya keterangan dari pihak Puskesmas setempat yang menyatakan Im merupakan ODGJ Berdasarkan keterangan dari dokter Puskesmas yang bersangkutan terdata sebagai orang yang memiliki gangguan kejiwaan ungkap Endang Sebelumnya diberitakan Im ngamuk dan memaki maki petugas TNI yang sedang melaksanakan operasi protokol kesehatan di Bungbulang Jumat 22 1 kemarin Im marah karena tidak terima diingatkan petugas saat dia tercyduk keluyuran tanpa menggunakan masker Kejadian itu menjadi perbincangan setelah video berdurasi 20 detik yang merekam peristiwa itu tersebar via WhatsApp Simak juga video Ngaku Istri Jaksa Emak emak di Aceh Marah Kena Razia Masker Gambas Video 20detik,0.9382886189662502,1.0,0.0,0.0,0.5,0.0,0.0,1.0,0.0,0.5,0.5,0.0,0.5,0.5,0.0,0.0,1.0,1.0,0.5,3.5,0.0,3.5,1.0,0.0,1.0,0.011363636363636364,0.625,0.04310344827586207,0.5991681758280236
8015,Kemenhan Jadi Klaster Covid Terbesar di DKI,Kantor Kementerian Perhubungan Kemenhub menjadi klaster Covid 19 dengan kasus aktif terbesar di DKI Jakarta Berdasarkan data pada laman https corona jakarta go id id data visualisasi hingga 30 September Kemenhub masih memiliki 76 kasus konfirmasi positif dan merupakan kasus aktif Kasus aktif sendiri merupakan kasus positif yang berada dalam pemantauan karena masih membutuhkan perawatan baik itu isolasi mandiri maupun perawatan di rumah sakit Klaster lainnya yang masih menyumbang angka kasus aktif adalah Asrama Cendrawasih Papua di Jakarta total kasus aktif di asrama ini berjumlah 60 kasus Kemudian klaster Kementerian Pertahanan Kemenhan mencatat 147 orang terkonfirmasi positif Dari angka itu 40 orang masih merupakan kasus aktif sisanya sudah closed case yang dinyatakan sembuh atau meninggal Lalu ada klaster Kantor Metro TV menyumbang kasus aktif sebanyak 23 kasus kantor Kompas TV menyumbang kasus aktif 19 kasus Selanjutnya klaster Kementerian Pemuda dan Olahraga Kemenpora mencatat kasus positif sebanyak 65 kasus Dari angka itu 18 orang diketahui masih merupakan kasus aktif Klaster penyumbang kasus aktif tinggi juga berasal dari panti asuhan yakni Panti Laras Harapan Sentosa menyumbang 15 kasus aktif Klaster pernikahan RW 12 Kelurahan Penggilingan juga tercatat masih menyumbang kasus aktif sebanyak 15 kasus Ada juga klaster BATAN yang menyumbang 20 kasus positif sebanyak 14 diantaranya masih merupakan kasus aktif Klaster Takziah Duren Sawit juga menyumbang 14 kasus aktif Berdasarkan data pada https corona jakarta go id id data pemantauan yang diakses pada Senin 5 10 pukul 10 15 WIB DKI masih memiliki 11 091 orang yang masih melakukan isolasi mandiri dengan 2 043 pasien dalam perawatan rumah sakit Artinya masih ada 13 134 kasus aktif di Jakarta Akumulasi kasus positif di DKI sebanyak 79 214 kasus jumlah sembuh di Jakarta sebanyak 64 319 kasus dan kasus kematian berjumlah 1 761 kasus,0.9376348346475392,0.5,0.0,0.0,0.5,0.0,0.0,1.0,0.0,0.0,1.0,0.0,0.5,0.5,0.0,0.0,1.0,1.0,0.5,3.0,0.0,3.0,1.0,0.0,0.0,0.012448132780082987,0.8571428571428571,0.04316546762589928,0.8973760747756947
6034,Cek Vaksinasi Corona di Demak Kudus Hartopo Cepat Digenjot,Gubernur Jawa Tengah Ganjar Pranowo mengecek pelaksanaan vaksinasi virus Corona atau COVID 19 di fasilitas kesehatan di Kabupaten Demak dan Kudus Ganjar mengaku akan melakukan percepatan pelaksanaan vaksinasi Kita memastikan rantai dini itu betul agar kualitasnya bisa terjaga Saya lihat ini Kudus hari Kedua berjalan lancar Tadi melihat di Demak dan ini di Kudus Mudahan tidak ada gangguan Kita bisa lakukan percepatan kata Ganjar kepada wartawan di Puskesmas Mejobo Kudus Selasa 26 1 2021 Ganjar mengatakan pada hari kedua pelaksanaan vaksinasi Corona kepada tenaga kesehatan nakes ini dia meninjau sejumlah fasilitas kesehatan Yakni di rumah sakit daerah Kabupaten Demak dan selanjutnya di RSUD dan Puskesmas di Kudus Ganjar menargetkan vaksinasi kepada nakes selesai pada 28 Januari 2021 Kita memastikan sudah mulai kita tadi mengecek ke rumah sakit dan ini ke Puskesmas karena punya target yang cepet Sehingga kita punya keinginan Puskesmas vaksinasi 50 nakes dan di rumah sakit bisa 200 vaksinasi bisa cepat ujarnya Kemampuan Puskesmas bisa 100 vaksinasi per hari ya cepat digenjot bisa 100 Yang rumah sakit semula 200 bisa menjadi 400 vaksinasi agar bisa digenjot sambung dia Ganjar menjelaskan jumlah nakes di Jawa Tengah saat ini ada 166 078 orang Mereka merupakan nakes yang menerima vaksin COVID 19 tahap pertama Namun di antara jumlah nakes yang terdata itu ada yang tertunda divaksin karena sakit hingga sedang hamil Jumlah nakes 166 078 orang Delay ditunda lagi sakit hamil yang lain harus 100 persen Gejala ringan tidak ada berarti Sempat pingsan satu dicek sehat lagi ujarnya Sedangkan untuk kepala daerah di Jawa Tengah lanjutnya sudah melaksanakan vaksinasi Corona Ganjar menyebutkan tahapan vaksinasi ini diprioritaskan untuk nakes pelayan publik dan nanti baru kepada masyarakat umum Semua kemarin minus Wonogiri tadi bupatinya sudah kirim foto divaksin Kemarin bupati wali kota kita pantau kemarin serentak plus Wonogiri Setelah pencanangan dan diikuti vaksinasi untuk nakes kata Ganjar Masyarakat umum nanti Ini kan tahapannya nakes pelayan publik dan baru masyarakat umum imbuhnya Sementara itu Plt Bupati Kudus HM Hartopo mengatakan di Kudus ada 5 618 nakes yang disuntik vaksin Corona pada tahap pertama Dia mendorong agar vaksinasi dipercepat karena ditargetkan pada 28 Januari 2021 selesai vaksinasi Semua tidak ada gejala Kamis harus sudah selesai 5 000 Kamis harus Sehari harus bisa 50 nakes untuk yang di Puskesmas yang divaksinasi jelas Hartopo ditemui wartawan di lokasi yang sama Plt Kepala Dinas Kesehatan Kudus Andini Aridewi menambahkan saat ini sudah 20 persen nakes di Kudus yang telah disuntik vaksin Corona Ditargetkan pada 28 Januari 2021 selesai vaksinasi Andini mengatakan sebelumnya 11 280 vaksin sudah didistribusikan ke semua fasilitas kesehatan di Kudus Registrasi kita cocoknya dulu Kita lihat tadi dari jam 08 00 hingga 11 00 siang sudah 20 persen nakes yang divaksin Target kita karena 28 Januari 2021 sudah selesai tambah Andini di lokasi yang sama,0.9374815666192803,1.0,0.0,0.0,0.5,0.0,0.0,1.0,0.0,0.5,1.0,0.0,0.5,0.5,0.0,0.0,1.0,1.0,0.5,3.5,0.0,3.5,1.0,0.0,1.0,0.007594936708860759,0.8888888888888888,0.03980099502487562,0.8727498868802956
5125,Masuk Daftar Pembatasan Baru Bupati Ciamis Kita Pertegas Prokes,Kabupaten Ciamis tidak masuk dalam daftar pembatasan baru yang dilakukan oleh pemerintah pusat Meski begitu Pemkab Ciamis akan semakin memperketat penerapan protokol kesehatan demi menekan penyebaran COVID 19 Sekalipun tidak masuk daftar karena level oranye kita akan tegas memberlakukan protokol kesehatan karena saat ini kasus positif naik terus Lebih dari 500 orang menjalani isolasi mandiri ucap Bupati Ciamis Herdiat Sunarya di Setda Ciamis usai rapat evaluasi penanganan COVID 19 Kamis 7 1 2021 Herdiat menjelaskan terkait dengan kegiatan keagamaan baik di masjid dan tempat ibadah lainnya masih boleh dilakukan Tapi maksimal 50 persen dari kapasitas ruangan Boleh dilaksanakan dengan pembatasan jarak tempat cuci tangan dan memakai masker ungkapnya Selain itu Pemkab Ciamis juga belum mengizinkan beberapa tempat hiburan untuk beroperasi Acara hajatan atau resepsi pernikahan harus digelar dengan menerapkan protokol kesehatan serta jumlah tamu dibatasi maksimal 50 orang Pernikahan bisa dilaksanakan tapi terbatas yang hadir tamu maksimal 50 orang Kalau lebih dari itu petugas di lapangan dapat langsung membubarkan baik oleh ASN maupun TNI Polri tegasnya Herdiat meminta kepada para ASN untuk menjadi teladan bagi masyarakat dalam menerapkan protokol kesehatan Baik di lingkungan kantor maupun di masyarakat Kemarin saya kontrol keliling perkantoran itu hand sanitizer banyak yang kosong Itu harus diperiksa setiap hari jangan sampai kosong katanya Herdiat menginstruksikan kepada para pegawai untuk kembali melaksanakan apel pagi secara terbatas Bila pegawai lebih dari 100 orang dibagi 2 shift secara giliran Apel dilaksanakan lagi tapi secara bergilir mulai Senin depan tapi bergiliran Supaya sekaligus berjemur di matahari ujarnya Simak video 11 Januari Pemerintah Perketat PSBB di Sejumlah Kota di Jawa Bali Gambas Video 20detik,0.9373770976618238,1.0,0.0,0.0,0.5,0.0,0.0,1.0,0.0,0.5,1.0,0.0,0.5,0.5,0.0,0.0,1.0,-1.0,0.5,2.5,1.0,1.5,1.0,0.0,1.0,0.015873015873015872,0.7777777777777778,0.038461538461538464,0.6240798208505096
13317,PSBB Total Dinilai Jelas Anies Gagal Rangkul Bodetabek,Wali Kota Bogor Bima Arya mengungkapkan belum ada kesepakatan apapun dalam rapat antara sejumlah kepala daerah wilayah penyangga dengan Gubernur DKI Jakarta Anies Baswedan mengenai PSBB total di ibu kota Dalam rapat itu kata Bima Kepala daerah se Jabodetabek meminta agar DKI terlebih dulu berkoordinasi dengan pemerintah pusat untuk menyempurnakan konsep dan rumusan PSBB Total tersebut Jadi sebetulnya belum ada langkah langkah detail dari Pak Gubernur yang disampaikan ke kita Jadi pak gubernur sepertinya harus berkoordinasi dulu dengan pemerintah pusat hari Sabtu Baru kemudian Senin Pak Gubernur koordinasi lagi dengan kita ucap Bima lewat sambungan telepon kepada CNNIndonesia com Kamis 10 9 malam Anies menggelar rapat dengan para kepala daerah penyangga pada Kamis 10 9 sehari setelah ia mengumumkan rencana menerapkan PSBB secara total di ibu kota Rapat bertujuan agar ada sinkronisasi kebijakan antara DKI dan daerah penyangga dalam penanggulangan wabah virus corona Covid 19 Rapat itu dihadiri Gubernur Jawa Barat Ridwan Kamil Gubernur Banten Wahidin Halim Bima Arya dan kepala daerah Bekasi Bogor Depok Tangerang Bima berdasarkan apa yang dibicarakan dalam rapat tersebut menilai bahwa PSBB total yang akan diterapkan Anies di ibu kota tak punya rencana yang jelas Dari Jakarta sendiri belum jelas PSBB total seperti apa Apakah lockdown total itu yang belum clear Masih perlu difinalisasi lagi Jadi setelah konsepnya jelas baru berkoordinasi lagi ujar Bima Bima mengatakan hasil rapat belum mengambil keputusan apapun termasuk kemungkinan daerah penyangga Ibu Kota bakal mengikuti langkah serupa dengan menerapkan PSBB Total Karena ketidakjelasan itu Anies diminta berkoordinasi dengan pemerintah pusat Sedianya koordinasi akan dilakukan Sabtu 12 9 esok kemudian dilanjutkan dengan kembali menggelar rapat se Jabodetabek pada Senin 14 9 CNNIndonesia com telah menghubungi Gubernur Jawa Barat Ridwan Kamil untuk mengkonfirmasi hasil pertemuan dengan Anies namun pesan singkat kepadanya belum mendapat respons Sekda Jawa Barat Setiawan Wangsaatmaja juga belum merespons Sikap serupa juga dari Wakil Gubernur DKI Jakarta Ahmad Riza Patria Riza belum merespons pesan singkat CNNIndonesia com ihwal hasil rapat koordinasi kemarin Sementara itu Wali kota Tangerang Selatan Benyamin Davnie belum akan mengikuti Pemprov DKI kembali menerapkan PSBB secara total Untuk PSBB di Tangsel sudah diatur dalam peraturan Wali Kota walau tidak seketat di DKI Masih bisa dikendalikan ujar Benyamin kepada CNNIndonesia com Kamis 10 9 Namun Pemerintah Kota Pemkot Bekasi Jawa Barat tidak menutup kemungkinan untuk mengikuti kebijakan Pemprov DKI Jakarta yang kembali menerapkan Pembatasan Sosial Berskala Besar PSBB Pemkot Bekasi tidak akan menutup kemungkinan akan melakukan hal serupa seperti di DKI Jakarta yang memperketat PSBB kata Wali Kota Bekasi Rahmat Effendi dalam keterangan tertulis Bima sendiri dengan tegas menolak Kota Bogor mengikuti PSBB Total seperti DKI Alasan Bima PSBB total seperti ditempuh Anies tidak efektif menekan laju kasus Covid 19Politisi PAN itu menyebut pihaknya memiliki konsep lain untuk mengatasi penyebaran Covid 19 di Kota Hujan Cara itu yakni Pembatasan Sosial Berskala Mikro dan Komunitas PSBMK yang kini diterapkan di Kota Bogor Alasan lain penolakan dari Kota Bogor mempertimbangkan anggaran pemerintah Kika sejumlah daerah terutama se Jabodetabek kembali menerapkan PSBB Total ia pesimis pemerintah pusat memiliki cukup anggaran Pemerintah pusat siap enggak mengucurkan tambahan bansos APBD siap enggak TNI Polri siap enggak Kalau enggak siap enggak usah kata Bima tegas Anies pada Rabu 9 9 mengumumkan rencananya kembali menerapkan PSBB di Jakarta PSBB yang akan diterapkan secara total itu disebutnya mulai berlaku per 14 September PSBB secara total merupakan respons Anies atas perkembangan kasus Covid 19 di Jakarta yang mengkhawatirkan Anies bilang dalam beberapa pekan terakhir kasus positif Covid 19 dan kematian mengalami lonjakan Dengan penerapan PSBB total tersebut Pemprov DKI Jakarta rencananya akan kembali menutup sejumlah fasilitas publik seperti perkantoran tempat hiburan atau wisata restoran termasuk tempat ibadah PSBB total akan mengembalikan kondisi Jakarta seperti pada masa awal pandemi ketikaAnies pertama kali menerapkan PSBB pada 10 April Saat itu PSBB di Jakarta diikuti oleh daerah penyangga Sejumlah fasilitas umum pun ditutup kegiatan sekolah dan perkantoran dilakukan dari rumah pembatasan transportasi dan hanya mengizinkan 11 sektor untuk beroperasi selama PSBB Pemprov DKI hanya mengizinkan 11 sektor usaha yakni itu adalah kesehatan bahan pangan energi komunikasi dan teknologi informasi keuangan logistik perhotelan konstruksi publik dan industri yang ditetapkan sebagai objek vital nasional dan objek tertentu serta kebutuhan sehari hari,0.9359125398149404,0.5,0.0,0.0,0.5,0.0,0.0,1.0,0.0,0.5,0.5,0.0,0.5,0.5,0.0,0.0,1.0,-1.0,0.5,2.0,1.0,1.0,1.0,0.0,0.0,0.0017241379310344827,0.5,0.012903225806451613,0.4512640413958991
9663,Gubri Buat Sederet Syarat Ketat Jika Kabupaten Kota Mau Sekolah Tatap Muka,Gubernur Sumut Gubsu Edy Rahmayadi membuat sederet syarat ketat bagi kabupaten kota yang hendak menggelar pembelajaran tatap muka di sekolah saat pandemi Corona Syarat itu kata Edy harus dipenuhi seluruhnya Ada dua yang harus kita bargaining kan Yang pertama anak dalam pendidikan tatap muka hasilnya adalah pandai Atau pendidikan non tatap muka tetapi sehat Itu yang kita perbandingkan Bagaimana kalau dia nanti tatap muka terus tidak sehat Dari perbandingan tersebut ada persyaratan yang harus kita bikin ucap Edy di rumah dinas Gubsu Selasa 29 12 2020 Edy mengatakan syarat yang pertama adalah pengurangan jumlah siswa dalam kelas Waktu pelajaran juga harus dikurangi Seandainya contoh 40 murid Dia harus 50 persen berarti 20 murid Kalau dalam pendidikan itu adalah 4 jam kita potong dia menjadi 2 jam katanya Syarat yang kedua adalah penerapan protokol kesehatan Sekolah harus menyediakan masker tempat cuci tangan dan menjaga jarak siswa saat berada di sekolah Untuk syarat ketiga Edy mengatakan harus ada pemeriksaan kesehatan kepada seluruh guru yang akan mengajar Para guru nantinya akan mengikuti rapid test antigen Ketiga persyaratannya guru guru dalam mengajar dia harus ada minimal swab antigen Jangan sampai gurunya tidak sehat akhirnya muridnya kena semua tutur Edy Syarat keempat adalah dia daerah itu harus hijau tak boleh oranye apalagi merah Itu tadi saya tekankan ke bupati dan wali kota tidak sembarang buat pendidikan tatap muka imbuhnya,0.9355562272596671,0.5,0.0,0.0,0.5,0.0,0.0,1.0,0.0,0.5,0.5,0.0,0.5,0.5,0.0,0.0,1.0,1.0,0.5,3.0,0.0,3.0,1.0,0.0,1.0,0.018604651162790697,0.75,0.06382978723404255,0.8468017415188798
4648,Pengusaha Pasrah Resesi tapi Berharap Tak Sampai Depresi,Sejumlah pelaku usaha mikro kecil dan menengah UMKM mengaku pasrah dengan ekonomi dalam negeri yang diprediksi mengalami resesi pada kuartal III tahun ini Pasalnya usaha mereka memang sudah terpuruk akibat pandemi Covid 19 sejak kuartal II lalu Salah satu pengusaha percetakan suvernir dan undangan pesta pernikahan di Tangerang bernama Fandi misalnya nyaris tak memiliki persiapan apapun untuk menghadapi ancaman resesi tersebut Maklum ia sudah merasa limbung karena omset usahanya sudah tertekan Sudah empat bulan beberapa mesin cetaknya menganggur karena tak ada pesanan Tak ada pesta pernikahan di tengah pandemi dan itu artinya sumber penghasilannya dari segmen pelanggan tersebut juga terhenti Sekarang cuma layanin pesanan suvernir saja buat toko toko yang bikin promosi ucapnya kepada CNNIndonesis com Selasa 1 9 Ia mengatakan untuk bertahan dari tekanan corona sebenarnya sudah berupaya menjajakan dagangannya secara online di market place Namun tetap saja usahanya sulit mendapat orderan Karena itu pula meski mengetahui adanya bantuan kredit murah untuk UMKM dari pemerintah Fandi tak mau mengambilnya Ia khawatir utang tersebut justru menambah berat beban finansialnya di masa krisis Gambas Video CNN Pasalnya penghasilan bersih sebesar Rp7 juta yang ia biasa terima per bulan kini terjun menjadi Rp1 5 juta Rp2 juta akibat corona Imbasnya uang tabungan yang ia kumpulkan untuk membeli alat produksi terus berkurang untuk menutupi kebutuhan harian Apalagi istrinya yang merupakan guru honorer juga kehilangan insentif harian karena kebijakan belajar dari rumah Kemarin mau bayar kontrakan Rp500 ribu per bulan aja susah ungkapnya Ia berharap pemerintah membantunya dengan memberikan bantuan langsung tunai BLT untuk pelaku UMKM sepertinya tanpa banyak embel embel seperti harus tergabung ke koperasi atau menunjukkan bukti neraca akuntansi usaha Sebab selama ini ia bekerja sendirian dan tak sempat memikirkan pencatatan keuangan yang baik dan benar Apalagi informasinya sampai sekarang terbatas banget Ada yang bilang bisa ke dinas tapi enggak ada layanan pengajuan semacam hotline gitu tuturnya Hal serupa juga dirasakan oleh Lina seorang ibu rumah tangga di Tangerang Suaminya yang bekerja di Bandara Soekarno Hatta sudah dirumahkan sejak sebelum lebaran 2020 lalu Karena tak ada penghasilan ia dan suaminya memutuskan usaha kecil kecilan menggunakan sisa uang tabungan Suaminya melayani pesanan reparasi sepeda sementara dirinya menjadi re seler makanan ringan Problemnya kata Lina ia punya tanggungan cicilan rumah yang belum lunas Akhirnya beberapa barang yang tak terpakai di rumah mulai mereka jual Alhamdulillah ada lah yang beli Mungkin karena memang mau bantu Soalnya dari Pemerintah kan cuma sembako sembako aja tuturnya Kini Lina dan suaminya memutuskan untuk menjual rumahnya dengan cara over kredit agar mendapatkan dana segar dan bisa membuka usaha yang lebih baik Mereka juga memutuskan untuk pindah ke kontrakan yang lebih murah untuk sementara waktu agar uangnya dapat dihemat untuk kembali mencicil rumah Ia mengaku tak sepenuhnya mengerti dengan resesi ekonomi dan bagaimana menghadapinya Yang jelas kata dia kondisi saat ini serba susah dan tak tahu sampai kapan akan berlangsung Mudah mudahan ada rezekinya nanti Sekarang pasrah aja enggak usah neko neko Selama bisa usaha jalanin dulu ucapnya lirih,0.9353731065343921,0.5,0.0,0.0,0.5,0.0,0.0,0.0,0.0,0.5,0.5,0.0,0.5,0.5,0.0,0.0,0.0,0.0,0.5,1.0,0.0,1.0,0.0,0.0,0.0,0.0,0.875,0.022292993630573247,0.8050770212514081
429,Nadiem Tegaskan Kemdikbud Hanya Kelola Anggaran Pendidikan Rp 81 5 T,Kementerian Pendidikan dan Kebudayaan menggelontorkan bantuan subsidi kuota internet sebagai bagian dari program Pemulihan Ekonomi Nasional Bantuan dengan anggaran senilai Rp 5 5 triliun tersebut sudah dirasakan manfaatnya oleh 35 5 juta siswa guru mahasiswa dan dosen di seluruh Indonesia Belum pernah Pemerintah Indonesia menyalurkan bantuan kuota data internet sebesar ini Waktu saya berjalan jalan ke Palu ke Gianyar ke Pulau Rote ini benar benar dirasakan masyarakat kata Menteri Pendidikan dan Kebudayaan Nadiem Makarim dalam keterangan tertulis Kamis 26 11 2020 Nadiem mengatakan keterbatasan paket data internet bagi pendidik dan peserta didik selama ini menjadi salah satu kendala yang dihadapi selama pembelajaran jarak jauh Padahal kuota internet sudah jadi kebutuhan primer guna menunjang kegiatan belajar mengajar jarak jauh di masa pandemi kali ini Lebih lanjut Nadiem memaparkan sebuah hasil survei yang menemukan terdapat 85 persen masyarakat yang sudah merasakan manfaat dari bantuan kuota internet tersebut Karena ini menjawab sense of crisis di tengah wabah dan benar benar meringankan beban ekonomi orang tua pelajar jelasnya Terlaksananya kebijakan ini adalah hasil koordinasi antara Kemendikbud dengan pemangku kepentingan Komite Penanganan COVID 19 dan Pemulihan Ekonomi Nasional KPCPEN Kementerian Badan Usaha Milik Negara BUMN serta Kementerian Komunikasi dan Informatika Kemenkominfo Para peserta didik akan mendapatkan subsidi kuota yang dialokasikan untuk peserta didik PAUD sebanyak 20 GB bulan untuk peserta didik pendidikan dasar dan menengah 35 GB bulan Pendidik PAUD dan pendidikan dasar dan menengah mendapatkan 42 GB bulan sementara para mahasiswa dan dosen 50 GB bulan Dari semua bantuan itu jatah kuota untuk akses aplikasi atau jatah kuota umum 5GB bulan dan sisanya adalah kuota belajar Jadi kuota subsidi sebesar 35 GB bulan 5 GB kuota umum dan 30 GB kuota belajar Di samping itu setiap penerima subsidi bisa memanfaatkan kuota datanya untuk pembelajaran jarak jauh termasuk melakukan kelas virtual dengan bantuan aplikasi seperti Whatsapp video call Zoom Google Hangout atau sejenisnya dengan konsumsi data internet yang cukup tinggi Bantuan kuota data subsidi ini diterima masyarakat dalam dua jenis Kuota untuk belajar dan kuota umum Bagian kuota umum bisa digunakan mengakses seluruh laman dan aplikasi sedangkan kuota belajar hanya bisa dipergunakan mengakses laman dan aplikasi pembelajaran yang terdaftar pada http kuota belajar kemdikbud go id,0.9349345700090366,1.0,0.0,0.0,0.5,0.0,0.0,1.0,0.0,0.5,0.5,0.0,0.26785714285714285,0.5,0.5,0.0,0.0,0.0,0.9753086419753086,1.9753086419753085,0.024691358024691357,1.950617283950617,0.0,0.0,1.0,0.0,0.6363636363636364,0.034653465346534656,0.5453163754645047
13064,Trump Janji Vaksinasi 100 Juta Warga AS dalam 100 Hari Pertama Menjabat,Presiden AS terpilih Joe Biden menetapkan target 100 juta vaksinasi Covid 19 dalam 100 hari pertamanya menjabat sebagai presiden Ia menjanjikan hal itu saat memperkenalkan tim kesehatannya pada Selasa 08 12 Ia juga mendesak orang Amerika untuk mengenakan masker selama 100 hari Di hari yang sama regulator AS mengkonfirmasi vaksin buatan Pfizer BioNTech 95 efektif membuka jalan untuk disetujui bagi penggunaan darurat Sementara Presiden Donald Trump menandatangani perintah eksekutif untuk memastikan warga Amerika Serikat mendapatkan prioritas menerima vaksin Covid 19 yang dikembangkan di negara tersebut Belum diketahui bagaimana keputusan ini diterapkan karena perusahaan farmasi sudah menandatangani perjanjian menyediakan vaksin untuk negara negara lain Trump mengatakan ia berharap pihak berwenang akan menyetujui penggunaan vaksin dalam beberapa hari ke depan Ia juga mengatakan badan badan pemerintah siap untuk membagikan vaksin secara massal Seorang perempuan mengenakan masker dan penutup di Beverly Hills California AS 20 November 2020 Reuters AS telah mencatat lebih dari 15 juta kasus Covid 19 dan 285 000 kematian sejauh ini menurut penelitian Universitas Johns Hopkins Angka angka itu merupakan tertinggi di dunia Banyak negara bagian mengalami puncak infeksi dan mencatatkan rekor jumlah orang dirawat di rumah sakit Beberapa ahli menyalahkan perjalanan jutaan warga selama liburan Thanksgiving baru baru ini Presiden terpilih Joe Biden menghadiri konferensi pers di Delaware pada Selasa 08 12 di mana ia memperkenalkan Jaksa Agung California Xavier Becerra sebagai nominasi untuk menteri kesehatan dan Rochelle Walensky sebagai kepala Pusat Pengendalian dan Pencegahan Penyakit CDC Dia menyatakan hari hari pertamanya adalah 100 hari kita bisa mengubah haluan penyakit dan mengubah hidup di Amerika menjadi lebih baik Akan tetapi dia memperingatkan bahwa penanganan virus corona bisa menjadi lambat dan terhambat jika Kongres tidak menyelesaikan pembahasan tentang dana bantuan dan segera menyetujui dana bantuan tersebut Di sisi lain membuka kembali sekolah bagi anak anak akan menjadi prioritas katanya ReutersBiden memberikan sedikit rincian tentang bagaimana program vaksinasi terbesar dalam sejarah AS akan dilakukan Sepekan sebelumnya ia mengeluh bahwa dirinya tidak diberi tahu rencana pemberian vaksinasi oleh pemerintahan Trump Di antara tim kesehatan Biden adalah Dr Anthony Fauci sebagai kepala penasihat medis Covid 19 Pakar penyakit menular itu juga menjadi penasihat tim Trump dan sering kali menyalahkan pandangan Trump terkait Covid 19 Biden memilih pakar penyakit menular Dr Anthony Fauci sebagai kepala penasihat medis Covid 19 Reuters Trump menandatangani perintah eksekutif yang bertujuan untuk memastikan bahwa orang Amerika mendapat prioritas pertama dalam menerima vaksin sebuah langkah yang tampaknya mengikuti kebijakan America First yang sudah lama berlaku Trump mengatakan Setiap orang Amerika yang menginginkan vaksin akan bisa mendapatkan vaksin dan kami pikir pada musim semi kami akan berada dalam posisi yang tidak akan dipercaya oleh siapa pun beberapa bulan yang lalu Pemerintahan Trump berharap untuk melakukan vaksinasi sebanyak 24 juta orang pada pertengahan Januari 2021 Papan iklan di luar markas Pfizer di New York Reuters Akan tetapi belum diketahui bagaimana perintah eksekutif ini diterapkan karena perusahaan farmasi sudah menandatangani perjanjian menyediakan vaksin untuk negara negara lain Pemerintahan Trump memang mendaftar untuk 100 juta dosis awal vaksin Pfizer BioNTech tetapi seorang pejabat Pfizer mengatakan kesempatan untuk membeli vaksin lebih banyak ditolak beberapa kali oleh administrasi Trump dan lebih dari 100 juta vaksin mungkin tidak tersedia hingga Juni 2021 Adapun Inggris pada hari Selasa 08 12 telah memulai pemberian vaksin pertama di dunia Apa yang terbaru tentang vaksinasi di AS Regulator AS pada hari Selasa mengkonfirmasi vaksin buatan Pfizer BioNTech 95 efektif membuka jalan untuk disetujui untuk penggunaan darurat Badan Pengawas Obat dan Makanan FDA tidak menemukan masalah keamanan untuk menghentikan persetujuan vaksin dan bertemu pada hari Kamis 10 12 untuk membuat keputusan resmi Regulator AS pada hari Selasa mengkonfirmasi vaksin buata Pfizer BioNTech 95 efektif membuka jalan untuk disetujui untuk penggunaan darurat Getty Images Meskipun dua dosis diperlukan untuk memberikan perlindungan penuh suntikan pertama mencegah 89 kasus yang paling parah Beberapa efek samping seperti kemerahan atau bengkak di tempat suntikan kelelahan jangka pendek sakit kepala dan nyeri otot dilaporkan tetapi dianggap ringan Sementara perusahaan bioteknologi AS Moderna telah melaporkan keberhasilan serupa dengan vaksinnya dan juga diharapkan mendapatkan persetujuan FDA sebelum Natal,0.9345852556095354,1.0,0.0,0.0,0.5,0.0,0.0,1.0,0.0,0.5,1.0,0.0,0.2986111111111111,0.0,1.0,0.0,1.0,1.0,1.0,4.0,0.0,4.0,1.0,0.0,1.0,0.005154639175257732,0.9090909090909091,0.029850746268656716,0.8301673472929992
13335,Ridwan Kamil Porsi Vaksin untuk Nakes di Bodebek dan Bekasi Raya Lebih Banyak kumparan com,Pemerintah telah menetapkan jadwal vaksinasi corona dimulai pada Rabu 14 Januari atau sehari setelah Presiden Jokowi menerima vaksin Pada gelombang pertama vaksinasi diprioritaskan bagi tenaga kesehatan nakes Gubernur Jawa Barat Ridwan Kamil mengatakan vaksinasi pada tahap awal bakal diprioritaskan bagi tenaga kesehatan dengan kasus corona tinggi Daerah tersebut yakni Bogor Depok Bekasi Bodebek dan Bandung Raya Emil demikian disapa menyatakan kebijakan tersebut sesuai arahan dari Jokowi Jadi ibaratnya ada seribu nakes di zona merah dan ada seribu nakes di zona tidak merah maka proporsinya tidak akan sama walaupun sama sama seribu manusia Akan lebih banyak nakes di zona merah yang divaksin makanya nanti Bodebek dan Bandung Raya porsinya lebih banyak ujar Emil dalam video conference Rabu 6 1 Emil menyatakan fokus vaksinasi bagi tenaga kesehatan di Bodebek dan Bandung Raya lantaran jumlah vaksin yang diterima Jabar baru 90 ribu dosis Sehingga 90 ribu dosis vaksin tersebut akan diberikan kepada 45 ribu tenaga kesehatan di Bodebek dan Bandung Raya Adapun total jumlah tenaga kesehatan di Jabar berjumlah 150 ribu orang Sehingga 105 ribu tenaga kesehatan yang belum mendapatkan vaksinasi atau berada di luar Bodebek dan Bandung Raya akan mendapat vaksinasi pada giliran berikutnya Itu dosis vaksin hanya cukup kurang lebih untuk 45 ribu tenaga kesehatan di tahap satu padahal tenaga kesehatan kita ada 150 ribu Ini insyaallah di tahap dua itu kita akan berikan ke seluruh tenaga kesehatan ucap Emil Jadi saya memohon ke pemerintah pusat agar tahap dua berikutnya dipercepat untuk dilakukan pemberian vaksin kepada nakes secara sempurna tandasnya,0.9340666710751316,1.0,0.0,0.0,0.5,0.0,0.0,1.0,0.0,0.5,1.0,0.0,0.5,0.5,0.0,0.0,1.0,1.0,0.5,3.5,0.0,3.5,1.0,0.0,1.0,0.02358490566037736,0.8,0.09022556390977443,0.6876576609143683
9334,Muhammadiyah Ingatkan Anies Potensi Klaster Sekolah,Ketua Majelis Pendidikan Dasar dan Menengah PP Muhammadiyah Kasiyarno meminta Menteri Pendidikan dan Kebudayaan Nadiem Makarim tak gegabah membuka sekolah yang berada di zona kuning atau risiko rendah penyebaran virus corona Covid 19 Kalau kementerian mau membuka kan pasti ada kemungkinan menjadi penyebab klaster baru di kemudian hari Jadi saya kira tidak harus gegabah lah dalam hal ini kata Kasiyarno kepada CNNIndonesia com melalui sambungan telepon Senin 10 8 Kasiyarno mengatakan sekolah yang berada di zona kuning Covid 19 tetap menggelar pembelajaran jarak jauh PJJ selama wilayah tersebut belum berubah menjadi zona hijau Ia khawatir zona kuning belum benar benar aman dari penyebaran virus corona Di sisi lain Kasiryano mempertanyakan pengawasan pemerintah dalam pembukaan sekolah yang sudah dilakukan di zona hijau Hingga kini pemerintah belum menyampaikan data pasti jumlah sekolah yang dibuka dan keadaan protokol kesehatan di masing masing sekolah tersebut Karena datanya juga masih simpang siur kan Laporan datanya sekarang belum jelas ujarnya Kasriyano mendorong pemerintah mematangkan terlebih dahulu pembukaan sekolah di zona hijau Covid 19 Setelah matang dan dipastikan aman dari virus corona pemerintah bisa menyusul pembukaan sekolah di zona kuning Sebelumnya Nadiem mengizinkan pembukaan sekolah di zona hijau Covid 19 pada 15 Juni 2020 lalu Selang dua bulan kemudian ia mengizinkan kegiatan belajar tatap muka di sekolah yang berada di zona kuning penyebaran virus corona CNNIndonesia com telah berupaya menghubungi Kepala Biro Humas dan Kerjasama Kemendikbud Evy Mulyani dan Direktur Jenderal PAUD Pendidikan Dasar dan Menengah Kemendikbud Jumeri terkait data sekolah yang dibuka di zona hijau namun belum mendapat jawaban Sampai saat ini Kemendikbud belum pernah menyampaikan data sekolah yang dibuka di zona hijau maupun jumlah pasti yang melanggar persyaratan pembelajaran tatap muka,0.9325112197508603,1.0,0.0,0.0,0.5,0.0,0.0,1.0,0.0,0.5,0.5,0.0,0.5,0.5,0.0,0.0,0.0,0.0,0.5,1.5,0.0,1.5,0.0,0.0,1.0,0.0,0.5,0.0189873417721519,0.4834240077633806
4836,Kemenkes Pantau 4 465 Klaster Covid 19 di Seluruh Indonesia,Staf Khusus Menteri Kesehatan Bidang Peningkatan Sumber Daya Manusia Kesehatan Mariya Mubarika mengatakan ada 1 146 klaster penyebaran Covid 19 di seluruh Indonesia berdasarkan data 22 September lalu Kementerian Kesehatan Kemenkes terus memantau ketat klaster tersebut Kita pantau secara ketat dan terus menerus oleh unsur unsur kesehatan di wilayah terkait Untuk itu masyarakat tidak perlu panik pemerintah menjamin tidak akan ada penularan keluar klaster kata Mariya dikutip dalam keterangan resmi di halaman kemkes go id Kamis 24 9 Mariya mengungkapkan jumlah klaster meningkat dari hari sebelumnya 21 September yang tercatat 1 137 klaster Penambahan terbanyak berasal dari wilayah Jawa Tengah didominasi oleh klaster pondok pesantren Ia merinci ada delapan klaster baru penyumbang kasus Covid 19 yaitu Pondok Pesantren Kecamatan Sumbang Banyumas Pondok Pesantren Kelurahan Purwanegara Kecamatan Purwokerto Utara Pondok Pesantren di Kendal dan Gedung Menara Wijaya Sekda SukoharjoLalu dua klaster rumah sakit dan puskesmas yakni RSUP dr Soeradji Tirtonegoro Klaten Puskesmas Kaliwungu Kendal Kemudian klaster arisan RT Pedukuhan Tlogolelo Kulon Progo dan klaster Kelompok Warga Kelurahan Randuacir Kecamatan Argomulyo Salatiga Sementara di DKI Jakarta Satuan Tugas Penanganan Covid 19 mengatakan ada tambahan tiga klaster yang baru muncul yakni klaster hiburan malam klaster hotel dan klaster pesantren Klaster hiburan malam mencatat 5 kasus 0 01 persen klaster pesantren 4 kasus 0 01 persen dan klaster hotel 3 kasus 0 01 persen Ada beberapa klaster yang baru klaster hotel hiburan malam dan pesantren Ini harus menjadi perhatian bersama jadi memang muncul tempat tempat baru yang tidak kita sadari berpotensi penularan tuturnya Jumlah kumulatif kasus positif virus corona di Indonesia mencapai 257 388 orang per Rabu 23 9 Angka tersebut bertambah 4 465 orang dari hari sebelumnya Dari jumlah tersebut sebanyak 187 958 orang dinyatakan telah sembuh dan 9 977 orang meninggal dunia berdasarkan data di laman resmi Kementerian Kesehatan per pukul 15 15 WIB,0.9315911736701162,1.0,0.0,0.0,0.5,0.0,0.5,0.0,0.0,0.5,1.0,0.0,0.4583333333333333,0.5,0.5,0.0,0.0,0.0,1.0,2.0,0.0,2.0,0.0,0.0,1.0,0.017921146953405017,1.0,0.05434782608695652,1.0
8489,Warga Pertanyakan Pengawasan tak Pakai Masker di Dalam Rumah,Sejumlah masyarakat mempertanyakan bentuk pengawasan protokol kesehatan terkait Covid 19 yang mewajibkan setiap orang memakai masker di dalam rumah Meskipun sebagian masyarakat setuju dengan protokol kesehatan di lingkungan keluarga Vanya Fahira seorang mahasiswa di Tangerang Selatan Banten mengaku dirinya sudah menerapkan protokol kesehatan ketika tinggal di rumah kakek dan neneknya Karena takut menjadi karier Covid 19 ia selalu memakai masker di dalam rumah Karena aku masih suka keluar keluar jadi kalau keluar kamar di rumah pakai masker Karena grandpa dan grandma sudah tua kalau Covid kan pasti nyerangnya bisa fatal Jadi inisiatif aja katanya kepada CNNIndonesia com melalui sambungan telepon Sabtu 26 9 Upaya ini juga dilakukan oleh anggota keluarga lain yang masih beraktivitas di luar rumah Namun ia mengatakan hal ini dilakukan karena ada anggota keluarga yang rentan Menurutnya hal serupa sulit dilakukan jika masyarakat tidak memahami pentingnya menggunakan masker di rumah Terlebih karena tidak ada yang mengawasi seperti di ruang publik Diwajibin pakai masker nih di rumah Tapi dengan enggak pakai masker emang siapa yang tahu gitu Dan siapa yang periksa Jadi enggak ada poinnya lanjutnya Dinda Suhendra seorang pegawai firma hukum di Jakarta Selatan pun berpendapat serupa Ia termasuk mawas diri ketika menerapkan protokol kesehatan Menurutnya protokol kesehatan seharusnya diterapkan hingga di dalam rumah Karena di Jakarta kan sudah benar benar parah Dan buat menekan laju penyebaran ya benar famili itu faktor utama Karena kita gampang menyepelekan gampang percaya kalau di rumah enggak ada virus ujarnya kepada CNNIndonesia com Ia bercerita keluarganya cukup disiplin dalam upaya meminimalisasi terpapar corona Ini karena salah satu kakaknya berprofesi sebagai dokter sehingga mengerti situasi dan bahaya pandemi Namun tak jarang ia menemukan rekan yang tak menyadari betul bahaya corona Ia bercerita mereka masih sering keluar rumah tanpa menggunakan masker Menurutnya orang orang seperti itu akan sulit diminta mengikuti protokol memakai masker di rumah Menurutku ujung ujungnya harus kesadaran diri sendiri Pemerintah juga harus menyampaikan dengan baik Jangan seolah ini sebuah keharusan tapi lebih mengajak lanjutnya Dinda menilai upaya ini bisa dilakukan dengan menggandeng influencer dan mensosialisasikan dengan gencar di sosial media Karena ia berpendapat masyarakat akan lebih mudah terdorong dengan pendekatan seperti ini Sedangkan Bientono Soedjito seorang kepala keluarga dari enam orang anak di Jakarta Selatan khawatir protokol kesehatan yang kaku dan tegas di lingkungan keluarga sulit diterapkan di rumahnya Ia tinggal bersama delapan anggota keluarga lain sehingga komunikasi dan mobilitas di rumah pun tinggi Satu kamar tak jarang dihuni lebih dari dua orang Artinya jika diwajibkan menggunakan masker di dalam rumah anggota keluarga di rumahnya harus menggunakan masker seharian Hal ini menurutnya tidak memungkinkan Kan mengganggu juga untuk komunikasi Tidak bisa bebas bernapas Kalau 24 jam ya sepertinya sulit Tapi kalau satu atau dua jam it s okay lah katanya kepada CNNIndonesia com Bientono sendiri kini sudah berusia 75 tahun Dirinya termasuk kalangan yang rentan terhadap bahaya corona sehingga sehari hari ia rajin mengingatkan anak anaknya menaati protokol kesehatan Protokol yang ia tekankan misalnya membersihkan badan dan pakaian setelah pergi menyemprot desinfektan ketika menerima paket serta menjaga jarak dan memakai masker ketika di luar rumah Sebelumnya Menteri Pemberdayaan Perempuan dan Perlindungan Anak I Gusti Bintang Ayu Dharmawati mengimbau agar masyarakat memakai masker di dalam rumah untuk meminimalisasi potensi klaster keluarga Tetap harus memakai masker masker ini tidak hanya dilakukan di luar rumah di dalam rumah pun harus kita lakukan Apalagi ketika ada di keluarga kita kelompok rentan seperti balita demikian juga lansia ujarnya dikutip melalui Youtube Sekretariat Presiden Jumat 25 9 Ia juga mengatakan pemerintah tengah menggodok protokol kesehatan di lingkungan keluarga Ini dilakukan karena belakangan klaster keluarga jadi penyumbang kasus corona yang cukup besar,0.9313358669590418,0.5,0.0,0.0,0.5,0.0,0.0,1.0,0.0,0.5,0.5,0.0,0.5,0.5,0.0,0.0,1.0,1.0,0.5,3.0,0.0,3.0,1.0,0.0,0.0,0.007662835249042145,0.7777777777777778,0.023890784982935155,0.6179432959392681
10463,Erick Thohir Akan Paksa Masyarakat untuk Divaksin Corona,Menteri BUMN Erick Thohir menyatakan pemerintah tak akan memaksa masyarakat untuk ikut dalam program vaksinasi covid 19 Pasalnya berdasarkan survei yang telah dilakukan hanya sekitar 66 persen masyarakat yang percaya dan mau divaksinasi virus corona Ada juga yang 16 persen tidak mau divaksin kami juga tidak memaksakan ujarnya dalam webinar bertajuk Persiapan Infrastruktur Data dan Layanan Vaksinasi Covid 19 Selasa 1 12 Menurut Erick pemerintah berusaha untuk memastikan vaksin yang didatangkan berkualitas dan memenuhi standar yang diwajibkan WHO Tentunya yang sudah melalui uji klinis dan KPCPEN Komite Penanganan Covid 19 dan Pemulihan Ekonomi Nasional pun terbuka kepada MUI BPOM semua pihak kami libatkan Keamanan untuk rakyat Indonesia adalah yang utama imbuhnya Dalam kesempatan yang sama Erick juga mengingatkan meski vaksin tersedia masyarakat tak boleh meninggalkan protokol covid 19 Pasalnya pemerintah sendiri menargetkan vaksin bisa dilakukan akhir tahun ini atau awal 2021 Ingat 7 8 bulan ke depan tidak semua mendapatkan vaksin Ini kita harapkan juga menjadi bagian penting tegasnya Gambas Video CNN Erick mengingatkan vaksinasi bukan lah hal baru yang dilakukan Indonesia Dalam hal ini pemerintah telah memiliki pengalaman cukup panjang dalam melakukan vaksinasi mulai dari vaksin polio meningitis hingga flu burung Namun berbeda dengan sebelumnya vaksinasi covid 19 harus dilakukan sebanyak dua kali Oleh karena itu pemerintah berharap masyarakat dapat bekerja sama agar vaksinasi berjalan lancar Erick juga memastikan pemerintah melibatkan rumah sakit dan perusahaan swasta dalam proses distribusi vaksin tersebut,0.9309034818418639,1.0,0.0,0.0,0.5,0.0,0.0,1.0,0.0,0.5,0.5,0.0,0.5,0.5,0.0,0.0,0.0,0.0,0.5,1.5,0.0,1.5,0.0,0.0,1.0,0.008771929824561403,0.875,0.0440251572327044,0.7953194781229094
14281,Petani Ajak Bamsoet Pertahankan Desa sebagai Lumbung Pangan Nasional,Ketua MPR RI Bambang Soesatyo Bamsoet mengungkapkan selama ini sektor pertanian selalu diidentikkan dengan kehidupan desa yang tak jarang dipandang sebelah mata Padahal sektor pertanian lah yang menopang kehidupan manusia Kini seiring perkembangan zaman berbagai desa telah tumbuh menjadi sentra perekonomian dalam skala kecil dan menengah UMKM di samping tetap menjalankan peran sebagai lumbung pangan nasional Dengan sedikit sentuhan teknologi dan peningkatan kompetensi serta kapasitas sumber daya manusia pemerintah sedang menggalakkan program pengembangan potensi desa menjadi Dewa desa wisata agro Dewi desa wisata industri dan Dedi desa digital ujar Bamsoet dalam keterangannya Rabu 2 12 2020 Hal itu diungkapkannya saat Sosialisasi Empat Pilar MPR RI Bersama Gabungan Kelompok Tani Gapoktan Mekar Makmur Desa Mekarsari Cianjur Jawa Barat Selasa 1 12 Calon Ketua Umum Ikatan Motor Indonesia IMI ini memandang dengan potensi sumber daya yang dimiliki bangsa Indonesia peluang pengembangan sektor pertanian bersama industri kecil dan menengah di desa masih terbuka lebar Gotong royong antara petani dengan pelaku UMKM desa akan memberikan kontribusi besar dalam mendorong bangkitnya perekonomian nasional pascapandemi COVID 19 Menjadikan semakin banyak desa tumbuh menjadi sentra pertumbuhan ekonomi dan teknologi Saat ini memang masih banyak generasi muda yang terlanjur terbuai oleh impian hidup enak di kota namun pada akhirnya menemukan kekecewaan Maka dengan pengembangan potensi desa saya yakin slogan tinggal di desa rezeki kota bisnisnya mendunia bukanlah hal mustahil untuk diwujudkan Sehingga menjadi magnet yang menarik minat generasi muda untuk kembali ke desa Membangun daerahnya dan mengoptimalkan berbagai peluang yang ada urai Bamsoet Ketua DPR RI ke 20 ini mengingatkan seiring upaya pengembangan potensi desa desa akan menjadi kawasan terbuka bagi masuknya berbagai pengaruh dunia luar Termasuk di dalamnya globalisasi dan kemajuan teknologi Untuk itu nilai nilai kearifan lokal harus tetap dijaga dan dilindungi agar tidak tergeser dan tersisihkan oleh laju roda zaman Kita tentu tidak menginginkan pengembangan potensi desa malah menjadi pintu masuk atas lunturnya kearifan lokal tergerusnya semangat kegotongroyongan dan terkikisnya wawasan kebangsaan karakter dan jati diri ke Indonesiaan Karena itulah MPR RI senantiasa konsisten melaksanakan pembangunan karakter bangsa melalui sosialisasi Empat Pilar MPR RI kepada seluruh elemen bangsa tutur Bamsoet Kepala Badan Bela Negara FKPPI ini memaparkan Empat Pilar MPR RI terdiri dari Pancasila sebagai dasar negara landasan ideologi falsafah etika moral serta alat pemersatu bangsa Undang Undang Dasar Negara Republik Indonesia Tahun 1945 UUD NRI 1945 sebagai landasan konstitusional Negara Kesatuan Republik Indonesia NKRI sebagai konsensus kebangsaan yang harus dijunjung tinggi serta Bhinneka Tunggal Ika sebagai semangat pemersatu dalam kemajemukan bangsa Sosialisasi Empat Pilar MPR RI ini juga selaras dengan visi MPR RI sebagai Rumah Kebangsaan Pengawal Ideologi Pancasila dan Kedaulatan Rakyat Dengan visi tersebut MPR RI sebagai lembaga negara dengan kewenangan tertinggi yaitu sebagai pembentuk Konstitusi diharapkan dapat terus menjembatani berbagai arus perubahan pemikiran serta aspirasi masyarakat dan daerah pungkas Bamsoet Turut hadir antara lain Kapolres Cianjur AKBP Mochammad Rifai Camat Cianjur Tom Dani Mardiat Sekdis Pertanian Kabupaten Cianjur Iwan Setiawan Kepala Desa Mekarsari Ujang Rahmat dan Ketua Gabungan Kelompok Tani GAPOKTAN Mekarsari Wilman Solihin,0.9308868434522154,1.0,0.0,0.0,0.5,0.0,0.0,1.0,0.0,0.5,0.5,0.0,0.5,0.5,0.0,0.0,1.0,1.0,0.5,3.5,0.0,3.5,1.0,0.0,1.0,0.006593406593406593,0.7777777777777778,0.023255813953488372,0.702708722783554
12428,Kapolda Jatim Siapkan Personel Gabungan Wujudkan Aman dan Patuh Prokes,Sebanyak 16 789 personel gabungan dari Polri TNI dan instansi terkait disiagakan dalam Operasi Lilin Semeru 2020 Operasi tersebut disiagakan dalam rangka menyambut Natal dan Tahun Baru Nataru 2021 Adapun rincian personel gabungan itu yakni Polda Jatim sebanyak 8 823 personel TNI menerjunkan 1 863 personel Pemda 3 346 personel serta elemen masyarakat 2 757 personel Seluruh personel tersebut akan ditempatkan pada 1 607 pos pengamanan di sejumlah tempat strategis Dalam apel Operasi Lilin Semeru itu hadir Forkopimda yakni Gubernur Jatim Khofifah Indar Parawansa Pangdam V Brawijaya Mayjen TNI Suharyanto dan Kapolda Jawa Timur Irjen Pol Dr Nico Afinta Sedangkan apel tersebut digelar di lapangan Mapolda Jatim Kapolda Jatim Irjen Nico Afinta dalam sambutannya gelar apel ini bertujuan untuk pengecekan seluruh personel Ia juga mengimbau agar masyarakat tetap bisa berperan dalam menjaga protokol kesehatan di tengan pandemi COVID 19 Apel gelar pasukan operasi lilin semeru 2020 ini untuk pengecekan akhir pengamanan Nataru Selain itu diharapkan semua pihak termasuk masyarakat bisa berperan aktif mematuhi Prokes sehingga kesehatan kita semua tetap bisa dijaga dengan baik ujar Nico Senin 21 12 2020 Sementara itu Gubernur Jatim Khofifah Indar Parawansa menyebutkan apel Operasi Lilin 2020 diselenggarakan secara serentak Adapun gelar pasukan ini merupakan pengecekan terakhir yang dilakukan sebelum Nataru Ini pengecekan akhir gelar pasukan sebelum pengamanan libur Nataru dari unsur TNI Pemda dan Mitra kantibmas kata Khofifah Khofifah menambahkan pada perayaan Nataru pada 2021 potensi penyebaran COVID 19 akan besar Untuk itu ia mengimbau agar masyarakat tetap mematuhi protokol kesehatan Tentunya dengantetap menerapkan protokol kesehatan guna mencegah penyebaran COVID 19 sehingga masyarakat dapat merayakan Natal dan Tahun Baru dengan rasa aman dan nyaman tandas Khofifah Operasi Lilin Semeru 2020 akan dilaksanakan selama 15 hari sejak tanggal 21 Desember 2020 Dan akan berakhir pada tanggal 4 Januari 2021,0.9293693906333009,0.5,0.0,0.0,0.5,0.0,0.0,1.0,1.0,1.0,1.0,0.0,0.5,0.5,0.0,0.0,1.0,1.0,0.5,3.0,0.0,3.0,1.0,0.0,0.0,0.011406844106463879,0.7,0.0440251572327044,0.5975099260919703
790,Sebaran 3 948 Kasus Baru Corona di RI 9 Desember Terbanyak di DKI,Kasus COVID 19 bertambah 6 058 pada hari ini Provinsi DKI Jakarta menjadi provinsi terbanyak yang menyumbang kasus baru Berdasarkan data dari Satgas Penanganan COVID 19 Rabu 9 12 2020 total jumlah kasus di RI hari ini tercatat 592 900 orang Data ini dihimpun secara berkala setiap hari per pukul 12 00 WIB Penambahan kasus Corona terbanyak pertama berada di Jakarta dengan 1 217 kasus Diikuti di Jawa Barat dengan 908 kasus baru dan Jawa Tengah dengan 735 kasus baru Selain itu dilaporkan ada penambahan pasien sembuh Corona sebanyak 3 948 Dengan demikian hingga hari ini sebanyak 487 445 pasien Corona telah sembuh Sementara itu penambahan pasien Corona meninggal dunia hari ini memecahkan rekor sebelumnya dengan 171 orang Sehingga total pasien Corona di RI yang meninggal dunia berjumlah 18 171 Berikut ini sebaran 6 058 kasus baru di Indonesia per 9 Desember 1 Aceh 6 kumulatif 8 450 2 Sumut 80 kumulatif 16 341 3 Sumbar 125 kumulatif 21 300 4 Riau 235 kumulatif 21 708 5 Jambi 70 kumulatif 2 502 6 Sumsel 40 kumulatif 10 027 7 Bengkulu 8 kumulatif 2 182 8 Lampung 80 kumulatif 4 426 9 Babel 22 kumulatif 1 305 10 Kepri 12 kumulatif 5 961 11 Jakarta 1 217 kumulatif 147 838 12 Jabar 908 kumulatif 62 083 13 Jateng 735 kumulatif 62 612 14 DIY 198 kumulatif 7 421 15 Jatim 718 kumulatif 66 817 16 Banten 166 kumulatif 14 271 17 Bali 139 kumulatif 15 070 18 NTB 57 kumulatif 4 896 19 NTT 27 kumulatif 1 475 20 Kalbar 57 kumulatif 2 663 21 Kalteng 229 kumulatif 7 253 22 Kalsel 83 kumulatif 13 778 23 Kaltim 279 kumulatif 21 643 24 Kaltara 31 kumulatif 1 948 25 Sulut 57 kumulatif 7 531 26 Sulteng 61 kumulatif 2 299 27 Sulsel 157 kumulatif 22 183 28 Sultra 75 kumulatif 7 056 29 Gorontalo 24 kumulatif 3 290 30 Sulbar 8 kumulatif 1 534 31 Maluku 39 kumulatif 4 758 32 Maluku Utara 0 kumulatif 2 487 33 Papua 59 kumulatif 12 302 34 Papua Barat 56 kumulatif 5 490,0.92805545825818,1.0,0.0,0.0,0.5,0.0,0.0,1.0,0.0,0.5,1.0,0.0,0.3611111111111111,0.5,0.5,0.0,1.0,1.0,1.0,4.0,0.0,4.0,1.0,0.0,0.0,0.01557632398753894,1.0,0.06030150753768844,1.0
14272,Corona Jakarta Melonjak 2 858 Kasus sejak Long Weekend,Kepala Bidang Pencegahan dan Pengendalian Penyakit Dinas Kesehatan Provinsi DKI Jakarta Dwi Oktavia menyatakan kasus positif virus corona Covid 19 di wilayah DKI Jakarta bertambah bertambah 1 114 kasus Dengan demikian kasus positif di Jakarta menjadi 39 037 kasus Hari ini pada Minggu 30 8 jumlah kasus positif mencapai angka 1 114 Dari jumlah tersebut 385 kasus adalah akumulasi data 7 hari sebelumnya yang baru dilaporkan yang mana sebagian besar terpapar COVID 19 saat libur panjang akhir pekan long weekend kata Dwi dalam keterangan resminya Minggu 30 8 Lebih lanjut Dwi menyatakan data dari Dinas Kesehatan Pemerintah Provinsi DKI Jakarta 70 persen kasus positif pada hari ini adalah kasus yang diambil spesimen pada tanggal 24 dan 25 Agustus 2020 Apabila dihitung mundur masa inkubasi virus corona tersering adalah 6 hari Lalu pasien mengakses pemeriksaan PCR 1 2 hari kemudian maka periode penularan tertinggi terjadi pada 16 17 Agustus 2020 Angka pengambilan spesimen pada 27 Agustus juga cukup tinggi perlu dipertimbangkan efek long weekend 2 minggu berturut turut Perlu adanya kewaspadaan dan usah bersama baik oleh Pemerintah maupun masyarakat dalam melihat tren kenaikan kasus ini kata dia Selain itu Dwi menyampaikan penambahan kasus hari ini disumbang sebesar 57 persen di antaranya atau sebanyak 630 kasus baru adalah hasil tracing Puskesmas Puskesmas tersebut kata dia telah melakukan pemeriksaan terhadap kontak erat pasien positif Ia merinci rasio tracing di DKI Jakarta saat ini adalah di angka 6 Artinya dari 1 kasus positif rata rata 6 orang kontak erat akan diperiksa dites PCR Sedangkan dari active case finding yang dilakukan Puskesmas ditemukan 6 kasus baru Sementara dari passive case finding di RS dan klinik ditemukan sebanyak 478 kasus baru kata Dwi Kendati angka positif harian mengalami tren kenaikan namun tingkat kematian atau Case Fatality Rate CFR di Jakarta menurun Ia merinci angka CFR di DKI Jakarta adalah 3 persen hingga 30 Agustus 2020 Jumlah kasus aktif yang sempat mengalami kenaikan pada bulan Juli dan awal Agustus mulai menunjukkan pelandaian kembali dan penurunan yakni hingga 30 Agustus 2020 sebanyak 7 960 orang Hal tersebut diikuti dengan tingkat kesembuhan Recovery Rate yang terus meningkat sebesar 76 7 persen kata Dwi Diketahui kasus kumulatif positif virus corona di Indonesia bertambah 2 858 pada Minggu 30 8 ini Dengan demikian total sejauh ini telah ada 172 053 orang yang positif terinfeksi corona di Indonesia,0.9279224385974336,0.5,0.0,0.0,0.5,0.0,0.0,1.0,0.0,0.0,0.5,0.0,0.2222222222222222,0.0,1.0,0.0,0.0,0.0,1.0,1.5,0.0,1.5,0.0,0.0,0.0,0.005813953488372093,0.7777777777777778,0.035,0.7872134452372044
611,Pemerintah Pantau 67 509 Suspek Corona Hari Ini,Jumlah kasus suspek Corona COVID 19 yang dipantau pemerintah pada hari ini bertambah dibanding hari sebelumnya Hari ini dilaporkan lebih dari 69 ribu kasus suspek Corona yang dipantau Data terkait suspek COVID 19 ini dirilis Satgas Penanganan COVID 19 dan dibagikan BNPB pada Selasa 22 12 2020 Data diperbarui setiap hari dengan sistem cut off data tiap pukul 12 00 WIB Per hari ini dilaporkan ada 69 343 kasus suspek Corona yang dipantau Sementara pada Senin 21 12 ada 67 509 kasus suspek Corona yang dipantau Juga dilaporkan ada 49 806 spesimen Corona yang diperiksa pemerintah Dari jumlah tersebut 6 347 dinyatakan positif COVID 19 Saat ini total kasus COVID 19 di Indonesia mencapai 678 125 Sementara itu pasien sembuh dari COVID 19 juga dilaporkan bertambah sebanyak 5 838 Total hingga hari ini ada 552 722 pasien Corona yang sudah sembuh Hari ini dilaporkan juga ada 172 pasien meninggal akibat COVID 19 Totalnya tercatat ada 20 257 pasien COVID 19 yang meninggal Dilaporkan kasus Corona telah ditemukan di 34 provinsi pada 510 kabupaten kota Pemerintah telah menggunakan istilah istilah baru terkait COVID 19 sejak 13 Juli 2020 Salah satu istilah yang digunakan adalah suspek Penggantian istilah itu tertuang dalam Keputusan Menteri Kesehatan Republik Indonesia Nomor HK 01 07 MENKES 413 2020 tentang Pedoman Pencegahan dan Pengendalian Coronavirus Disease 2019 COVID 19 Tidak ada lagi istilah pasien dalam pengawasan PDP orang dalam pemantauan ODP ataupun orang tanpa gejala OTG,0.9271216751541406,0.5,0.0,0.0,0.5,0.0,0.0,1.0,0.0,0.0,0.5,0.0,0.6666666666666666,0.0,1.0,0.0,0.0,0.0,1.0,1.5,0.0,1.5,0.0,0.0,1.0,0.014285714285714285,0.875,0.05303030303030303,0.7730289836528498
7904,Gugus Tugas Lacak 800 Kontak Erat Kasus Corona Gedung Agung,Gugus Tugas Percepatan Penanggulangan Covid 19 Provinsi Jawa Barat Jabar melakukan pelacakan terhadap mereka yang kontak erat dengan 40 pegawai Gedung Sate yang dinyatakan positif terinfeksi virus corona Ketua Harian Gugus Tugas Jabar yang juga Sekretaris Daerah Jabar Setiawan Wangsaatmaja mengatakan sekurangnya 40 persen dari mereka yang kontak erat dengan pegawai Gedung Sate yang positif Covid 19 mulai menjalani tes usap swab test Dari 800 orang yang coba kami lacak sekitar 40 persen sudah melakukan tes swab Hasilnya masih menunggu katanya di Markas Kodam III Siliwangi Senin 3 8 Menurut Setiawan pelacakan penting dilakukan untuk mengetahui peta penyebaran kasus Covid 19 Adapun mereka yang ditelusuri adalah rekan satu kerja dan keluarga Rekan kerja mendapat prioritas karena memiliki intens pertemuan sekitar tujuh jam dari orang yang terkonfirmasi positif Covid 19 Termasuk saya jadi saya mau tidak mau lakukan tes dari Rabu kemarin Karena saya sering mobile jadi didahulukan hasilnya dan saya dinyatakan negatif Tapi saya mau tes lagi nanti ujarnya Setiawan lebih jauh mengatakan dari 1 265 pegawai Gedung Sate yang dites swab pekan lalu sebanyak 40 orang di antaranya dinyatakan positif Covid 19 Sebanyak 17 di antaranya PNS dan 23 non PNS,0.9254382364685712,0.5,0.0,0.0,0.5,0.0,0.0,1.0,0.0,0.0,0.5,0.0,0.2,0.0,1.0,0.0,0.0,0.0,1.0,1.5,0.0,1.5,0.0,0.0,1.0,0.011428571428571429,0.9,0.07692307692307693,0.8688707453288839
3520,Ahli Kritik Alat Cek Corona GeNose Lemah dengan Rokok Petai,Sejumlah ahli mengkritik penerapan alat deteksi Covid 19 GeNose di Indonesia Epidemiolog asal Universitas Indonesia UI Pandu Riono mengatakan status GeNose masih tahap eksperimental belum bisa dipakai dalam pelayanan publik khususnya screening virus corona Ia menyatakan yang dimaksud dengan izin edar dengan kedaruratan yang hanya berlaku setahun dapat dibatalkan sewaktu waktu Masih perlu penyempurnaan dan uji validasi yg benar kata Pandu kepada CNNIndonesia com Pandu mengaku mengikuti pernyataan Ketua tim pengembang GeNose Universitas Gadjah Mada UGM Kuwat Triyana yang mengaku alat GeNose tidak optimal kalau orang yang dites merokok atau makan makanan menyengat seperti petai hingga jengkol Kuwat menyatakan pasien satu jam sebelum pengetesan dilarang mengkonsumsi alkohol Kedua pasien diizinkan untuk makan satu jam sebelum pengetesan namun disarankan tidak mengkonsumsi makanan dengan aroma sensitif seperti jengkol durian juga petai Ketiga pasien juga tidak boleh merokok satu jam sebelumnya Menurut Pandu GeNose memiliki kelemahan saat mulut orang yang dites nanti sudah terkontaminasi Ini kan orang Indonesia perokok semua doyan makan petai jadi GeNose ini untuk apa ujar Pandu Pandu pun membeberkan bahwa ide GeNose bukan asli dari UGM atau Indonesia Beberapa negara seperti Singapura juga sudah pernah melakukan eksperimen yang sama yakni membuat alat deteksi Covid 19 lewat napas Namun negara negara tersebut memutuskan untuk tidak menggunakan itu sebagai alat deteksi SARS CoV 2 Pandu menekankan rapid test antigen atau swab PCR masih menjadi alat deteksi Covid 19 yang paling akurat di dunia Jadi untuk apa kita glorifikasi yang ternyata malah kontra dengan Covid 19 Sudah ada antigen tes PCR Di negara lain juga sudah ada eksperimen GeNose cuma diputuskan tidak dipakai kata Pandu Pandu kemudian menduga Kemenristek saat ini hanya ingin berlomba untuk menunjukkan prestasi di hadapan Presiden terkait mengatasi pandemivirus corona di Indonesia Namun sayangnya hal itu justru kontraproduktif Menurut Pandu dengan kelemahan yang dimiliki GeNose pemerintah lebih baik fokus pada alat tes yang sudah ada dan mengoptimalkan 3T yakni testing tracing dan treatment Staf Khusus Menristek Kepala BRIN Ekoputro Adiyajanto mengakui merokok atau makan yang menyengat akan mengurangi keefektifan pengetesan GeNose Oleh karena itu SOP nya adalah sebelum melakukan skrining dengan geNose setengah jam sebelum pengetesan pengguna atau pasien tidak boleh merokok minum minuman dengan rasa yang kuat seperti teh atau kopi atau makan makanan yang menyengat seperti durian petai jengkol kata Eko kepadaCNNIndonesia com Atas dasar itu untuk amannya Eko berharap pengguna atau pasien disarankan tidak mengonsumsi apa pun setengah jam sebelum tes Covid 19 GeNose Namun demikian Kemenristek mengklaim akan menjadikan evaluasi terhadap kritik dari ahli soal GeNose Senada dengan Pandu Ahli Biologi Molekuer Ahmad Rusdjan mengatakan gas yang keluar dari mulut atau nafas untuk tes GeNosenanti memang sangat sensitif Ya soalnya karena ini napas kan gas ya Karena gas itu juga kan sifatnya sensitif kata Ahmad kepada CNNIndonesia com Bau bau tersebut ia katakan mungkin saja mempengaruhi hasil sehingga GeNose tak dapat mendeteksi Covid 19 dengan benar Ya kan misal dia makan petai apa berpengaruh Terus abis makan siang dan buru buru harus tes Atau bagaimana dengan orang yang sakit Mag Itu kan dia suka bersendawa nah apa itu juga berpengaruh kata dia Ia mengatakan setiap alat yang digunakan dalam mendiagnosa penyakit pasti punya keterbatasan Namun hal itu yang harus diketahui Jadi saya belum tau banyak mengenai detail alat itu Tapi ini lumayan cepat dan satu hal yang belum familiar Dan penelitian seperti itu Genose banyak tapi yang komersil baru pertama saya lihat ucap Ahmad,0.9252954906391958,1.0,0.0,0.0,0.5,0.0,0.0,1.0,0.0,0.5,0.5,0.0,0.5,0.5,0.0,0.0,1.0,1.0,0.5,3.5,0.0,3.5,1.0,0.0,1.0,0.0,0.7,0.024054982817869417,0.6292633422657377
14263,Gubsu Edy soal Corona Allah yang Akan Ambil Virus Ini Vaksin,Gubernur Sumatera Utara Gubsu Edy Rahmayadi bercerita soal penyebaran virus Corona atau COVID 19 di Sumut yang mengubah banyak kebiasaan warga Salah satunya kata Edy semua orang harus menggunakan masker demi mencegah penularan Corona Akibat COVID 19 ini kita semua pakai masker Yang biasa cantik dilihat sudah mulai nggak keliatan cantiknya perempuan perempuan ini Kaum Hawa ini sudah tertutup kecantikannya ucap Edy di Masjid Ar Rivai Jalan SM Raja Medan Jumat 20 11 2020 Edy mengatakan munculnya virus Corona adalah kehendak Allah Dia menilai Allah juga yang bakal mengambil virus Corona bukan vaksin Dan ini kehendak Allah Allah yang berkehendak karena virus ini makhluk Allah Allah jualah yang nanti akan mengambil virus ini bukan vaksin bukan obat bukan vitamin katanya Edy menyebut ada 14 646 pasien yang dinyatakan positif Corona di Sumut Dari jumlah itu 688 orang meninggal dunia Saat ini sudah 14 646 yang terpapar di Sumatera Utara yang meninggal sudah 688 orang di Sumatera Utara Yang sembuh 12 606 dari 14 ribu itu tutur Edy Satu bulan yang lalu seputaran 200 250 per hari yang terpapar positif COVID 19 Sekarang ini kemarin itu tanggal 19 November 2020 jumlahnya 79 orang yang terpapar ujarnya Simak juga video Vaksin Merah Putih Ditargetkan Rampung Akhir 2021 Gambas Video 20detik,0.9245489349115243,1.0,0.0,0.0,0.5,0.0,0.0,1.0,0.0,0.5,0.5,0.0,0.5,0.5,0.0,0.0,0.0,0.0,0.5,1.5,0.0,1.5,0.0,0.0,1.0,0.015384615384615385,0.9090909090909091,0.078125,0.8423851166104154
12709,Satgas Minta Kunjungan ke Pantai di Anyer Dibatasi Sampai Pukul 18 00 WIB,Polisi sudah berkoordinasi dengan pengelola pantai di Anyer Banten untuk membatasi kunjungan wisatawan sampai pukul 18 00 WIB Aparat gabungan bakal berpatroli di sepanjang Pantai Anyer Kapolres Cilegon AKBP Sigit Haryono mengatakan bakal patroli sore hari mengimbau wisatawan agar berhenti berenang dan nongkrong di pinggir pantai tepat pukul 18 00 WIB Untuk pantai nanti jam 6 petang sudah harus bersih artinya kami imbau kepada pemilik pengelola pantai dibatasi kunjungannya Soalnya kalau sudah gelap itu kan kita ngawasinnya susah kata Sigit saat dimintai konfirmasi Kamis 31 12 2020 Pembatasan jam berlibur wisatawan di pantai mengingat pandemi COVID 19 belum berakhir Polisi menilai pembatasan itu bakal efektif mengurangi kerumunan massa di pantai Polres Cilegon menerjunkan personel di sepanjang pantai Anyer untuk mengamankan wisatawan yang berlibur Selain itu wisatawan yang berlibur wajib menerapkan protokol kesehatan Dalam pelaksanaan di Anyer kami melaksanakan pengecekan kemudian penerapan protokol kesehatan kemudian nanti kalau ada kerumunan kerumunan dilakukan pembubaran pembubaran kata dia Polres Cilegon menurunkan 213 personel untuk mengamankan libur tahun baru 2021 Sigit menegaskan warga yang berada di wilayah hukum Polres Cilegon tidak boleh merayakan malam tahun baru seperti pesta kembang api konser musik dan aktivitas yang membuat kerumunan massa Untuk pengamanannya kita dari Polres dibantu Polda dari Polres menurunkan 213 personel kemudian dibantu BKO Polda ujarnya,0.9237311938549172,0.6666666666666666,0.0,0.0,0.5,0.0,0.0,0.0,0.0,0.5,0.5,0.0,0.4017857142857143,0.5,0.5,0.0,0.0,0.0,1.0,1.6666666666666665,0.0,1.6666666666666665,0.0,0.0,1.0,0.03076923076923077,0.7692307692307693,0.07633587786259542,0.8154358411701353
12273,DKI Pecah Rekor Lagi Ini Sebaran 66 619 Kasus Corona RI 8 Januari,Kasus positif Corona COVID 19 di DKI Jakarta pecah rekor lagi Tercatat 2 959 kasus positif baru yang ditemukan hari ini Data tersebut berasal dari Kementerian Kesehatan Kemenkes dan dipubilkasikan BNPB pada Jumat 8 1 2020 Selain DKI kasus positif baru yang tertinggi hari ini ada di Jawa Barat sebanyak 1 824 kasus dan Jawa Tengah sebanyak 1 071 kasus Pemerintah melaporkan kasus baru positif Corona secara nasional mencapai 10 617 kasus Jumlah kumulatif kasus positif Corona di Indonesia adalah 808 340 hingga hari ini Kemudian angka pasien sembuh Corona hari ini 7 446 kasus sehingga total keseluruhan 666 883 kasus Selanjutnya kasus meninggal dunia akibat Corona bertambah 233 kasus sehingga angka kematian pasien Corona di Indonesia hingga hari ini 23 753 kasus Pemerintah melaporkan sebanyak 66 619 spesimen terkait Corona COVID 19 telah diperiksa hari ini Jumlah spesimen yang diperiksa berasal dari 42 605 orang Jumlah kumulatif spesimen yang diperiksa hingga hari ini adalah 7 779 926 Kemudian jumlah kumulatif orang yang diperiksa 5 193 413 Data mencatat 33 provinsi melaporkan adanya temuan kasus baru positif Corona hari ini Hanya Maluku yang nihil kasus baru positif Corona hari ini Pemerintah hari ini juga memantau 69 121 kasus suspek Corona Virus Corona sudah menyebar di 34 provinsi dan 510 kabupaten kota Berikut sebaran 8 854 kasus positif baru Corona di RI per 8 Januari 2021 1 Aceh 42 kumulatif 8 878 2 Sumatera Utara 92 kumulatif 18 848 3 Sumatera Barat 167 kumulatif 24 322 4 Riau 192 kumulatif 26 032 5 Jambi 72 kumulatif 3 526 6 Sumatera Selatan 102 kumulatif 12 382 7 Bengkulu 32 kumulatif 3 974 8 Lampung 122 kumulatif 6 997 9 Bangka Belitung 75 kumulatif 2 838 10 Kepulauan Riau 26 kumulatif 7 212 11 DKI Jakarta 2 959 kumulatif 200 658 12 Jawa Barat 1 824 kumulatif 94 371 13 Jawa Tengah 1 071 kumulatif 89 637 14 DI Yogyakarta 379 kumulatif 14 346 15 Jawa Timur 1 025 kumulatif 90 615 16 Banten 253 kumulatif 19 966 17 Bali 231 kumulatif 18 874 18 Nusa Tenggara Barat 37 kumulatif 5 998 19 Nusa Tenggara Timur 51 kumulatif 2 450 20 Kalimantan Barat 33 kumulatif 3 727 21 Kalimantan Tengah 114 kumulatif 10 298 22 Kalimantan Selatan 89 kumulatif 15 861 23 Kalimantan Timur 512 kumulatif 29 724 24 Kalimantan Utara 63 kumulatif 4 694 25 Sulawesi Utara 77 kumulatif 10 158 26 Sulawesi Tengah 158 kumulatif 4 373 27 Sulawesi Selatan 588 kumulatif 35 348 28 Sulawesi Tenggara 62 kumulatif 8 245 29 Gorontalo 15 kumulatif 3 949 30 Sulawesi Barat 47 kumulatif 2 100 31 Maluku 0 kumulatif 5 826 32 Maluku Utara 12 kumulatif 2 875 33 Papua 70 kumulatif 13 555 34 Papua Barat 25 kumulatif 6 138 Tonton video Jubir Kemenkes Bicara soal Denda Tolak Vaksin Corona Gambas Video 20detik,0.9236365563396557,0.5,0.0,0.0,0.5,0.0,0.0,1.0,1.0,1.0,1.0,0.0,0.4,0.5,0.5,0.0,0.0,0.0,1.0,1.5,0.0,1.5,0.0,0.0,0.0,0.009592326139088728,1.0,0.05555555555555555,1.0
12296,Sambut Tahun Baru 2021 Ma ruf Amin Harap Kehidupan Sosial Ekonomi Cepat Pulih,Pergantian tahun 2020 ke 2021 tinggal beberapa jam lagi Pemerintah melarang masyarakat untuk merayakan momen tahun baru 2021 dengan berkerumun karena masih pandemi COVID 19 Wakil Presiden RI Ma ruf Amin meminta kepada masyarakat untuk menjadikan pergantian tahun baru sebagai momen instrospeksi diri Menurutnya perayaan baru sebaiknya dilakukan secara sederhana Tafakur untuk berintrospeksi atas kekurangan dan kelemahan diri Bersyukur atas keberhasilan yang diraih dan atas keselamatan diri keluarga dan bangsa dan berdoa untuk memohon petunjuk serta lindungan Allah subhanahu wa ta ala Tuhan Yang Maha Esa agar harapan dan rencana langkah ke depan dapat memberikan hasil manfaat dan maslahat yang lebih baik lagi dari sebelumnya ujar Ma ruf melalui keterangan tertulisnya Kamis 31 12 2020 Wapres Ma ruf mengajak seluruh masyarakat untuk senantiasa bekerja sama menghadapi tahun 2021 Sebab kata dia 2021 merupakan tahun penuh tantangan Mari kita kuatkan niat dan semangat untuk bekerja lebih baik dalam memasuki tahun 2021 yang penuh tantangan dengan keyakinan bahwa segala rintangan akan berhasil kita atasi dengan baik melalui kerja sama sinergi dan kolaborasi yang lebih erat antar semua elemen masyarakat dan bangsa katanya Ma ruf berharap pada 2021 mendatang pandemi COVID 19 dapat segera berakhir Selain itu dia berharap kondisi ekonomi juga dapat segera pulih Semoga dalam tahun 2021 pandemi COVID 19 ini dapat segera kita atasi sehingga kehidupan sosial ekonomi masyarakat segera pulih dan bangsa Indonesia mampu bangkit kembali untuk mewujudkan cita cita meraih kesejahteraan kemandirian keadilan dan kemajuan katanya Ma ruf kemudian mengimbau kepada masyarakat untuk senantiasa menerapkan protokol kesehatan Penerapan itu dilakukan dengan cara 3M mencuci tangan dengan sabun memakai masker dan menjaga jarak Tetap terapkan 3M Mencuci tangan menggunakan masker menjaga jarak serta menghindari kerumunan Dan dukung pelaksanaan program vaksinasi untuk menghentikan penularan Covid 19 imbuh Wapres Ma ruf,0.922949965043764,1.0,0.0,0.0,0.5,0.0,0.0,1.0,0.0,0.5,0.5,0.0,0.3333333333333333,1.0,0.0,0.0,1.0,1.0,1.0,4.0,0.0,4.0,1.0,0.0,0.0,0.022900763358778626,0.7692307692307693,0.05649717514124294,0.6953019400104021
1751,Antapani Geser Andir Jadi Penyumbang Kasus Corona Tertinggi di Bandung,Kasus positif aktif COVID 19 di Kota Bandung Jawa Barat terus meningkat Kecamatan Andir menempati urutan pertama penyumbang kasus positif aktif COVID 19 di Kota Bandung Rabu 2 12 2020 Dari informasi yang dihimpun di laman Pusat Informasi COVID 19 Pusicov Kota Bandung jumlah positif kumulatif mencapai 3 611 atau mengalami penambahan 51 kasus Positif aktif 773 mengalami penambahan 14 kasus pasien sembuh 2 772 bertambah 34 orang dan meninggal dunia 116 orang bertambah 3 orang dari sehari sebelumnya Sementara itu untuk lima kecamatan penyumbang kasus positif aktif terbesar di Kota Bandung ditempati Kecamatan Andir 59 Arcamanik 51 Kiara Condong 47 Coblong 43 dan Bandung Kulon 41 Sedangkan untuk lima kelurahan penyumbang kasus positif aktif terbesar di Kota Bandung ditempati Cisaranten Kulon 21 Antapani Tengah 19 Campaka 19 Dago 19 dan Sukamiskin 15 Seperti diketahui akibat peningkatan kasus ini Kota Bandung kembali ke zona merah Meski demikian Pemerintah Kota Pemkot Bandung belum menentukan apakah Pembatasan Sosial Berskala Besar PSBB atau Pembatas Sosial Berskala Mikro PSBM juga akan kembali di Kota Bandung Sekda Kota Bandung Ema Sumarna mengatakan untuk kebijakan PSBB dan PSBM akan ditentukan Wali Kota Bandung Oded M Danial dalam rapat terbatas ratas Jumat 3 12 2020 mendatang PSBB PSBM itu ada di wali kota Pak wali kota kan inputnya dari kita dan kita pun harus melibatkan semua unsur seperti jajaran kepolisian daya dukung TNI dan lainnya kata Ema di Setiabudi Kota Bandung Selasa 1 12 kemarin Ema menyebut indeks level kewaspadaan COVID 19 di Kota Bandung 1 60 dan tingkat angka reproduksi efektif COVID 19 ada di angka 0 80 Per hari ini Bandung zona merah skor sudah drop 1 60 karena apa jumlah angka luar biasa karena saat ini jumlah positif aktif sudah 759 ini angka yang sangat luar biasa sehingga kita perlu kewaspadaan ujarnya,0.9224876271791149,1.0,0.0,0.0,0.5,0.0,0.0,1.0,0.0,0.0,1.0,0.0,0.5,0.5,0.0,0.0,0.0,0.0,0.5,1.5,0.0,1.5,0.0,0.0,1.0,0.0038910505836575876,0.6,0.03614457831325301,0.645635190901025
8193,Kemendikbud Klaim Putar Dokumenter Netflix Pakai APBN,Direktur Jenderal Kebudayaan Kementerian Pendidikan dan Kebudayaan Hilmar Farid mengatakan kerja sama pihaknya dengan Netflix soal Program Belajar di Rumah BdR di TVRI tak menggunakan uang negara serta melalui proses kurasi yang ketat terkait tayangannya Film film ini nilainya untuk hak siarannya jutaan dolar dan seluruhnya ditanggung Netflix Jadi Kemdikbud tidak gunakan APBN satu sen pun untuk membeli hak atau menyewa katanya dalam Rapat Dengar Pendapat secara telekonferensi dengan Komisi X DPR Senin 22 6 Jadi ada mispersepsi di luar sana yang mengatakan sebaiknya anggaran untuk produksi lokal Sebenarnya tidak ada anggaran sama sekali yang dikerahkan Hilmar menambahkan Sebelumnya Kemendikbud mendapat sejumlah kritik terkait kerjasamanya dengan Netflix pada program Belajar di Rumah di TVRI Komisioner KPI Hardly Stefano misalnya menyayangkan kebijakan Mendikbud Nadiem Makarim yang lebih memilih penyedia konten video streaming luar negeri Hilmar menyatakan kerjasama antara Kemendikbud dengan Netflix sebenarnya sudah dilakukan sebelum ada rencana pembuatan program BDR di tengah pandemi Covid 19 Perlu diketahui kerjasama Kemendikbud dengan Netflix sudah jauh sebelum ada program BdR sejak Januari 2020 ungkapnya Mulanya kata dia kerja sama tersebut dilakukan untuk pelatihan peningkatan kapasitas industri perfilman mulai dari penulisan skenario produksi dan pasca produksi Ketika pandemi memaksa sekolah belajar di rumah Kemendikbud membuat program di TVRI Kedua pihak pun sepakat untuk menayangkan beberapa film dokumenter dari Netflix di stasiun televisi pemerintah itu Ia pun menekankan dalam memilih film dokumenter yang ditayangkan di TVRI pihaknya mengkurasi terlebih dahulu untuk memilih tayangan yang boleh dan tidak boleh disiarkan Ini melibatkan perwakilan lembaga sensor film ketuanya sendiri terlibat Kemudian wakil ketua KPI pihak TVRI dan Kemendikbud sendiri Jadi melalui satu proses pengujian kita hati hati mengenai konten jelasnya Terdapat setidaknya 14 film dokumenter milik Netflix yang ditayangkan di program BdR dengan total waktu tayang 12 jam Hilmar menekankan ini hanya memakan sebagian keci dari porsi tayangan BdR Sebagian besarnya adalah konten lokal yang diproduksi pihak Kemendikbud Gambas Video CNN Program penayangan film dokumenter garapan Netflix sendiri mulai disiarkan sejak akhir pekan lalu di TVRI Film film tersebut akan ditayangkan selama tiga bulan ke depan Sejumlah film dokumenter yang rencananya bakal ditayangkan di TVRI nantinya antara lain Our Planet Street Food Asia Tidying Up with Marie Kondo Spelling the Dream Chasing Coral dan Night on Earth,0.9202503159293128,1.0,0.0,0.0,0.5,0.0,0.0,1.0,0.0,0.5,0.5,0.0,0.5,0.5,0.0,0.0,0.0,0.0,0.5,1.5,0.0,1.5,0.0,0.0,1.0,0.0,0.5714285714285714,0.017699115044247787,0.6158240814939551
8964,Bill Gates Amerika Serikat Mampu Atasi Pandemi Corona,Pendiri Microsoft Bill Gates mengatakan bahwa pemerintah Amerika Serikat AS sejauh ini belum mampu menanggulangi pandemi virus corona SARS CoV 2 Covid 19 yang telah menginfeksi sepuluh juta orang di dunia Pernyataan itu ia sampaikan kepada jurnalis CNN Anderson Cooper dan Dokter Sanjay Gupta Selasa 30 6 waktu setempat berdasarkan angka penyebaran dan kematian akibat virus corona baru di AS terus mengalami peningkatan Sebenarnya sejumlah negara melakukannya dengan sangat baik meningkatkan pengujian patogen baru dan teknologinya terus membaik Khusus Amerika Serikat belum ada koordinasi yang baik di sini kata Gates mengutip CNN AS saat ini masih menjadi negara dengan kasus corona dan kematian tertinggi di dunia Berdasarkan data statistik Worldometer per Rabu 1 7 AS tercatat memiliki 2 727 853 kasus corona dengan 130 122 kematian Tren penularan kasus corona di AS terus meningkat meski Negeri Paman Sam telah memasuki era kenormalan baru atau new normal di mana pemerintah federal dan negara bagian telah mencabut serangkaian kebijakan pembatasan pergerakan Gates menghubungkan kenaikan jumlah orang terpapar Covid 19 di AS karena kurangnya pengujian tracing dan kesadaran masyarakat AS untuk memakai masker masih sangat kurang Padahal sudah banyak negara yang melakukan tindakan tersebut dan terbukti secara efektif menurunkan angka kasus positif Di AS saat ini banyak orang yang mengabaikan pandemi ini bahkan ada yang berpikir bahwa ini pandemi virus corona baru adalah masalah politik tutur Gates Kendati demikian ia masih mempunyai harapan bahwa AS akan meningkatkan upaya mereka untuk memerangi pandemi virus corona baru ini dan membantu mengembangkan vaksin Covid 19 Sebetulnya Gates sudah mengingatkan bahwa akan ada pandemi yang bakal berlangsung selama bertahun tahun dan menghimbau masyarakat global untuk mempersiapkan diri Hal itu dilontarkan Gates di TED yang berjudul The next outbreak We re not ready atau Wabah berikutnya Kami belum siap Saat itu Gates mencontohkan wabah ebola yang menewaskan ribuan orang di Guinea Liberia dan Sierra Leone Lalu ia menyoroti faktor faktor pencegahan penyebaran penyakit di seluruh dunia dan memperingatkan potensi pandemi yang jauh lebih menular Kegagalan untuk mencegah bisa memungkinkan epidemi berikutnya secara dramatis lebih dahsyat daripada ebola Anda dapat memiliki virus di mana orang merasa cukup baik padahal mereka menular ketika naik pesawat atau mereka pergi ke pasar ujar Gates seperti dikutip Alarabiya Lalu Gates memberikan sejumlah saran utnuk meningkatkan kesiapan global untuk memerangi virus apa pun yang berpotensi menjadi pandemi Pertama miliarder asal AS ini mengatakan butuh sistem kesehatan yang kuat khususnya di negara negara miskin Di situlah ibu dapat melahirkan dengan aman anak anak bisa mendapatkan semua vaksin kata dia Selain itu para tenaga medis mesti ditambah Tenaga tenaga medis itu kata Gates sudah dilatih khusus untuk menangani pandemi Tak hanya tenaga medis pasukan militer juga perlu dikerahkan untuk mempercepat distribusi logistik dan mengamankan daerah terdampak Perlu juga mengambil keuntungan dari kemampuan militer untuk bergerak cepat melakukan distribusi logistik dan mengamankan daerah imbuh Gates Jadi saya pikir ini harus menjadi prioritas Tidak perlu panik Kita tidak harus menimbun kaleng spageti atau turun ke ruang bawah tanah Tetapi kita harus segera bertindak karena sudah tidak ada waktu lagi tutupnya,0.9196713311066517,1.0,0.0,0.0,0.5,0.0,0.0,1.0,0.0,0.5,1.0,0.0,0.5,0.5,0.0,0.0,-1.0,1.0,0.5,2.5,1.0,1.5,1.0,0.0,1.0,0.004228329809725159,0.875,0.02364864864864865,0.7970844778763969
9536,PERSI Minta Dokter Tak Terpengaruh Cemoohan selama Pandemi,Wakil Ketua Umum Pengurus Besar Ikatan Dokter Indonesia PB IDI Slamet Budiarto mengimbau para dokter dan tenaga kesehatan tidak mengkhawatirkan cemoohan dari sejumlah pihak selama pandemi Covid 19 Slamet meminta setiap dokter tetap fokus memberikan pelayanan kesehatan terbaik pada pasien Ia bahkan mengimbau dokter menganggap pasien sebagai keluarga Niatkan ibadah dalam memberikan pelayanan kepada pasien berikan pelayanan seperti melayani keluarga tidak usah khawatir ada cemoohan kita tidak usah terpengaruh dengan itu ucapnya dalam dialog Pembukaan Hotel Wisma Atlet di Youtube BNPB Senin 5 10 Ia juga menambahkan dokter harus ingat selalu sumpah kedokteran hal itu akan membantu memulihkan semangat sehingga bisa terus membantu penanganan pandemi covid 19 di Indonesia Kita semangat dengan sumpah kode etik kedokteran kita kita bantu Indonesia sampai covid 19 hilang ucapnya Kisah pilu yang menimpa tenaga medis sebelumnya ramai dibicarakan masyarakat Pasalnya seorang petugas tenaga kesehatan nakes di Surabaya Cholik Anwar dilumuri kotoran oleh keluarga orang terkonfirmasi positif corona Covid 19 yang hendak dijemputnya Tidak hanya itu Cholik juga mendapatkan makian dan perlakuan yang tidak pantas namun para petugas tetap menjalankan tugasnya dengan baik dan tidak terpancing emosi Tudingan miring kepada tenaga medis ramai juga dikatakan Kepala Kantor Staf Presiden Moeldoko menurutnya ada isu rumah sakit yang sengaja meng covid kan pasien meninggal supaya mendapat anggaran penanganan dari pemerintah Merespon tudingan tersebut Ketua Umum Perhimpunan Rumah Sakit Seluruh Indonesia PERSI Kuntjoro Adi Purjanto mengatakan kabar miring tersebut justru berakibat pada munculnya stigma negatif kepada tenaga medis dan runtuhnya semangat tenaga medis yang berjuang melawan pandemi covid 19 Terbangunnya opini RS mengcovidkan pasien menimbulkan stigma dan pengaruh luar biasa pada menurunnya kepercayaan publik terhadap rumah sakit dan meruntuhkan semangat dan ketulusan pelayanan yang dilaksanakan rumah sakit dan tenaga kesehatan tuturnya Slamet meminta pemerintah menyiapkan obat dan alat kesehatan sebagai upaya untuk menekan angka kematian Menurut Slamet obat dan alat kesehatan merupakan senjata untuk menekan kasus kematian Cara tersebut menurut Slamet dapat membantu pemerintah untuk menurunkan angka kasus positif menekan angka kematian dan meningkatkan angka sembuh Untuk pemerintah kami mohon semua logistik untuk pengobatan tercukupi termasuk ventilator dan obat obatan karena program pemerintah kan menurunkan angka kematian dan meningkatkan kesembuhan jadi kalau kita sudah siap tapi obatnya belum siap kan mengganggu pelayanan kata Slamet Slamet juga mengatakan ia mendapat laporan kekosongan obat di beberapa daerah Hal itu tentunya akan menghambat penanganan medis di daerah tersebut Meski demikian kata Slamet tidak ada tenaga medis yang mengeluh dan tetap bekerja melayani pasien sesuai dengan pedoman Kementerian Kesehatan Kadang obatnya kosong di daerah tapi kalau dokter mengeluh capek ga ada yang penting semangat tinggi kemudian pemerintah berusaha menurunkan angka infeksi dengan memberi kita senjata yaitu obat dan alat kesehatan ucapnya Untuk diketahui PT Kalbe Farma bekerja sama dengan perusahaan obat dan farmasi di India PT Amarox Pharma Global untuk produksi Remdesivir dengan merk dagang Covifor Harga jual Covifor awalnya senilai Rp 3 juta per vial kemudian dipangkas menjadi Rp1 5 juta karena tingginya permintaan Selain itu BUMN melalui PT Kimia Farma dan PT Indofarma dikabarkan akan memasarkan obat dan anti viru untuk penanganan covid 19 Kimia Farma saat ini sudah memproduksi Favipiravir obat yang digunakan untuk terapi covid 19 sedangkan Indofarma akan memasarkan obat anti virus corona yaitu Remdesivir dengan nama dagang Desrem Obat tersebut diproduksi oleh Mylan Laboratories Limited atas lisensi dari Gilead Sciences Inc Foster City dan United States of America,0.9177870430054064,0.5,0.0,0.0,0.5,0.0,0.0,1.0,0.0,0.5,0.5,0.0,0.5,0.5,0.0,0.0,1.0,-1.0,0.5,2.0,1.0,1.0,1.0,0.0,0.0,0.001968503937007874,0.75,0.019736842105263157,0.823765836001723
12878,Transaksi e Commerce Naik Nyaris Dua Kali Lipat saat Pandemi,Bank Indonesia BI memprediksi sebanyak 12 juta pelaku usaha mikro kecil dan menengah UMKM akan menggunakan alat pembayaran digital QR Code Indonesian Standard QRIS pada 2021 Kondisi itu tak lepas dari ekonomi digital RI berkembang pesat di tengah pandemi covid 19 Peningkatan itu tercermin dari besarnya transaksi yang dilakukan lewat e commerce dompet digital dan digital banking Gubernur Bank Indonesia Perry Warjiyo menyebut hingga saat ini tercatat sebanyak 5 2 juta pedagang UMKM telah masuk dalam sistem QRIS Melihat tren positif di tahun ini ia yakin setidaknya angka tersebut dapat melonjak dua kali lipat pada 2021 Tahun ini sekitar 5 2 juta pedagang UMKM sudah teregistrasi secara nasional Tahun depan akan lebih dari dua kali lipat sekitar 12 juta pedagang katanya pada konferensi pers acara Bank Dunia Kamis 17 12 Ia menyebut sebelum pandemi pun BI sudah menyiapkan cetak biru blueprint sistem pembayaran Indonesia 2025 Namun dengan momen pandemi ia kian optimis target dari cetak biru BI mengoptimalkan digitalisasi ekonomi dapat terwujud Dalam kesempatan sama Perry menekankan bahwa pihaknya juga mendorong terjadinya perkawinan atau interlink dari sistem perbankan digital dan fintech atau pinjaman online pinjol Perry menjelaskan pula kalau BI juga tengah menyiapkan BI fast payment Lewat sistem ini nantinya transaksi atau penjualan UMKM bisa dipantau secara realtime dan lebih efisien Pembayaran ritel 24 7 real time hanya dalam hitungan detik seluruh transaksi bisa terekam dari UMKM fintech digital banking sampai ke bank sentral pungkasnya Gambas Video CNN,0.9173053209486206,0.5,0.0,0.0,0.5,0.0,0.0,1.0,0.0,0.5,0.5,0.0,0.5,0.5,0.0,0.0,0.0,0.0,0.5,1.0,0.0,1.0,0.0,0.0,1.0,0.013100436681222707,0.8,0.05194805194805195,0.7668192963832373
5683,Liga 1 dan IBL Masih Terkendala Izin Menpora,Sedikitnya dua kompetisi olahraga yang sedianya bakal dimulai awal 2021 yakni Liga 1 2020 dan Indonesia Basketball League IBL 2021 sampai hari ini belum jelas karena terkendala izin kepolisian Lanjutan Liga 1 2020 yang sempat berhenti pada 2020 karena pandemi Covid 19 rencananya akan bergulir pada awal Februari IBL diagendakan mulai 15 Januari Direktur Utama IBL Junas Miradiarsyah masih enggan banyak bicara soal rencana musim baru kompetisi basket Indonesia di tengah pandemi Covid 19 Sebelumnya IBL berencana menggelar kompetisi selama tiga bulan mulai 15 Januari dan selesai pada 22 Maret Dalam pelaksanaannya IBL pernah menyebut bakal menerapkan protokol kesehatan yang ketat Tak hanya itu IBL juga bakal menerapkan sistem bubble atau digelar di satu lokasi dengan pembatasan jumlah orang yang terlibat termasuk tanpa penonton Doakan lancar ya kata Junas melalui pesan singkat kepada CNNIndonesia com Saat dikonfirmasi oleh CNNIndonesia com Kepala Biro Penerangan Masyarakat Karopenmas Polri Rusdi Hartanto mengatakan pihaknya masih mengkaji terkait izin keramaian untuk bergulirnya IBL pada tahun ini Masih dalam kajian Baintelkam Polri Badan Intelijen dan Keamanan Kepolisian ucap Rusdi melalui pesan singkat Sedangkan lanjutan kompetisi sepak bola Indonesia direncanakan bergulir mulai 1 Februari mendatang Sayang sampai saat ini PT Liga Indonesia Baru LIB selaku operator belum juga mendapatkan kejelasan tentang izin keramaian dari pihak kepolisian Ya paling masih diusahakan tidak ada yang baru Jadi saya juga kurang senang tidak ada update signifikan Kami masih menunggu persetujuan pekan ini dari pimpinan tertinggi Polri ucap Hadian kepada CNNIndonesia com Senin 4 1 sore Sementara itu Rusdi menyebut belum ada perkembangan tentang izin kembali digelarnya lanjutan Liga 1 2020 pada Februari 2021 mendatang Belum ada perkembangan tentang izin tersebut jawab Rusdi Adapun Menpora Zainudin Amali menegaskan urusan kompetisi berada di ranah federasi dan pengelola kompetisi tersebut Dalam hal ini pemerintah tetap memberikan dukungan penyelenggaraan dengan penerapan protokol yang ketat Meski begitu Kemenpora tidak bisa masuk terkait pemberian izin keramaian Apalagi situasi pandemi Covid 19 saat ini masih cukup tinggi dan sejumlah pertimbangan lain dari pihak kepolisian Keputusan izin ada di Polri yang punya kewenangan Kami tidak bisa intervensi atau memaksa karena ada pertimbangan ucap Menpora Zainudin dalam konferensi pers virtual Kemenpora sebenarnya juga telah merekomendasikan cabang olahraga yang sudah siap menggelar kompetisi Namun lagi lagi dasar pemberian atau penolakan izin di pihak kepolisian Kami percaya saja ke pihak kepolisian pasti punya pertimbangan yang sangat matang dan punya dasar sebelum memutuskan Karena kami tidak bisa tanya kenapa sebab nanti terjadi perdebatan Kami berusaha untuk tetap memberikan dorongan dan dukungan Kami meyakini Polri sebagai yang punya kewenangan ada pertimbangan yang dijadikan alasan kenapa sebuah kegiatan belum dan sudah diberikan izin jelas Zainudin yang merupakan Politikus Partai Golkar tersebut Menpora mengaku dapat informasi bahwa PSSI bakal menggelar rapat Exco membahas nasib kompetisi Kemenpora bakal menunggu laporan hasil keputusan dari rapat tersebut Sementara itu Proliga yang dijadwalkan pada 31 Januari 2021 juga belum jelas Salah satu faktornya karena terkendala sponsor Wakil Direktur Proliga Regi Nelwan mengatakan pihaknya sejak awal sebenarnya berencana menggelar kompetisi voli nasional pada 31 Januari sampai 28 Februari 2021 atau selama satu bulan antara Februari ke Maret Namun melihat kondisi pandemi Covid 19 saat ini membuat situasi jadi serba tidak pasti Situasi saat ini membuat sponsor yang menjadi tumpuan utama Proliga ikut tidak pasti Dua situasi itu yang akhirnya membuat rencana Proliga bergulir digeser ke Juni Juli mendatang Kalau sponsor belum fix dan kondisi pandemi juga belum mereda kami tidak mau ambil risiko Soal izin kepolisian kami belum sampai ke sana Kami baru merencanakan tapi situasi dan sponsor kan belum memungkinkan Kalau situasi aman sponsor aman tim jadwal aman baru kami urus perizinan jelas Regi kepada CNNIndonesia com Selasa 5 1,0.9171918106389751,1.0,0.0,0.0,0.5,0.0,0.0,1.0,0.0,0.5,0.5,0.0,0.125,0.0,0.0,0.0,0.0,0.0,1.0,2.0,0.0,2.0,0.0,0.0,1.0,0.0037105751391465678,1.0,0.026845637583892617,1.0
12262,Kalbar Tetap Sanksi Batik Air karena Mau Dianggap Toleransi Pelanggar,Gubernur Kalimantan Barat Sutarmidji tetap memberikan sanksi kepada maskapai Batik Air berupa larangan terbang ke Pontianak terkait temuan penumpang positif Corona COVID 19 Hal ini dilakukan agar tidak ada toleransi kepada pelanggar Larangan ini berlaku hingga hingga 10 hari ke depan per 24 Desember 2020 Sutarmidji menegaskan kebijakan dalam penanganan saat pandemi tidak bisa disamakan dengan masa normal Kondisi penanganan pandemi jangan berdebat dengan aturan di masa normal Saya paham aturan tidak ada yang namanya Maladministrasi Lex Specialis Derogat Legi Generalis artinya aturan yang khusus mengesampingkan aturan yang umum Ini kondisi pandemi jangan bicara seperti kondisi normal kata Sutarmidji melalui akun Facebook pribadinya seperti dilihat detikcom Minggu 27 12 Ia mengaku sudah berkoordinasi dengan Angkasa Pura Supadio dan KKP terkait keputusan melarang maskapai Batik Air terbang ke Pontianak Namun ia menyebut pihak Angkasa Pura Bandara Supadio dan KKP terkesan cuek dan lempar tanggung jawab Koordinasi penting tapi kalau diajak koordinasi cuek maka keputusan untuk kepentingan masyarakat yang lebih besar harus diambil ujarnya Untuk itu Sutarmidji meminta maaf kepada seluruh pihak bila keputusan Pemerintah Provinsi Kalbar dirasa tidak nyaman Ia menyebut keputusan itu diambil untuk memberikan peringatan jika pelanggaran selalu ditoleransi itu akan jadi masalah besar Mohon maaf kalau ada yang tak nyaman atau tak berkenan atas Keputusan Satgas COVID 19 Kalbar Ingat ketika suatu pelanggaran selalu ditoleransi maka suatu saat dia akan jadi masalah besar karena pelanggaran dianggap bukan pelanggaran lagi tuturnya,0.9169077757889152,1.0,0.0,0.0,0.5,0.0,0.0,1.0,0.0,0.5,1.0,0.0,0.5,0.5,0.0,0.0,1.0,1.0,0.5,3.5,0.0,3.5,1.0,0.0,1.0,0.004545454545454545,0.9,0.06040268456375839,0.9140663015526503
12906,Tweet Melania Positif Covid 19 Pecah Rekor Terbanyak Dapat Like,Kicauan Presiden Amerika Serikat AS Donald Trump yang berisikan pengumuman dirinya serta istrinya Melania Trump positif virus corona Covid 19 menjadi tweet yang paling banyak dikicau ulang retweet dan paling banyak disukai Sebagaimana dilansir Axios kicauan itu diunggah pada 00 54 dini waktu setempat hari ketika sebagian besar warga AS sedang tidur Namun kicauan itu tetap menjadi perhatian Sampai pukul 05 30 kicauan tersebut sudah di retweet 273 ribu kali dan di retweet dengan komentar sebanyak 344 kali menjadikan tweet Trump yang paling banyak dibagikan Pada jam yang sama kicauan itu mendapat 834 ribu like hingga menjadi tweet Trump yang paling banyak disukai Mengalahkan tweet pada 2019 lalu soal rapper A AP Rocky yang bebas dari penjara Swedia dan kembali ke AS Jumlah suka di retweet dan di retweet dengan komentar pada kicauan Trump terus bertambah Pada Senin pagi 5 10 kicauan itu telah 417 ribu kali di retweet 501 ribu kali di retweet dengan komentar dan disukai 1 8 juta kali Gambas Twitter Trump sendiri diketahui aktif memberikan berbagai informasi Sejak dinyatakan positif Covid 19 pada Jumat 2 10 lalu ia kerap memberikan perkembangan kondisinya melalui twitter Kicauan terbaru yang ia unggah adalah sebuah video berdurasi empat menit lebih Dalam video itu ia mengatakan beberapa hari ke depan akan menjadi ujian nyata baginya untuk melawan virus corona dan kondisinya mulai membaik Anda tidak tahu selama beberapa hari ke depan saya rasa itulah ujian yang sebenarnya jadi kita akan melihat apa yang terjadi selama beberapa hari mendatang lanjut Trump Gambas Twitter,0.916857855920721,1.0,0.0,0.0,0.5,0.0,0.0,0.0,0.0,0.5,0.5,0.0,0.25,1.0,0.0,0.0,1.0,1.0,1.0,4.0,0.0,4.0,1.0,0.0,1.0,0.009009009009009009,0.6,0.039473684210526314,0.6054213319296009
10507,63 768 Kasus Suspek Corona Dipantau pada 19 Desember,Puluhan ribu kasus suspek Corona COVID 19 kembali dipantau Hari ini ada 64 071 kasus suspek Corona yang dipantau 64 071 suspek tulis laporan Satgas Penanganan COVID 19 Sabtu 19 12 2020 Selain kasus suspek Corona terdapat 63 768 spesimen terkait Corona yang diperiksa Dari total spesimen terdapat 7 751 tambahan kasus positif Corona sehingga total kasus Corona di Indonesia menjadi 657 948 Selain itu ada tambahan 4 265 kasus sembuh Corona dan 145 kasus meninggal akibat Corona Total kasus sembuh dan meninggal menjadi 536 260 dan 19 659 Data kasus Corona diperbarui setiap hari pukul 12 00 WIB Kini kasus Corona sudah menyebar di 34 provinsi dan 510 kabupaten kota Adapun pengertian kasus suspek Corona adalah sebagai berikut Seseorang yang memiliki salah satu dari kriteria berikut a Orang dengan Infeksi Saluran Pernapasan Akut ISPA dan pada 14 hari terakhir sebelum timbul gejala memiliki riwayat perjalanan atau tinggal di negara wilayah Indonesia yang melaporkan transmisi lokal b Orang dengan salah satu gejala tanda ISPA DAN pada 14 hari terakhir sebelum timbul gejala memiliki riwayat kontak dengan kasus konfirmasi probable COVID 19 c Orang dengan ISPA berat pneumonia berat yang membutuhkan perawatan di rumah sakit DAN tidak ada penyebab lain berdasarkan gambaran klinis yang meyakinkan,0.915675119475414,0.0,0.0,0.0,0.5,0.0,0.0,1.0,1.0,1.0,0.5,0.0,0.8,0.5,0.5,0.0,0.0,0.0,1.0,1.0,0.0,1.0,0.0,0.0,1.0,0.016574585635359115,0.8888888888888888,0.06779661016949153,0.8945581365073276
2807,Bantuan Kuota Internet Kemendibud Sudah Diberikan ke 35 5 Juta Penerima,Menteri Pendidikan dan Kebudayaan Nadiem Makarim mengumumkan subsidi bantuan kuota internet untuk pembelajaran jarak jauh PJJ sejak sebulan lalu Anggaran untuk program ini mencapai Rp7 2 triliun Ia menyebutnya sebagai jawaban atas kecemasan masyarakat di sektor pendidikan kala pandemi Covid 19 Kami telah melakukan perjuangan internal untuk bisa mendapatkan anggaran tambahan untuk bisa menjawab kecemasan masyarakat yang nomor satu yaitu pulsa pulsa pulsa katanya di hadapan Komisi X DPR RI Kamis 27 8 Meskipun mantan bos Gojek itu menganggap subsidi kuota jadi solusi penting dalam mendorong PJJ daring langkahnya bukan berarti bebas dari kritik dan kendala Ketua Komisi X DPR RI Syaiful Huda mengatakan bantuan kuota Nadiem minim data sehingga bisa jadi salah sasaran dan boros anggaran Menurutnya Kemendikbud harus lebih rinci menetapkan syarat penerima kuota gratis Saat ini penerima hanya diwajibkan terdaftar di Data Pokok Pendidikan atau Pangkalan Data Pendidikan Tinggi PDDikti memiliki nomor HP aktif dan menjalani pembelajaran tahun ajaran ini Karena filosofinya kan memberi yang tidak mampu Tapi Karena keterbatasan data semua disubsidi Bagi yang punya kemampuan lebih baik tidak usah dicantumkan kepada anaknya katanya melalui konferensi video Senin 7 9 Berapa dari 68 juta siswa yang tidak punya smartphone Kalau bisa dari Rp7 2 triliun kita minta diupayakan dipecah untuk pemberian subsidi smartphone lanjutnya lagi Insiden salah sasaran yang paling disorot ketika anggota Ombudsman RI Alvin Lie mendapat 50 gigabyte kuota gratis untuk belajar daring Kemendikbud mengatakan Alvin menerima kuota karena tengah menempuh pendidikan S3 Alvin tak merasa membutuhkan kuota tersebut karena sudah memiliki pendapatan yang cukup Ia menilai pemberian kuota seharusnya diverifikasi dengan baik sehingga menyasar mereka yang membutuhkan Rasa rasanya mahasiswa S3 seperti saya enggak perlu diberikan kuota internet Ini kan untuk membantu yang masih muda Kalau S2 S3 kan umumnya sudah bekerja ujarnya Selasa 22 9 Sedangkan Federasi Serikat Guru Indonesia memprediksi bantuan kuota bakal merugi hingga Rp1 7 triliun Ini karena besaran kuota yang diberikan kepada peserta didik dan pendidik masif sehingga ada kemungkinan kuota tak terpakai semua Besaran kuota bervariasi tergantung jenjang pendidikan Siswa PAUD menerima 20 gigabyte siswa pendidikan dasar dan menengah 35 gigabyte guru 42 gigabyte serta dosen dan mahasiswa 50 gigabyte Karena kuota sisa akan hangus bersamaan masa aktif kuota kami memprediksi ada sekitar 15 dari 30 gigabyte GB tidak akan terpakai kata Wakil Sekretaris Jenderal FSGI Fahriza Marta Tanjung Minggu 27 9 Komisi Perlindungan Anak Indonesia KPAI mengkritik jumlah kuota umum yang minim Subsidi kuota dibagi menjadi dua yakni kuota belajar untuk mengakses aplikasi dan situs yang ditentukan Kemendikbud dan kuota umum untuk mengakses internet tanpa batasan Komisioner KPAI Retno Listyarti mengatakan banyak siswa guru dan orang tua yang mengeluhkan kuota umum hanya dialokasi sebanyak 5 gigabyte dari keseluruhan kuota Selama PJJ hampir setiap hari menggunakan mesin pencari untuk melihat praktik bidang keahliannya seperti jurusan tata boga mencari referensi di aplikasi Youtube Sementara aplikasi Youtube tidak termasuk dalam paket kuota belajar tulisnya Senin 28 9 Jumlah penerima kuota gratis pun tak mencakup seluruh siswa guru mahasiswa dan dosen Bulan ini kuota gratis disalurkan kepada 27 305 495 penerima Padahal menurut Dapodik total jumlah siswa mencapai 52 202 289 orang dan ada 3 146 502 guru PDDikti mencatat total jumlah mahasiswa mencapai 8 399 451 serta 286 050 dosen Artinya bantuan kuota baru dinikmati 42 persen peserta didik dan pendidik Alokasinya juga tak merata di 34 provinsi Sebanyak 16 424 143 dari 26 623 776 peserta didik penerima kuota berada di Pulau Jawa Dalam kata lain 61 persen siswa dan mahasiswa yang menerima kuota hanya berasal dari enam provinsi Untuk pendidik jumlah yang menerima kuota dan berada di Pulau Jawa mencapai 54 persen dari keseluruhan Tepatnya ada 853 806 dari 1 553 090 pendidik yang berada di provinsi di Jawa,0.9154684399662134,0.5,0.0,0.0,0.5,0.0,0.0,1.0,0.0,0.5,0.5,0.0,0.17142857142857143,0.0,0.5,0.0,0.0,0.0,0.8146502,1.3146502,0.1853498,1.1293004,0.0,0.0,1.0,0.003472222222222222,0.8181818181818182,0.02608695652173913,0.951797493733935
2122,Ke RSUD Cengkareng F PAN DPRD DKI Bicara Kerja Ekstra Nakes Saat Tahun Baru,Fraksi PAN DPRD DKI Jakarta meninjau RSUD Tarakan Jakarta Pusat PAN DKI menyoroti jumlah kasus Corona yang meningkat di Ibu Kota sehingga berimbas kepada beban kerja tenaga kesehatan Saat ini angka COVID meningkat drastis Menurut laporan per 31 Desember kemarin persentase kasus sepekan terakhir 12 3 yang positif sudah 183 ribu ini angka yang besar ujar Penasehat Fraksi PAN DPRD DKI Jakarta Zita Anjani dalam keterangannya Jumat 1 1 2021 Dengan 15 ribu pasien yang saat ini sedang dirawat tentu membuat tenaga medis harus bekerja lebih ekstra Bahkan di tengah masyarakat merayakan tahun baru mereka harus berjuang melawan COVID 19 Rela tidak ikut libur tahun baru Apresiasi dari kami lanjutnya Zita mengatakan kunjungan kerja itu sebagai salah satu langkah pengawasan Zita menyebut pihaknya juga memberi semangat kepada petugas medis Oleh karena itu Fraksi PAN DPRD DKI Jakarta mengunjungi RSUD Tarakan hari ini Selain untuk mengoptimalkan fungsi pengawasan kami juga ingin memberi semangat kepada tenaga medis secara langsung kata dia Alhamdulillah yang datang bukan hanya anggota dewan Fraksi PAN ada juga jajaran pengurus DPW PAN Jakarta Salah satunya Luthfi Agizal sosok pemuda inspiratif saat ini kehadirannya bisa menghibur tenaga kesehatan yang sedang letih sambungnya Selain itu Zita juga meminta agar Pemprov DKI untuk memprioritaskan kesejahteraan tenaga medis Dia menyebut pengorbanan yang dilakukan tenaga medis harus dibalas setimpal Saya tidak bisa bayangkan jika tanpa mereka mungkin ratusan ribu nyawa sudah melayang akibat pandemi Makanya kami berharap Pemprov bisa prioritaskan kesejahteraan tenaga medis harus setimpal dengan pengorbanannya kata dia,0.9153807252504084,0.75,0.0,0.0,0.5,0.0,0.0,1.0,0.0,0.5,1.0,0.0,0.5,0.5,0.0,0.0,1.0,1.0,0.5,3.25,0.0,3.25,1.0,0.0,1.0,0.013043478260869565,0.6428571428571429,0.057692307692307696,0.5858322216065396
11311,PPKM 11 Januari Satgas Ungkap Kondisi Ranjang Ruang ICU RS di Bali,Pemberlakuan pembatasan kegiatan masyarakat PPKM untuk sebagian Jawa dan sebagian Bali berlaku 11 Januari hingga 2 pekan ke depan Satuan Tugas Penanganan COVID 19 mengungkapkan data data kondisi ranjang dan ruang ICU RS di DKI Jakarta Posisi bed occupancy rate untuk DKI untuk ruang isolasi sudah masuk di angka 87 persen Total seluruhnya ada 7 700 bed di Jakarta dari 98 rumah sakit di wilayah DKI Untuk ICU itu sudah ada di atas 80 persen Kalau tidak salah masuk dalam posisi 84 persen pada sore kemarin kata Ketua Satgas Penanganan COVID 19 Doni Monardo dalam jumpa pers Update Pemberlakuan Pembatasan Kegiatan Masyarakat PPKM yang disiarkan saluran YouTube BNPB Kamis 7 1 2021 Doni mengatakan kapasitas ruang ICU untuk pasien COVID 19 di DKI Jakarta sudah ditingkatkan Sebelumnya pada Mei 2020 jumlahnya kurang dari 600 Padahal DKI pada periode bulan Mei lalu total ICU DKI jumlahnya kurang dari 600 bed Sekarang sudah ditambah menjadi sekitar 962 bed ditambah terus Bapak Menteri Kesehatan lalu Terawan Agus Putranto dan sekarang Budi Gunadi Sadikin sudah memerintahkan rumah sakit tambah kapasitas ICU kata Doni Sementara itu ada lebih dari 10 ribu ranjang untuk pasien COVID 19 di rumah sakit darurat Wisma Atlet Kemayoran Jakarta Wisma Atlet ini digunakan untuk pasien COVID 19 yang tidak bergejala serta bergejala ringan sedang RS Wisma Atlet memiliki lebih dari 10 ribu bed baik untuk perawatan OTG dan juga bergejala sedang dan ringan Beberapa RS memang sudah 100 persen Tentunya kalau sudah 100 persen tidak bisa lagi ditampung sehingga ada beberapa warga yang meminta bantuan ke saya harus kita alihkan ke tempat lain termasuk ke RS Wisma Atlet ujar Doni DKI Jakarta rencananya akan segera menerbitkan edaran soal PPKM Simak di halaman selanjutnya,0.9153790650203419,1.0,0.0,0.0,0.5,0.0,0.0,1.0,0.0,0.5,1.0,0.0,0.2,0.0,1.0,0.0,0.0,0.0,1.0,2.0,0.0,2.0,0.0,0.0,1.0,0.0196078431372549,0.9166666666666666,0.06962025316455696,0.9025093244087469
14345,Pengamat Komite Baru Jokowi Potensi Perpanjang Birokrasi,Presiden Joko Widodo Jokowi membentuk lembaga ad hoc baru untuk menangani dampak pandemi virus corona Covid 19 bernama Komite Penanganan Covid 19 dan Pemulihan Ekonomi Nasional Komite ini terdiri dari tiga yakni Komite Kebijakan Satuan Tugas Penanganan Covid 19 dan Satuan Tugas Pemulihan dan Transformasi Ekonomi Nasional Jokowi menunjuk Menko Perekonomian Airlangga Hartarto sebagai Ketua Komite Kebijakan di mana Menteri BUMN Erick Thohir sebagai ketua pelaksana Sementara Satgas Penanganan Covid 19 dipimpin oleh Doni Monardo yang sebelumnya memimpin Gugus Tugas Percepatan Penanganan Covid 19 Sementara Satgas Pemulihan Ekonomi diisi oleh Wakil Menteri BUMN Budi Gunadi Sadikin Merujuk pada Pasal 4 Perpres 82 tahun 2020 Erick Thohir sebagai Ketua Pelaksana Komiti Kebijakan kewenangan untuk mengintegrasikan dan mengkoordinasikan Satgas Penanganan Covid 19 dan Satgas Pemulihan dan Transformasi Ekonomi Nasional Dengan pembentukan Komite ini Pemerintah menyatukan penanganan ekonomi dan covid 19 Namun pengamat kebijakan publik dari Universitas Trisakti Trubus Rahadiansyah mengkritik pembentukan tim baru tersebut Ia menilai komposisi tim dalam komite ini lebih kental nuansa penanganan ekonomi ketimbang penanganan kesehatan dampak Covid 19 Trubus menilai pembentukan tim tersebut berpotensi meminggirkan sektor kesehatan dalam penanganan pandemi virus corona di Indonesia Saya lihat sangat kental nuansa penanganan ekonomi ketimbang kesehatannya Kan corona belum sampai puncaknya Artinya public health potensial dimarginalkan kata Trubus kepada CNNIndonesia com Selasa 21 7 Trubus mengatakan potensi meminggirkan sektor kesehatan itu terlihat ketika Satgas Penanganan Covid 19 tak berdiri sendiri untuk menangani pandemi virus corona Satgas itu justru dilebur dalam satu kesatuan dalam komite baru tersebut Tetapi agar tak terlihat di mata publik seolah olah seperti termarginalisasi itu jadi itu satgas yang membidangi public health nya disatukan dalam komite itu ujarnya Trubus mengatakan pembentukan tim baru ini semakin membuktikan bahwa lembaga sebelumnya tak berjalan secara efektif menangani pandemi virus corona Menurutnya Jokowi seharusnya bisa memanfaatkan Kementerian Kesehatan hingga Kementerian Koordinator Bidang Perekonomian untuk menjalankan tugas menangani Covid 19 tanpa perlu membentuk lembaga baru Trubus pun meragukan tim baru tersebut bisa berjalan dengan baik dalam mengatasi dampak pandemi virus corona di bidang kesehatan maupun perekonomian Indonesia secara simultan Sebelumnya kan kita banyak membentuk tim terkait misalnya tim gugus tugas itu Tim itu juga kelihatannya enggak efektif juga karena jumlah positif corona naik terus enggak tertangani kata Trubus Lebih lanjut Trubus mengatakan tim baru ini dibentuk semata mata karena pemerintah khawatir ancaman resesi ekonomi akibat pandemi Bank Indonesia memperkirakan pertumbuhan ekonomi berada di kisaran minus 4 persen sampai minus 4 8 persen pada kuartal II 2020 Khawatir pemerintah terjadi krisis ekonomi Apalagi negara kita bersebelahan sama Singapura yang sedang resesi Makanya dibentuk tim baru ini sebagai preventif itu ujarnya Prioritas Tangani Covid 19Sementara itu Ahli Epidemiologi Universitas Griffith Australia Dicky Budiman mengaku tak mempersoalkan tim baru yang dibentuk Jokowi tersebut Namun ia meminta penanganan Covid 19 menjadi yang utama dan prioritas dalam tim tersebut Yang penting konsen dengan programnya strateginya Selama strateginya mengutamakan eliminasi Covid 19 apapun namanya tetap sangat bagus kata Dicky Meskipun demikian Dicky memandang berbahaya bila tim baru bentukan Jokowi itu hanya memprioritaskan penanganan ekonomi Ia menilai tim itu akan sia sia jika strategi penanganan pandemi virus corona dipinggirkan dan tak diutamakan pemerintah Jadi agak rawan dan berbahaya kalau hanya ekonomi dan eliminasi Covid terpinggirkan Ini bukan harapan kita ujarnya Dicky mengatakan bahwa virus corona merupakan musuh bersama secara global Karena itu ia menyarankan agar pemerintah tak terlalu sibuk mengurusi persoalan ekonomi terlebih dahulu di tengah pandemi yang belum usai Menurut Dicky Indonesia belum mengalami puncak penyebaran virus corona Karena itu pelbagai penanganan Covid 19 seperti tes massal isolasi pasien hingga pemberian sanksi bagi masyarakat yang melanggar protokol kesehatan wajib menjadi prioritas pemerintah Ibarat serangan musuh Kita jangan sibuk dagang dulu Hadapi dulu musuhnya di bawah pimpinan presiden harus kita lawan ini Karena strategi ini sangat efektif melawan pandemi kata Dicky Hingga kemarin Selasa 21 7 jumlah kumulatif kasus positif virus corona mencapai 89 869 orang Dari jumlah tersebut 48 466 orang dinyatakan telah sembuh dan 4 320 orang lainnya meninggal dunia Tambahan kasus positif 1 20 Juli mencapai 31 829 orang Rata rata kasus baru bertambah hampir 1 600 dalam waktu 24 jam Jumlah ini sudah melampaui angka tambahan kasus sepanjang Juni yakni sebanyak 29 912 orang Sebelumya Sekretaris Kabinet Pramono Anung menjelaskan alasan Presiden Joko Widodo membubarkan Gugus Tugas Percepatan Penanganan Covid 19 dan menggantinya dengan Satuan Tugas Covid 19 Menurut Pramono peleburan ini didasari persoalan kesehatan dan ekonomi dalam penanganan Covid 19 yang tak bisa dipisahkan Kenapa kemudian presiden mengeluarkan kebijakan ini Karena memang disadari antara persoalan Covid 19 yakni persoalan kesehatan dan ekonomi tidak bisa dipisahkan ujar Pramono usai rapat tertutup bersama Jokowi dan sejumlah menteri di Istana Merdeka Jakarta Selasa 21 7 Ia menyampaikan pesan Jokowi yang selalu mengingatkan agar mengatur rem dan gas dalam pengendalian Covid 19 Dalam hal ini adalah menyeimbangkan persoalan kesehatan dan ekonomi Pramono mengklaim penanganan di bidang kesehatan saat ini membaik seiring dengan peningkatan jumlah pasien sembuh Untuk itu persoalan di bidang ekonomi juga harus segera diselesaikan Dari waktu ke waktu sekarang tingkat kesembuhan semakin baik menggembirakan maka persoalan ekonomi juga harus ditangani secara baik ucap Pramono,0.9137670942913511,0.5,0.0,0.0,0.5,0.0,0.0,1.0,0.0,0.5,0.5,0.0,0.5,0.5,0.0,0.0,1.0,1.0,0.5,3.0,0.0,3.0,1.0,0.0,1.0,0.0014084507042253522,0.7142857142857143,0.013020833333333334,0.5970523588742284
9332,Pria Lebih Patuh Protokol Kesehatan Daripada Perempuan,Selama obat dan vaksin Covid 19 belum ditemukan protokol kesehatan 3M yaitu Memakai masker Menjaga jarak dan Menghindari kerumunan menjadi salah satu cara yang paling efektif mencegah penularan Sayangnya tingkat kepatuhan masyarakat masih sangat rendah untuk melaksanakan protokol kesehatan tersebut Survei yang dilakukan oleh Satgas Covid 19 Bidang Sosialisasi Perubahan Perilaku dan BKKBN mengungkapkan bahwa ternyata perempuan jauh lebih patuh dibandingkan laki laki dalam urusan menaati protokol kesehatan Berdasarkan jenis kelamin kaum perempuan jauh lebih patuh ketimbang laki laki dalam menerapkan protokol kesehatan ungkap Ketua Sub Bidang Sosialisasi Perubahan Perilaku Satuan Tugas SATGAS Penanganan COVID 19 Dwi Listyawardani Nanti kami akan menggencarkan lagi agar laki laki anak anak bapak bapak untuk lebih patuh lagi meski ini tidak mudah Mengapa angka kepatuhan bervariasi dari kelompok ke kelompok ada beberapa sebab hal itu masih terjadi terutama dalam persepsi responden dalam efektivitas kesehatan Lebih lanjut diungkapkannya dalam urusan memakai masker 94 8 persen perempuan patuh memakai masker Sedangkan pria 88 5 persen Untuk penggunaan hand sanitizer perempuan sekitar 83 6 persen dan pria 70 5 persen Sekitar 80 1 persen perempuan lebih taat mencuci tangan selama 20 detik dengan sabun sedangkan pria hanya 69 5 persen Sekitar 87 2 persen perempuan sudah tak lagi berjabat tangan sedangkan pria baru 75 3 persen Dalam urusan kerumunan perempuan juga kini mulai menghindari kerumunan 81 2 dan pria 71 1 persen Perempuan juga lebih memilih untuk menjaga jarak minimal 1 meter 77 5 persen dan pria 68 7 persen Lalu apa alasan mereka tidak menerapkan protokol kesehatan Dalam survei tersebut lebih dari setengah responden berpendapat bahwa tak ada sanksi menjadi alasan masyarakat untuk tak menerapkan protokol kesehatan 55 persen Di posisi bawahnya alasan ogah terapkan protokol kesehatan adalah karena tak ada penderita Covid 19 di lingkungan sekitar mereka 39 persen dan karena bekerja jadi sulit jika harus menerapkan protokol kesehatan 33 persen Berbagai penelitian menunjukkan dalam 3 minggu angka penularan bisa ditekan secara drastis kalau kita mampu mendorong kepatuhan masyarakat 3 M ungkap Sony Harmadi Ketua Satuan Tugas Penanganan Covid 19 Bidang Perubahan Perilaku Kalau kita cuci tangan dan pakai masker bedah risiko kita turun 30 persen kalau kita tambah jaga jarak turun risikonya sampai 15 persen Menjaga protokol saja masih ada risiko Ternyata dari tiga hal 3M yang paling sulit adalah menjaga jarak karena berasumsi dia teman dekat oh dia aman kok Padahal justru yang menularkan virus bukan orang jauh tapi orang terdekat,0.9132953572965788,0.5,0.0,0.0,0.5,0.0,0.0,1.0,0.0,0.5,0.5,0.0,0.5,0.5,0.0,0.0,1.0,1.0,0.5,3.0,0.0,3.0,1.0,0.0,1.0,0.005780346820809248,0.8571428571428571,0.028169014084507043,0.808285843776425
838,Tambahan Kasus Tertinggi Sepekan Berada di DKI Jabar Jateng,Satuan Tugas Penanganan Covid 19 memaparkan data yang menunjukkan Jawa Tengah Jawa Barat dan DKI Jakarta menjadi tiga provinsi dengan penambahan kasus positif virus corona Covid 19 mingguan terbanyak dalam sepekan ini atau periode 1 8 November 2020 Bila diurutkan posisi pertama ditempati Jawa Tengah kedua Jawa Barat dan ketiga DKI Jakarta Ketiga provinsi ini juga menunjukkan tren lonjakan kasus tertinggi usai pekan sebelumnya menjadi provinsi dengan penambahan kasus yang sedikit DKI Jabar Jateng mengalami peningkatan peringkat menjadi tiga besar penambahan kasus mingguan tertinggi pada pekan ini kata Juru Bicara Satuan Tugas Penanganan Covid 19 Wiku Adisasmito dalam konferensi pers yang disiarkan melalui kanal BNPB Indonesia Kamis 12 11 Padahal Wiku menyebut DKI Jakarta sempat berada di peringkat terakhir atau nomor 34 terkait penambahan kasus positif Covid 19 dalam dua pekan sebelumnya Sementara Jawa Barat berhasil menurunkan peringkat ke 33 pada pekan lalu Jawa Tengah yang didapuk peringkat pertama penambahan kasus pada pekan sebelumnya berada di urutan ke 30 dari 34 provinsi di Indonesia Lebih lanjut dalam cakupan Jawa Bali NTT NTB Wiku masih mengapresiasi dua provinsi dengan kondisi baik dan stabil terkait penambahan kasus positif pada pekan ini mereka berdua yakni Banten dan Bali Banten yang sempat menduduki peringkat dua penambahan kasus positif tertinggi pada pekan ini berhasil berada di peringkat 31 Sedangkan Bali stabil di peringkat 20 terbawah untuk penambahan kasus positif jelas Wiku Sedangkan untuk kasus sembuh mingguan DKI Jakarta kembali masuk kategori tingkat kesembuhan yang menurun bersama dengan Jawa Barat dan Banten Wiku mengatakan DKI Jakarta yang awalnya sempat menduduki peringkat kedua kasus kesembuhan tertinggi pada pekan lalu kini menjadi provinsi dengan penambahan kesembuhan yang paling sedikit yaitu peringkat ke 34 Sementara perkembangan kasus sembuh di Jawa Barat yang awalnya sempat berada di peringkat keempat pada pekan lalu namun turun menjadi peringkat ke 27 pada pekan ini Banten pada pekan ini berada di posisi ke 31 kasus kesembuhan tersedikit padahal pekan lalu sempat berada di peringkat 5 besar peningkatan kasus kesembuhan tertinggi DKI Jakarta Jawa Barat dan Banten mengalami penurunan kasus kesembuhan kata WikuTerakhir untuk perkembangan kasus kematian akibat Covid 19 Jawa Tengah Jawa Timur dan Bali menjadi tiga provinsi yang mencetak lonjakan angka kematian pada pekan ini atau meningkat dari pekan sebelumnya Sedangkan Jawa Barat menjadi satu satunya kota yang berhasil membuat pelandaian jumlah kasus kematian benar benar merosot Saya mengapresiasi Jawa Barat yang mencatat penurunan kasus meninggal yang cukup signifikan Jawa Barat meskipun terdapat perkembangan yang kurang baik pada kasus positif dan kasus sembuh pada kasus meninggal mengalami penurunan signifikan kata Wiku,0.9118084835298839,1.0,0.0,0.0,0.5,0.0,0.5,0.5,0.0,0.5,1.0,0.0,0.5,0.5,0.0,0.0,1.0,1.0,0.5,3.5,0.0,3.5,1.0,0.0,0.0,0.012658227848101266,0.8888888888888888,0.05063291139240506,0.8691871755931759
10304,Ahli Colek Pemerintah 3T Kunci Basmi Covid 19 Vaksin,Para ahli Epidemiologi Indonesia meminta agar pemerintah tak hanya fokus ke pengembangan vaksin tapi juga ke strategi dasar 3T testing tracing dan treatment dalam pengendalian pandemi virus corona Covid 19 Ahli meminta agar pemerintah meningkatkan kapasitas 3T yang menjadi strategi utama pengendalian pandemi Ahli Epidemiolog Universitas Indonesia Pandu Riono menjelaskan seharusnya pemerintah juga terus mendorong 3T daripada hanya fokus ke ketersediaan obat dan vaksin yang belum tentu manjur Kesehatan publik dari Covid 19 dapat dicapai dengan langkah pengawasan atau surveilans dengan menggunakan testing tracing treatment 3T dan isolasi Menurutnya masalah surveilans masih menjadi sebuah momok di Indonesia Enggak usah urusin vaksin atau obat obat vaksin lupakan Kesehatan publik saja lewat surveilans kata Pandu Indonesia telah melakukan sejumlah kerja sama dengan negara lain untuk pengadaan vaksin Covid 19 mulai dari Sinovac China Sinopharm China dan CanSino hingga vaksin buatan lokal LBM Eijkman yang diberi nama vaksin Merah Putih Dalam hal ini Pandu menegaskan bahwa vaksin bukanlah solusi jitu menyelesaikan pandemi Poin untuk menekan laju penyebaran virus corona adalah dengan 3T dan mematuhi protokol kesehatan Masker memberikan efek perlindungan jauh lebih besar dibandingkan vaksin yang nanti ada percaya deh kata Pandu Senada dengan Pandu Epidemiolog dari Universitas Griffith Dicky Budiman menyatakan vaksin dan obat tidak bisa menjadi senjata utama untuk mengatasi pandemi Covid 19 Bila melihat sejarah Dicky mengatakan tidak ada pandemi yang selesai karena kehadiran vaksin atau obat Harus dipahami dalam strategi pengendalian pandemi belum ada pandemi yang selesai dengan vaksin atau obat ujar Dicky Dicky mengingatkan vaksin merupakan strategi tambahan dari strategi utama yang berupa surveilans Strategi surveilans ini dilakukan dengan menerapkan testing tracing treatment 3T dan isolasi secara masif Data surveilans bagi Dicky dijadikan strategi utama dalam pengendalian Covid 19 Vaksin merupakan pelengkap dan tambahan dari strategi utama tersebut Ia mengatakan program vaksinasi akan berhasil apabila didasari oleh data surveilans Jadi kalau kapasitas testing satu negara itu lemah atau tidak optimal maka dipastikan strategi vaksinnya juga akan lemah tak akan secepat dan sesukses negara dengan 3T nya kuat Butuh waktu lebih lama kata Dicky Di sisi lain Dicky mengingatkan belum ada satu pun vaksin Covid 19 di tahap uji klinis fase III yang disetujui oleh WHO Selain itu Dicky juga mengingatkan tidak ada jaminan bahwa vaksin di fase III akan sukses Kalau melihat kuartal pertama tahun depan itu tidak realistis untuk Indonesia Sebab tidak ada jaminan bahwa fase III ini sukses Peluang selalu 50 persen ingat banyak vaksin yang memakan waktu tahunan hingga puluhan tahun seperti HIV itu gagal di fase III Sekali lagi ini adalah virus baru dan tantangan lebih besar dibandingkan HIV tutur Dicky Dicky juga mengingatkan pemerintah harus menguatkan sistem kesehatan untuk mengendalikan pandemi Ia mengatakan pandemi tidak bisa diselesaikan dengan cara diserahkan ke setiap daerah Harus terus sinergi dan kolaborasi Misalnya pulau Jawa ditangani secara bersamaan dan difasilitasi oleh pemerintah pusat ujar Dicky Terpisah Ahli biologi molekuler Ahmad Rusdan Handoyo meyakini Indonesia bisa bebas dari pandemi Covid 19 tanpa harus menunggu keberadaan vaksin maupun obat Ia mengatakan ini karena keberadaan vaksin dan obat yang masih memakan waktu lama Kunci pemutusan mata rantai pandemi Covid 19 berada di kombinasi 3T serta 3M memakan masker menjaga jarak dan mencuci tangan Kunci ini juga harus didukung dengan kebijakan lockdown atau Pembatasan Sektor Berskala Besar PSBB yang harus dituruti oleh masyarakat menghentikan mobilitas yang menjadi faktor penyebaran Covid 19 Kombinasi 3T 3M dan dalam tanda kutip lockdown Karena uji klinis vaksin belum tentu berhasil jadi perlu langkah antisipatif ujar Ahmad Ahmad mengatakan pandemi SARS dan MERS yang diakibatkan dengan virus corona yang mirip dengan virus SARS CoV 2 dapat dituntaskan tanpa adanya vaksin dan obat Kedua pandemi itu berakhir sebelum uji klinis selesai Namun patut diingat bahwa penyakit SARS dan MERS ini cukup mudah untuk diidentifikasi karena menimbulkan gejala bagi orang yang terinfeksi Sehingga pihak berwenang bisa dengan mudah melakukan isolasi para penderita ini Di sisi lain banyak pasien Covid 19 yang sama sekali tak menimbulkan gejala Oleh karena itu kapasitas 3T harus ditingkatkan Intinya pengendalian wabah SARS dan MERS mudah karena cukup fokus pada yang bergejala kata Ahmad Sebelumnya Direktur Pengembangan Strategi Penanggulangan Bencana BNPB Agus Wibowo mengakui belum semua daerah melakukan tes pemeriksaan virus corona Covid 19 sesuai yang disarankan Badan Kesehatan Dunia WHO Belum semua wilayah di Indonesia memenuhi saran dari WHO yang satu tes per seribu penduduk per minggu kata AgusAgus mengatakan baru delapan provinsi yang memenuhi saran WHO Delapan daerah itu yakni Sumatera Barat DKI Jakarta DI Yogyakarta Bali Kalimantan Selatan Kalimantan Timur Gorontalo dan Papua,0.9116337398678855,0.5,0.0,0.0,0.5,0.0,0.0,1.0,0.0,0.5,0.5,0.0,0.2222222222222222,1.0,0.0,0.0,1.0,1.0,1.0,3.5,0.0,3.5,1.0,0.0,1.0,0.0030627871362940277,0.7777777777777778,0.020588235294117647,0.686884282487623
11253,Ada 3 Komponen Anies Sebut Berisiko Jika PSBB Dilonggarkan,Pembatasan Sosial Berskala Besar PSBB transisi di Jakarta kembali diperpanjang oleh Gubernur Anies Baswedan PSBB berskema pelonggaran ini diperpanjang di tengah tingginya kasus virus corona PSBB transisi sendiri diterapkan DKI Jakarta ketika pemerintah pusat mulai menyerukan tatanan hidup baru atau new normal di tengah pandemi Covid 19 Masyarakat didorong untuk beraktivitas kembali namun dengan kewaspadaan Pada PSBB transisi pembatasan kegiatan di sektor ekonomi maupun sosial budaya dilonggarkan secara bertahap Aktivitas kembali dibuka namun dengan menerapkan protokol kesehatan Harapannya wabah di DKI mengalami penurunan Namun faktanya grafik kasus baru di Jakarta masih naik turun Hingga Minggu 19 7 kasus positif di DKI Jakarta mencapai 16 538 kasus Penambahan kasus di ibu kota setiap harinya masih dalam rentang ratusan orang Angka tambahan positif corona bahkan pernah mencapai 404 orang dan memecahkan rekor harian Meski begitu Anies mengatakan mayoritas kasus baru adalah kasus tanpa gejala 66 persen dari kasus positif baru di Jakarta dalam seminggu terakhir adalah mereka yang tidak memiliki gejala sakit keluhan dan mereka yang ditemukan positif kata Anies dalam saluran resmi Pemprov DKI di Youtube Kamis 16 7 Dalam kesempatan itu Anies kembali mengingatkan warga Jakarta untuk tetap disiplin dan mematuhi protokol kesehatan pencegahan Covid 19 Ia pun meminta masyarakat untuk tidak keluar rumah bila tidak memiliki kepentingan Pada prinsipnya bila tidak perlu keluar rumah jangan pergi Tetap berada di rumah Seluruh kegiatan beroperasi 50 persen dari kapasitas tetap memakai masker bila keluar ujarnya Walaupun demikian ahli epidemiologi dari Universitas Indonesia Syahrizal Syarif menilai selama ini penerapan PSBB di Jakarta tidak ada hasil yang memuaskan meskipun kebijakan itu telah diperpanjang berkali kali Belum kita berhasil PSBB sudah PSBB transisi Bahkan pemerintah punya skema pelonggaran Jadi bagaimana mau serius kata Syahrizal kepada CNNIndonesia com melalui sambungan telepon Jumat 17 7 Menurutnya penanganan corona di Jakarta sejak awal tidak dilakukan dengan serius Ia pun tak heran tingkat risiko corona di Jakarta masih tinggi Dia mengatakan risiko penyebaran kasus corona di Jakarta termasuk paling tinggi di Indonesia jika dilihat pada tingkat provinsi Risiko terpapar corona di DKI itu tertinggi di Indonesia Tiga kali lebih besar di Jawa Timur Delapan kali lebih besar dari Jawa Tengah Dan 14 kali lebih besar dari Jawa Barat ujarnya Perhitungan ini diambil dari jumlah kasus dibagi jumlah penduduk per provinsi Jika dihitung secara kasar risiko DKI Jakarta ada di angka 0 14 persen Sedangkan Jawa Timur 0 04 persen Jawa Tengah 0 015 persen dan Jawa Barat 0 0107 persen Syahrizal mengatakan hitungan tersebut menunjukkan bahwa DKI Jakarta sebagai wilayah paling berisiko dan perlu ditangani dengan serius setelah Surabaya Raya Terlebih mengingat Jakarta menjadi lokasi penyebaran kasus pertama di Indonesia namun hingga kini risikonya belum juga membaik Hal ini bisa dibandingkan dengan penanganan corona di Wuhan China Setelah menjadi lokasi penyebaran kasus pertama di China dan dunia Wuhan langsung menerapkan penguncian wilayah atau lockdown Syahrizal menilai penerapan lockdown di Wuhan jauh lebih serius ketimbang di Jakarta Di Wuhan selama lockdown masyarakat benar benar berada di rumah Petugas kesehatan juga rajin mendatangi rumah warga untuk pemeriksaan kesehatan Di Wuhan dalam satu bulan 5 juta penduduk dari 11 juta penduduk sudah didatangi door to door cek kesehatan diperiksa dites uang juga diberikan Jadi sangat serius Di kita kan nggak gitu lanjutnya Ia menilai sejak awal pemerintah tidak mampu menerapkan PSBB dengan ketat dan disiplin Belum lagi berkaca pada polemik bantuan sosial yang akhirnya memaksa masyarakat keluar rumah untuk bertahan hidup Di sisi lain ketika dampak ekonomi mengharuskan pembatasan sosial dilonggarkan kata Syahrizal pemerintah sudah kehilangan kesempatan menuntaskan wabah secepat mungkin Situasi sudah seperti sekarang ini kalau kembali menerapkan PSBB dengan ketat lagi enggak mungkin Paling ya PSBB transisi aja terus diperpanjang Enggak mungkin kembali ke PSBB awal tuturnya Syahrizal berpendapat kunci penanganan wabah ada pada keketatan dan kecepatan Sedangkan DKI sudah ketinggalan kesempatan Padahal keberhasilan pembatasan wilayah sudah terbukti di berbagai negara Ia mengatakan dari 213 negara dengan wabah corona setidaknya 85 persen sudah mendapati penurunan kasus Hanya ada kurang lebih 50 negara yang kasusnya masih fluktuatif termasuk Indonesia Pengamat kebijakan publik Trubus Rahadiansyah menilai salah satu faktor kasus corona tak kunjung mereda di Jakarta karena pemerintah tidak mampu menjalankan kebijakan yang mendorong masyarakat disiplin Ia pun menyindir narasi Anies yang cenderung mendorong masyarakat disiplin dalam mencegah penyebaran corona ketimbang mendesaknya dengan kebijakan yang tegas Saya melihat justru Pak Gubernur lebih menyalahkan perilaku masyarakat Padahal perilaku masyarakat ini kan tergantung kebijakan yang dibuat Kalau kebijakan jelas terarah ya masyarakat akan mengikuti ujarnya Nyatanya Trubus berpendapat sejumlah kebijakan Pemprov DKI Jakarta belum efektif mendorong kedisiplinan masyarakat Mulai dari jaring pengaman yang tak jelas sanksi yang belum diterapkan dengan tegas dan perkara ego sektoral Menurutnya Anies dan jajarannya belum berhasil memetakan kebutuhan dan situasi masyarakat dalam penanganan corona Ia menilai kebijakan yang diambil Anies belum menyasar ke sasaran yang tepat Ada yang perlu dirumuskan dalam kebijakan Anies yakni bagaimana Pemprov bisa menggerakkan masyarakat Yang tadinya kebijakannya top down seharusnya jadi bottom up jelasnya Dalam hal ini ia menyarankan DKI melibatkan jajaran terbawah mulai dari tokoh masyarakat RT hingga wali kota dalam memetakan kebijakan yang tegas namun sesuai kondisi di lapangan Dengan begitu kata Trubus langkah karantina wilayah hingga di tingkat RT dapat dilakukan dengan efektif dan berdampak signifikan terhadap penurunan wabah di DKI Sejak awal kasus corona didapati di DKI Jakarta hingga kini akumulasi jumlah kasus mencapai 16 351 orang Jika menghitung penambahan kasus berdasarkan waktu penerapan PSBB masa PSBB transisi menyumbang jumlah kasus paling banyak Terhitung sejak 5 Juni sampai 19 Juli 2020 ditemukan 8 751 kasus baru Jangka waktu ini merupakan periode penerapan PSBB transisi yang masih berlanjut hingga sekarang Berdasarkan grafik data corona pada situs corona jakarta go id penambahan kasus corona per harinya selama PSBB transisi naik turun Namun secara perlahan mengalami kenaikan hingga 16 Juli 2020 Dari kurun waktu 5 Juni sampai 16 Juli angka kasus baru paling sedikit didapati pada 12 Juni sebanyak 76 kasus Dan paling banyak ditemukan pada 12 Juli dengan 404 kasus Kemudian pada periode penerapan PSBB kasus corona baru yang ditemukan mencapai 5 968 kasus Ini dihitung dari awal penerapan PSBB 10 April sampai 4 Juni 2020 Pada periode tersebut angka penambahan kasus per harinya juga naik turun namun pergerakan grafik secara keseluruhan tidak naik Angka kasus baru paling tinggi ditemukan pada 16 April 2020 dengan 223 kasus Sedangkan yang paling rendah ditemukan pada 4 Mei dan 11 Mei dengan 55 kasus Sebelum PSBB diterapkan di DKI Jakarta angka kasus yang didapati mulai 3 Maret sampai 9 April mencapai 1 632 ribu Pada periode ini grafik penambahan kasus mengalami kenaikan per harinya,0.9103417216558923,1.0,0.0,0.0,0.5,0.0,0.0,1.0,0.0,0.5,0.5,0.0,0.125,0.0,0.0,0.0,1.0,1.0,1.0,4.0,0.0,4.0,1.0,0.0,1.0,0.0,0.7777777777777778,0.01583710407239819,0.7001619776374807
6940,Polisi Temukan Obat Ilegal Terkait Covid Dijual Online,Badan Pengawas Obat dan Makanan BPOM RI menemukan obat dan jamu tanpa izin edar dan mengandung bahan kimia berbahaya dijual secara daring Beberapa di antaranya adalah obat yang biasa digunakan untuk pasien positif terinfeksi virus corona Covid 19 seperti Hydroxychloroquine Asimptomisin dan Dexamethasone Khususnya terkait Covid 19 banyak sekali hydroxychloroquine asimptomisin dexamethasone yang dijual ilegal Dari Maret September ditemukan hampir 50 ribu tautan link penjualan obat kata Kepala BPOM Penny Lukito dalam konferensi pers Temuan Produk Ilegal secara daring Jumat 25 9 Penny menjelaskan selama kurun waktu Maret September 2020 itu telah dilakukan operasi penindakan di 29 provinsi dengan nilai temuan barang bukti sebesar Rp46 7 miliar Khusus untuk Operasi Pemberantasan Penyalahgunaan Obat Obat Tertentu Penny mengatakan telah dilakukan penindakan di 13 kota besar di Indonesia yakni Jakarta Medan Padang Serang Semarang Yogyakarta Surabaya Denpasar Mataram Manado Mamuju Makassar dan Palu Dari penindakan 13 kota besar itu ditemukan 1 632 349 butir Obat Obat tertentu senilai Rp4 04 Miliar Selain itu BPOM mencatat ada kenaikan kasus penjualan obat tanpa izin edar sepanjang 2020 Penny mengatakan ada peningkatan 100 persen penjualan obat dan makanan tanpa izin selama masa pandemi Berdasarkan data yang kami kumpulkan sepanjang tahun 2020 ini selama pandemi ada peningkatan 100 persen penjualan obat dan makanan tanpa izin edar dibanding tahun lalu ujar Penny Ia pun mengimbau agar masyarakat hanya membeli obat dan makanan yang mencantumkan izin edar BPOM sehingga mutu dan kualitas makanan bisa dipertanggungjawabkan Penny juga mengatakan selama masa pandemi pembelian menggunakan sistem daring cenderung meningkat sehingga rawan disalahgunakan oknum yang tidak bertanggung jawab Sebagaimana kita tahu di masa pandemi penjualan dan pembelian melalui online meningkat bapak ibu sekalian perlu diingat bahwa hanya membeli obat dan makanan yang sudah memiliki izin edar BPOM ujarnya BPOM melakukan Operasi Penindakan Obat Tradisional Tanpa Izin Edar dan atau Mengandung Bahan Kimia Obat serta Pangan Olahan Tanpa Izin Edar di Rawalumbu Bekasi pada Rabu 23 9 lalu Dari hasil operasi penindakan tersebut BPOM menemukan sebanyak 60 item obat atau 78 412 pcs obat tapa izin edar dan mengandung bahan kimia obat ditaksir temuan obat tersebut senilai Rp3 2 Miliar Pada 23 September kemarin kami melakukan operasi penindakan di Rawalumbu Bekasi ditemukan 64 item obat tanpa izin dan juga pangan tanpa izin edar yang mengandung bahan kimia obat berbahaya totalnya senilai Rp 3 2 miliar kata Penny Saat ini pihak BPOM dan pihak kepolisian mendalami kasus penjualan obat dan makanan siap kirim tersebut Diketahui tersangka berinisial W menjual obat dan makanan tanpa izin mengandung bahan kimia berbahaya secara daring,0.9089854111808837,0.5,0.0,0.0,0.5,0.0,0.0,1.0,0.0,0.0,0.5,0.0,0.5,0.5,0.0,0.0,1.0,1.0,0.5,3.0,0.0,3.0,1.0,0.0,1.0,0.0029498525073746312,0.75,0.028169014084507043,0.7080530547539329
4445,Saksi Rizieq Klaim Ada Kasus Corona Usai Pernikahan dan Maulid di Petamburan kumparan com,Kuasa hukum Habib Rizieq kembali menghadirkan saksi dalam sidang praperadilan di PN Jakarta Selatan Kamis 7 1 Saksi yang kali ini dihadirkan ialah warga asli Petamburan Abdul Qadir Salah satu yang dipertanyakan kepada Abdul ialah soal kasus corona di wilayahnya Ia yang mengaku tidak ada kasus corona di wilayahnya karena acara pernikahan dan Maulid Nabi yang digelar Habib Rizieq Ada tidak sepengetahuan saudara saksi warga RT setempat setelah acara Maulid terkena COVID tanya kuasa hukum Rizieq Kamil Pasha Tidak jawab Abdul Abdul meyakini jawabannya karena sebagai mantan Ketua RT ia pasti mendapatkan informasi dari warga jika ada yang terkena corona Namun hingga hari persidangan tidak ada satu pun yang melaporkan hal itu Sepengetahuannya juga tidak ada warga yang dievakuasi petugas kesehatan karena terinfeksi COVID 19 Ada petugas Puskesmas datang jemput paksa tanya Kamil Enggak ada kata Abdul Yakin tanya Kamil Iya jawab Abdul Tidak hanya pihak Rizieq kuasa hukum kepolisian juga mengorek keterangan saksi terkait kasus corona di wilayah petamburan Saksi tetap teguh dengan jawabannya Di wilayah saksi enggak ada yang kena COVID wilayah mana yang saksi ketahui sampai saat ini enggak ada COVID tanya kuasa hukum kepolisian Petamburan Raya RT 01 RW 01 jawab Abdul Sampai saat ini tidak ada COVID kuasa hukum kepolisian kembali bertanya Alhamdulillah tidak ada kata Abdul Habib Rizieq Syihab mengajukan praperadilan karena merasa penetapannya sebagai tersangka Pasal 160 KUHP dan Pasal 216 KUHP tidak sesuai hukum Sehingga ia meminta hakim memerintahkan kepolisian untuk mencabut status tersebut dan membebaskannya dari penjara,0.9080369334278349,1.0,0.0,0.0,0.5,0.0,0.0,1.0,0.0,0.0,0.5,0.0,0.5,0.5,0.0,0.0,1.0,-1.0,0.5,2.5,1.0,1.5,1.0,0.0,1.0,0.017937219730941704,0.7142857142857143,0.07692307692307693,0.6042651051339437
5904,Dilarang ke Pontianak Bagaimana Penumpang Batik Air yang Sudah Beli Tiket,Kabar mengenai adanya penumpang positif Corona di pesawat Batik Air tengah menjadi perbincangan setelah Gubernur Kalimantan Barat Sutarmidji melarang maskapai tersebut masuk ke Pontianak Anggota Komisi VI DPR Andre Rosiade meminta ini dijadikan momentum untuk memeriksa penerapan physical distancing di dalam pesawat terutama di maskapai swasta Saya minta Angkasa Pura memastikan protokol kesehatan itu benar benar diberlakukan di dalam pesawat jangan sampai kursi tiga diisi tiga penumpang Seharusnya di tengahnya kosong Kalau di maskapai milik negara seperti di Garuda dan citilink itu saya saksikan sendiri sudah berjalan kata Andre dalam keterangan tertulis Minggu 27 12 2020 Hal sebaliknya diterima Andre berkaitan dengan penerapan jaga jarak di maskapai swasta Dia mendapatkan informasi dari masyarakat protokol kesehatan belum sepenuhnya dilakukan Jangan sampai saya mendengar dari masyarakat bahwa di maskapai yang swasta tidak ada physical distancing Kursi tiga diisi tiga Ini nggak boleh Ini momentum untuk pemerintah dalam hal ini untuk AP 1 dan AP 2 untuk memantau prokes dalam pesawat Jangan sampai maskapai menjual tiket seluruh kursi tuturnya Kita harus tegas dalam menghadapi melonjaknya wabah COVID 19 ini Saya dukung langkah pemerintah untuk mengantisipasi agar wabah Corona bisa hilang Salah satunya dengan menerapkan protokol kesehatan di dalam pesawat sambungnya Berkaitan dengan isu adanya penumpang positif Corona di pesawat Corporate Communications Strategic of Batik Air Danang Mandala Prihantoro mengatakan penerbangan yang dimaksud adalah Batik Air pada 22 Desember 2020 dengan penerbangan ID 6220 rute Jakarta ke Pontianak Danang menyebut pihaknya telah melakukan protokol kesehatan sesuai aturan Batik Air menjalankan operasional sesuai aspek keselamatan keamanan safety first dan sebagaimana pedoman protokol kesehatan Dalam operasional penerbangan Batik Air bertugas sebagai pengangkut menerbangkan para tamu kata Danang Danang menjelaskan maskapai hanya bertugas mengangkut penumpang setelah melakukan pemeriksaan dokumen perjalanan di bandara keberangkatan Dia menegaskan penumpang yang melanggar dan tidak memenuhi ketentuan perjalanan bukan tanggung jawab maskapai Dengan demikian instansi instansi tersebut telah melakukan pengecekan semua persyaratan termasuk dokumen yang dibutuhkan dalam melakukan perjalanan menggunakan pesawat udara Operator penerbangan atau maskapai airlines bertugas mengangkut penumpang yang sudah memenuhi ketentuan dimaksud ke kota tujuan kata Danang Apabila ada penumpang yang bermasalah atau yang melanggar dan tidak memenuhi ketentuan maka itu bukan kesengajaan dari maskapai pungkasnya,0.9069933715103987,1.0,0.0,0.0,0.5,0.0,0.0,1.0,0.0,0.5,1.0,0.0,0.5,0.5,0.0,0.0,-1.0,1.0,0.5,2.5,1.0,1.5,1.0,0.0,0.0,0.009433962264150943,0.7272727272727273,0.039603960396039604,0.6811705333912028
12205,4 686 Nakes di Cianjur tak Masuk Tahap Awal Disuntik Vaksin Corona,Vaksin Corona atau COVID 19 untuk Cianjur akan mulai diterima pertengahan Januari 2021 Dari total 1 6 juta vaksin yang diajukan pada tahap awal akan diterima 4 686 vaksin untuk tenaga medis nakes Kalau vaksinnya kami juga masih menunggu kemungkinan di pertengahan Januari ini Tapi untuk alat seperti jarum suntik dan lainnya sudah diterima kata Plt Kepala Dinas Kesehatan Kabupaten Cianjur Irvan Nur Fauzy Selasa 5 1 2021 Untuk pengajuan vaksin yang mencapai 1 6 juta menurut dia sesuai dengan data penduduk usia 18 60 tahun Namun di tahap awal vaksin akan diberikan sesuai dengan jumlah nakes dan tenaga lain di bidang kesehatan Tahap awal kemungkinan yang diterima sebanyak 4 686 vaksin sesuai dengan jumlah tenaga medis dan tenaga penunjang lainnya ucap Irvan Juru Bicara Pusat Informasi dan Koordinasi COVID 19 Cianjur Yusman Faisal menjelaskan pada tahap kedua vaksinasi nanti bagiannya personel TNI Polri dan tahap ketiga pegawai instansi pemerintahan Sedangkan vaksinasi untuk masyarakat dilakukan terakhir Tahapan tersebut dilakukan melihat skala prioritas mana yang lebih rentan terpapar COVID 19 Sedangkan masyarakat terakhir lantaran skalanya besar kata Yusman Vaksinasi untuk golongan tahap satu sampai tiga dia melanjutkan Pemkab Cianjur menargetkan akan selesai pada akhir Maret 2021 Akhir Maret kita targetkan selesai untuk golongan tahap satu sampai tiga Sehingga awal April vaksinasi sudah bisa dilakukan terhadap masyarakat ujarnya Yusman mengungkapkan setelah vaksin tersebut tiba di Cianjur akan disimpan di gudang farmasi yang berada di Pasir Sembung Desa Sirnagalih Kecamatan Cilaku Cianjur,0.9068754653950345,1.0,0.0,0.0,0.5,0.0,0.0,1.0,0.0,0.5,1.0,0.0,0.14285714285714285,0.0,0.0,0.0,0.0,0.0,1.0,2.0,0.0,2.0,0.0,0.0,1.0,0.01809954751131222,0.75,0.06382978723404255,0.7571617899979098
2669,Jokowi Buka Suara soal Keluhan PDIP Atas Bansos Corona,Ketua Dewan Pimpinan Pusat Partai Demokrasi Indonesia Perjuangan DPP PDIP Eriko Sotarduga menyatakan Menteri Sosial Mensos Juliari Batubara tidak bisa kerja sembarangan dalam menyalurkan bantuan sosial bansos ke masyarakat di tengah pandemi virus corona Covid 19 Pernyataan ini disampaikan Eriko merespons kelambanan penyaluran bansos yang sempat disoroti Presiden Joko Widodo dalam Sidang Kabinet Paripurna beberapa waktu lalu Eriko berkata penyaluran bansos tidak bisa dilakukan secara sembarangan karena bersumber dari dana masyarakat Dana tersebut penggunaannya harus dipertanggungjawabkan Tidak bisa sembarangan karena itu kan dana dari masyarakat juga harus dipertanggungjawabkan bukan begitu saja dibagikan kata Eriko kepada wartawan di Kompleks Parlemen Senayan Jakarta pada Selasa 30 6 Dia mengaku pernah menanyakan masalah penyaluran bansos yang memakan 30 persen anggaran di bidang sosial itu ke Juliari secara langsung Menurutnya Jualiari berkata penyaluran bansos tidak bisa dilakukan oleh Kemensos secara langsung Pasalnya penyaluran harus dilakukan sesuai aturan dan dengan data data yang jelas Sebab kalau salah bantuan sosial bisa tersalur ke masyarakat yang tidak berhak Menurutnya kasus salah sasaran dalam penyaluran bansos sering terjadi termasuk selama pandemi virus corona Kesalahan tersebut salah satunya terjadi pada salah seorang anggota DPRD DKI Jakarta Meskipun telah menjadi seorang wakil rakyat yang memiliki penghasilan layak seorang anggota DPRD Jakarta masuk dalam daftar masyarakat penerima bansos corona Jangan sampai niatnya baik akhirnya jadi salah karena juga terbukti beberapa yang tumpang tindih Anggota DPRD DKI rekan saya menerima Ini kan cukup menjadi tanda tanya berarti ada soal pendataan belum sempurna ucap anggota DPR RI itu Sekali lagi di dalam ketidaksempurnaan ini jangan menghilangkan niatnya baik kinerjanya yang demikian baik imbuhnya Eriko menambahkan pihaknya sudah memberikan masukan kepada Kemensos agar melibatkan pengurus RT dan RW dalam penyaluran bansos Bahkan menurutnya tokoh agama hingga tokoh adat juga bisa dilibatkan agar penyaluran bansos dapat berjalan dengan benar Tidak mungkin dia terlalu jauh dari hal yang tidak benar karena kalau sampai tidak adil pasti akan didatangi warganya Kenapa saya tidak dapat kenapa yang sana dapat kan begitu Ini juga perlu kita libatkan Begitu juga tokoh tokoh masyarakat yang ada di wilayah tersebut baik tokoh agama tokoh adat perlu kita libatkan tutur Eriko Jokowi sebelumnya menyoroti laporan belanja kementerian yang dinilainya masih standar Sorotan salah satunya dia alamatkan pada kinerja pengelolaan anggaran Kemenkes Jokowi mengatakan pihaknya telah menggelontorkan anggaran Rp 75 triliun ke Kemenkes Tapi sampai saat ini anggaran itu baru dimanfaatkan 1 53 persen Atas kondisi itu Jokowi memerintahkan Kemenkes segera mempercepat pemanfaatan anggaran tersebut Selain itu Jokowi menyoroti pembagian bantuan sosial ke masyarakat yang belum mencapai 100 persen Jokowi meminta seluruh pihak terkait segera bertindak jika menemukan masalah segera diatasi Khusus untuk bansos Jokowi ingin agar penyaluran ke masyarakat dilakukan maksimal Bansos yang ditunggu masyarakat segera keluarkan kalau ada masalah lakukan tindakan tindakan lapangan meskipun sudah lumayan tapi baru lumayan ini extraordinary harusnya 100 persen tegasnya,0.9067933133987366,1.0,0.0,0.0,0.5,0.0,0.0,1.0,0.0,0.5,0.5,0.0,0.5,0.5,0.0,0.0,0.0,0.0,0.5,1.5,0.0,1.5,0.0,0.0,1.0,0.002336448598130841,0.6666666666666666,0.023715415019762844,0.5949204291350492
12353,Neymar Positif Corona,Bintang Paris Saint Germain Kylian Mbappe dinyatakan positif terpapar virus corona sehingga tak dapat ikut serta dalam laga Prancis melawan Kroasia di UEFA Nations League Kylian Mbappe tak akan ikut dalam laga melawan Kroasia Hasil tes Covid 19 yang dilakukan UEFA pagi ini menunjukkan bahwa ia positif dan kini ia diisolasi dari anggota tim lainnya demikian pernyataan Tim Nasional Prancis melalui Twitter Selasa 8 9 Gambas Twitter AFP melaporkan bahwa Mbappe sudah sempat ikut latihan dengan Timnas Prancis pada Senin 7 9 karena belum mengetahui hasil tes Covid 19 Dia langsung ditarik dari grup setelah menerima hasilnya di akhir latihan sebelum kembali ke rumahnya pada malam hari kata perwakilan dari Timnas Prancis Mbappe merupakan orang keempat dari Timnas Prancis yang teridentifikasi terpapar virus corona setelah Paul Pogba Houssem Aouar dan Steve Mandanda Karena hasil ini Mbappe juga dipastikan tak dapat mengikuti pertandingan pembuka PSG di Ligue 1 melawan Lens pada Kamis 10 9 Mbappe bukan satu satunya pemain PSG yang akan melewatkan laga tersebut Enam anggota PSG lainnya termasuk Neymar juga akan absen karena sudah terpapar virus corona lebih dulu Berdasarkan protokol kesehatan liga pemain yang teridentifikasi positif Covid 19 harus mengisolasi diri selama delapan hari,0.9050194136905915,0.5,0.0,0.0,0.5,0.0,0.0,1.0,0.0,0.5,0.5,0.0,0.5,0.5,0.0,0.0,1.0,1.0,0.5,3.0,0.0,3.0,1.0,0.0,1.0,0.0,1.0,0.024193548387096774,1.0
9048,Penyintas Corona Bisa Alami Kerusakan Paru Jangka Panjang,Sebagian orang yang terinfeksi virus corona Covid 19 pulih total dalam beberapa minggu Namun ada beberapa orang yang terus mengalami gejala setelah pemulihan awal mereka bahkan memiliki versi ringan penyakit Orang orang ini mendeskripsikan diri mereka sebagai long haulers atau penyintas Covid 19 Dan kondisinya sendiri disebut sindrom pasca Covid 19 atau long Covid 19 Orang tua dan orang dengan komplikasi serius adalah yang paling mungkin mengalami gejala Covid 19 yang permanen Namun orang muda yang sehat dapat merasa tidak sehat selama berminggu minggu hingga berbulan bulan setelah terinfeksi Covid 19 Sebagaimana dilansir Mayo Clinic tanda dan gejala paling umum dari waktu ke waktu meliputi Kelelahan Sesak napas Batuk Nyeri sendi Nyeri dadaTanda dan gejala jangka panjang lainnya mungkin termasuk Sakit otot atau sakit kepala Detak jantung cepat atau berdebar kencang Kehilangan indera penciuman dan perasa atau juga disebut Anosmia Masalah memori konsentrasi dan tidur Ruam atau rambut rontokTerlepas dari itu ini juga mungkin berpengaruh pada sejumlah masalah kesehatan serius Meskipun Covid 19 dipandang sebagai penyakit yang terutama menyerang paru paru penyakit itu juga dapat merusak banyak organ lain Kerusakan organ ini dapat meningkatkan risiko gangguan kesehatan jangka panjang Organ yang mungkin terpengaruh oleh COVID 19 meliputi Pertama adalah jantung Tes pencitraan yang dilakukan berbulan bulan setelah pemulihan menunjukkan adanya kerusakan permanen pada otot jantung bahkan pada penyintas Covid 19 bergejala ringan Kondisi ini dapat meningkatkan risiko gagal jantung di masa mendatang Kedua adalah paru paru Jenis pneumonia yang sering dikaitkan dengan Covid 19 dapat menyebabkan kerusakan jangka panjang pada kantung udara kecil alveoli di paru paru Jaringan parut yang dihasilkan dapat menyebabkan masalah pernapasan jangka panjang Ketiga adalah otak Covid 19 diketahui dapat menyebabkan stroke kejang dan sindrom Guillain Barre Nama terakhir merupakan kondisi yang menyebabkan kelumpuhan sementara Selain itu Covid 19 juga dapat meningkatkan risiko penyakit Parkinson dan Alzheimer Covid 19 dapat membuat sel darah lebih cenderung menggumpal Gumpalan ini menghalangi pembuluh darah kecil kapiler yang berada di otot jantung Selain itu Covid 19 juga dapat melemahkan pembuluh darah yang berkontribusi pada potensi masalah jangka panjang pada hati dan ginjal Pasien Covid 19 dengan gejala parah sering kali harus menjalani perawatan intensif dengan bantuan ventilator Hal ini sering kali membuat menimbulkan trauma dan masalah psikologis lainnya Dikutip dari Times of India penelitian yang dilakukan oleh University of Leeds juga telah menemukan bahwa banyak penyintas Covid 19 yang mengalami gangguan stres pascatrauma PTSD Selain itu beberapa penyintas juga ditemukan mengalami insomnia depresi kecemasan bahkan gangguan obsesif kompulsif Perempuan lebih rentan mengalami tekanan psikologis dibanding pria Banyak orang yang telah pulih dari Covid 19 terus mengalami kelelahan kronis Kelelahan ekstrem ini ditandai dengan rasa lelah yang tak kunjung membaik meski telah beristirahat Kelelahan ini juga bisa diakibatkan oleh kondisi psikologis yang merasa trauma akan perawatan Covid 19 Penelitian juga menemukan bahwa hampir 60 persen pasien yang terlibat mengaku mengalami kelelahan dalam beberapa pekan setelah pemulihan Selain itu tingkat energi yang tidak seimbang juga dapat membuat pasien mengalami gejala seperti nyeri otot Cara terbaik untuk mencegah komplikasi jangka panjang ini adalah dengan mencegah Covid 19 Strategi terbaik untuk mencegah infeksi Covid 19 pada remaja dan orang dewasa adalah memakai masker di tempat umum menjaga jarak setidaknya 6 kaki dari orang lain sering mencuci tangan dan menghindari keramaian serta ruang terbatas atau berventilasi buruk,0.9039655662517363,0.5,0.0,0.0,0.5,0.0,0.0,1.0,0.0,0.0,0.5,0.0,0.5,0.5,0.0,0.0,1.0,1.0,0.5,3.0,0.0,3.0,1.0,0.0,1.0,0.0020876826722338203,0.875,0.026615969581749048,0.8277915372953631
11194,RK Ingin DKI Satu Irama dengan Jabar Menangani Covid 19,Gubernur Jawa Barat Ridwan Kamil menginginkan satu irama dalam penanganan virus corona Covid 19 di Depok Bogor dan Bekasi Bodebek dengan DKI Jakarta Itu dilontarkannya karena banyak warga Bodebek yang bekerja di Jakarta Saat ini banyak mengemuka pasien Covid 19 terjadi di Depok Bogor dan Bekasi adalah klaster keluarga yang datang dari suami yang bekerja di Jakarta dan menularkan ke keluarganya kata Ridwan Kamil di Depok Jumat 2 10 seperti dikutip dari AntaraMenurut dia ada beberapa catatan untuk kota penyangga Jakarta seperti Depok ini Pertama Depok tidak bisa berbeda dengan Jakarta karena virus tak mengenal KTP Oleh karena tidak ada batas administrasi politik maka penanganannya harus sama Tapi karena ada wilayah wilayah batas administrasi politik maka keputusan yang diambil disesuaikan dengan kearifan lokal Untuk itu pihaknya sudah koordinasi lebih baik di Jabodetabek karena memang keputusan di Jakarta memengaruhi dirinya sendiri dua memengaruhi regional kita tiga memengaruhi nasional karena ibu kota Selain itu sejauh ini kebijakan yang diambil adalah pasien Covid 19 yang tanpa gejala atau OTG akan diimbau melapor supaya melakukan isolasi jangan di rumah tapi melakukan isolasi di rumah sakit hotel atau lainnya dengan biaya pemerintah pusat yang sedang menjadi kebijakan dalam minggu minggu ini untuk memastikan klaster keluarga bisa kita turunkan Tingkat infeksi di rumah lebih tinggi dibanding melakukan isolasi di tempat lainnya kata Kang Emil begitu biasa disapa Ridwan Kamil,0.902848241904193,0.5,0.0,0.0,0.5,0.0,0.0,1.0,0.0,0.5,0.5,0.5,0.2857142857142857,1.0,0.0,0.0,0.0,0.0,1.0,1.5,0.0,1.5,0.0,1.0,1.0,0.00975609756097561,0.6,0.045454545454545456,0.46283566259922393
836,603 741 Kasus Covid 19 dan Antisipasi Lonjakan Usai Libur Akhir Tahun,Hampir sepuluh bulan pandemi berjalan di Indonesia tetapi belum ada tanda tanda penyebaran Covid 19 dapat dikendalikan Selain itu Indonesia pun saat ini tengah berupaya mencegah masuknya penyebaran varian baru virus corona B117 yang ditemukan di Inggris Kasus Covid 19 di Indonesia masih terus bertambah sejak diumumkan pertama kali oleh Presiden Joko Widodo pada 2 Maret 2020 Penambahan kasus harian Covid 19 berada pada angka 5 000 8 000 kasus setiap harinya setidaknya dalam 10 hari terakhir Pemerintah melaporkan hingga Rabu 30 12 2020 ada penambahan kasus baru positif Covid 19 sebanyak 8 002 kasus Dengan demikian total kasus baru terkonfirmasi positif Covid 19 di Tanah Air mencapai 735 124 kasus Menurut data Satgas Covid 19 sebanyak 8 002 kasus baru positif Covid 19 didapatkan dari pemeriksaan 72 922 spesimen dalam periode 29 30 Desember 2020 Dalam jangka waktu yang sama ada 44 389 orang yang diambil sampelnya untuk pemeriksan spesimen Secara kumulatif jumlah spesimen yang telah diperiksa yaitu 7 297 374 spesimen dari 4 875 480 orang yang diambil sampelnya Sementara itu kasus baru positif Covid 19 tersebut tersebar di 33 provinsi DKI Jakarta menjadi provinsi dengan kasus tertinggi yaitu sebanyak 2 053 kasus baru Menyusul Jawa Barat sebanyak 1 233 kasus baru Jawa Tengah sebanyak 951 kasus baru Jawa Timur sebanyak 896 kasus baru dan Sulawesi Selatan sebanyak 538 kasus baru Meski kasus harian Covid 19 terus bertambah angka kesembuhan pasien Covid juga bertambah 6 958 orang sehingga total pasien sembuh kini 603 741 orang Akan tetapi angka kematian akibat terjangkit Covid 19 juga masih terus bertambah 241 orang Dengan demikian pasien Covid 19 yang meninggal dunia menjadi 21 944 orang,0.9028456633096624,0.5,0.0,0.0,0.5,0.0,0.0,1.0,0.0,0.5,0.5,0.0,0.39285714285714285,0.5,0.5,0.0,1.0,1.0,1.0,3.5,0.0,3.5,1.0,0.0,1.0,0.012552301255230125,0.5,0.03821656050955414,0.4501399107605215
12124,Jemaat Pastor Dites COVID Begini Penerapan Prokes di Katedral Jaksel,Gereja Katedral Jakarta Pusat melaksanakan ibadat misa Natal tatap muka Pelaksanaan misa Natal tatap muka di Katedral hanya dibatasi hingga 20 persen atau sekitar 309 jemaat Juru bicara Keuskupan Agung Katedral Susyana Suswadie memastikan seluruh jemaat yang hadir hari ini dalam kondisi sehat Mereka sudah mendaftar terlebih dahulu secara online Kalau untuk umat itu dipastikan bahwa umat dalam keadaan sehat saja ujar Susyana saat ditemui di Gereja Katedral Jumat 25 12 2020 Selain itu seluruh petugas hingga pastor diwajibkan melakukan tes swab antigen dan PCR Mereka yang bertugas selama Natal dipastikan bebas COVID 19 Tapi seluruh petugas lainnya terutama pastor itu melakukan swab antigen minimal Bahkan para pastor biasa melakukan PCR Dan dipastikan kami semua yang bertugas itu harus dalam keadaan bebas COVID 19 tuturnya Adapun jemaat harus melakukan sejumlah tahapan protokol kesehatan sebelum memasuki gereja Mulai mengecek suhu tubuh mencuci tangan disemprot disinfektan hingga terus menggunakan masker Sebagai contoh yang bisa mengikuti misa itu dibatasi rentang usia yaitu sekitar 18 59 tahun Kemudian yang kedua harus dalam keadaan sehat Umat melakukan tahap asesmen juga memiliki penyakit penyerta lebih baik tidak datang ke misa tatap muka tandas Susyana Sebanyak 12 gereja di Jakarta Pusat melaksanakan ibadat Natal tatap muka Polisi memastikan pelaksanaan ibadat misa Natal di 13 gereja tersebut dengan menerapkan protokol kesehatan dan kapasitas hanya 20 persen Ada 12 gereja yang melaksanakan ibadat tatap muka Tadi malam kita sudah lakukan pengecekan mereka melaksanakan protokol kesehatan isinya maksimal 20 persen dari kapasitas yang ditentukan kata Kapolres Metro Jakarta Pusat Kombes Heru Novianto saat dihubungi detikcom Jumat 25 12 Kegiatan ibadat tatap muka di gereja gereja hanya diisi 20 persen dari kapasitas Selebihnya mengikuti ibadat secara online yang disediakan oleh pihak gereja Seperti Katedral yang kapasitasnya 2 000 jemaat hanya laksanakan 250 jemaat kemudian Immanuel hanya melaksanakan 50 orang yang lainnya daring Ini cukup efektif karena gereja gereja kan sejak COVID 19 kan ditutup dan mereka laksanakan ibadat online Mereka menaati aturan gereja sendiri dan benar benar aman sambung Heru,0.9020850343101571,0.5,0.0,0.0,0.5,0.0,0.0,1.0,0.0,0.0,0.5,0.0,0.5,0.5,0.0,0.0,0.0,0.0,0.5,1.0,0.0,1.0,0.0,0.0,1.0,0.003389830508474576,0.5,0.027932960893854747,0.4582327877135524
2061,Mendagri Tito Usul Vaksin Covid Pakai Data Pemilu 2019,Mendagri Muhammad Tito Karnavian mengapresiasi langkah yang diambil Menkes Budi Gunadi Sadikin terkait penggunaan data KPU sebagai basis data program vaksinasi COVID 19 Data itu disebut Tito berasal dari data faktual di lapangan yang telah divalidasi sebelumnya oleh pihak Kemendagri Hal itu diutarakannya Tito dalam Rapat Monitoring dan Evaluasi Pelaksanaan Vaksinasi COVID 19 yang digelar pada Senin 25 1 2021 Pak Menkes saya memberikan hormat betul karena beliau mengambil data mengenai penduduk yang usia 17 ke atas itu dari data KPU Awalnya data mentahnya dari Dukcapil Kemendagri dan kemudian diverifikasi oleh KPU door to door verifikasi faktual coklit sehingga datanya valid ujar Tito dalam keterangan tertulis Selasa 26 1 Bagi daerah yang tidak menyelenggarakan Pilkada serentak 2020 Tito menambahkan bahwa nantinya data calon penerima vaksin juga dapat diperoleh dari hasil pencocokan data pada pelaksanaan Pemilu Serentak di Tahun 2019 Ia berharap dukungan Kemendagri melalui penyediaan data pemilih di tiap daerah itu dapat menyukseskan program vaksinasi Yang tidak ada Pilkada bisa di cross checking data dukcapil dari provinsi kabupaten kota data Pemilu 2019 karena mereka juga melakukan coklit manual Nah ini dengan demikian bisa dibuat target by name by address mirip seperti kita mengatur pilkada pada waktu pilkada itu tidak terjadi keributan atau kekacauan di TPS karena setiap TPS sudah mengatur jam kedatangan diatur dengan undangan datang petugas juga tidak terlalu capek konstan kegiatannya kemudian tidak terjadi penumpukan massa ucap Tito Melihat pentingnya data calon penerima vaksin Tito meminta kepada seluruh pemerintah daerah untuk segera melakukan pendataan dan inventarisasi data calon penerima vaksin yang akan mendapatkan skala prioritas Pendataan kata Tito nantinya jelas akan berguna untuk menentukan skala prioritas penerima vaksin mengingat hingga saat ini jumlah dosis vaksin yang dimiliki Indonesia masih terbatas dan tidak memenuhi kebutuhan seluruh populasi diseluruh wilayah Indonesia Terutama tadi fasilitas untuk penyuntikan penyimpanan yang tiap tiap daerah berbeda dari daerah satu dengan yang lainnya ada yang pulau pantai di hulu di pedalaman nah ini yang perlu dibuat skala prioritas Menkes sudah membuat skala prioritas daerah pun tidak ada salah membuat skala prioritas by name by address dukcapil ada data dan untuk daerah yang diverifikasi pada Pilkada kemarin kata Tito,0.9017866810287686,1.0,0.0,0.0,0.5,0.0,0.0,1.0,0.0,0.0,0.5,0.0,0.25,0.0,1.0,0.0,0.0,0.0,1.0,2.0,0.0,2.0,0.0,1.0,1.0,0.0060790273556231,0.7777777777777778,0.034653465346534656,0.6909733758517104
1045,Jokowi Tegaskan Ada Pembubaran Satgas Covid 19,Presiden Joko Widodo menegaskan tidak ada pembubaran Satuan Tugas Penanganan Covid 19 di pusat maupun daerah Jokowi mengatakan bahwa pemerintah tetap memprioritaskan penanganan kesehatan masyarakat di tengah pandemi virus corona Saya perlu menekankan tidak ada pembubaran Satgas Covid 19 baik di pusat dan daerah harus semua tetap bekerja keras ujar Jokowi saat membuka rapat terbatas pengarahan kepada Komite Penanganan Pemulihan Ekonomi Nasional dan Covid 19 melalui video conference Senin 27 7 Jokowi diketahui telah membentuk Komite Penanganan Covid 19 dan Pemulihan Ekonomi Nasional Komite ini membagi dua penanganan covid 19 dengan satgas khusus ekonomi dan khusus kesehatan covid 19 yang menggantikan gugus tugas percepatan penanganan covid 19 Meski kali ini terbagi dua Jokowi menyatakan penanganan kesehatan tetap prioritas dan tak boleh mengendur sampai penemuan vaksin Saya ingin tiap posko yang ada baik di BNPB pusat daerah di komite kelihatan sangat sibuk ke sana sini gitu Jadi aura krisisnya ada katanya Komite Penanganan Covid 19 dan Pemulihan Ekonomi Nasional yang dibentuk berdasarkan Perpres diketahui terdiri atas Komite Kebijakan Satuan Tugas Penanganan Covid 19 serta Satuan Tugas Pemulihan dan Transformasi Ekonomi Nasional Komite Kebijakan itu diketuai oleh Menteri Koordinator Bidang Perekonomian Airlangga Hartarto dengan jajaran menteri koordinator menteri kesehatan dan menteri dalam negeri sebagai wakil ketua Sementara Menteri BUMN Erick Thohir menjadi ketua pelaksana yang membawahi satgas covid 19 yang dipimpin Doni Monardo dan satgas pemulihan ekonomi nasional oleh Budi Gunadi Sadikin,0.901204119962789,1.0,0.0,0.0,0.5,0.0,0.0,1.0,0.0,0.5,0.5,0.0,0.6,1.0,0.0,0.0,1.0,-1.0,1.0,3.0,1.0,2.0,1.0,1.0,1.0,0.02072538860103627,0.8571428571428571,0.046511627906976744,0.6929559081445371
4321,Pantau Jalur Keluar Masuk Jatim Kakorlantas Sebut Ada Penurunan Wisatawan 90,Kepala Korps Lalu Lintas Kakorlantas Polri Irjen Istiono mengatakan bahwa terjadi penurunan jumlah wisatawan di Bali dari Banyuwangi sebesar 90 Pasalnya dirinya memantau langsung kondisi di Bandara I Gusti Ngurah Rai Bali dan Pelabuhan Ketapang Banyuwangi hari ini Hari ini kami melakukan pemantauan di kedatangan Bandara Ngurah Rai Bali Kedatangan di sana terpantau hari ini seribu lebih tapi kalau dibandingkan tahun lalu ini 21 ribu jadi penurunannya sekitar 90 persen ujar Istiono melalui keterangan tertulis Minggu 27 12 2020 Meski begitu peningkatan wisatawan tetap terdeteksi di Pelabuhan Ketapang khususnya orang orang yang berasal dari Jawa menuju Bali Peningkatan tersebut pun berhasil dikelola dengan baik oleh kepolisian supaya tidak terjadi penumpukan Namun demikian ada tanda tanda peningkatan orang dari Jawa menuju Bali melalui pelabuhan Ketapang ini Dengan peningkatan ini dapat di kelola dengan bagus antara Kapolres Banyuwangi atas koordinasi Dirlantas Polda Jatim bersama Dirlantas Polda Bali Telah dikelola dan dinformasikan jalur serta arus puncaknya Di jalan kondisinya cukup dapat dikelola dan cukup bagus tidak terjadi penumpukan tuturnya Selain melakukan kunjungan ke bandara dan pelabuhan Istiono juga mengecek kesiapan pengamanan di Terminal Sri Tanjung Menurutnya seluruh supir angkutan sudah bebas dari COVID 19 mengingat mereka diwajibkan melakukan rapid test antigen terlebih dahulu sebelum berkendara walaupun ada 19 supir yang dinyatakan reaktif COVID 19 Kemudian kendaraan muatan beban pun untuk masuk di Bali dilakukan pemeriksaan hari ini Kita tadi cek Terminal Sri Tanjung Setiap supir dicek bahwa dia sudah memenuhi persyaratan rapid antigen apa belum Jadi dicek dan dilakukan gratis Dari kemarin sudah dilakukan pengecekan kurang lebih 1 400 supir Yang reaktif sebanyak 19 orang dan direkomendasikan ke rumah sakit ditindaklanjuti beber Istiono Sementara itu Istiono juga memastikan kalau TNI bersama Polri akan melakukan pengamanan nasional secara berkala dan maksimal Dia menegaskan bahwa tidak ada perayaan natal dan tahun baru untuk tahun ini demi memutus mata rantai COVID 19 Oleh karena itu polisi beserta TNI dan jajarannya terus melakukan pemantauan pemantauan dan situasi kamseltibcarlantas Untuk tahun baru dilarang dilakukan kegiatan kegiatan malam tahun baru Izin keramaian di titik titik tertentu di perhotelan pun tidak dikeluarkan Juga dikeluarkan maklumat Kapolri tentang masalah kerumunan Tidak ada kegiatan perayaan malam tahun baru untuk mencegah penyebaran COVID 19 katanya,0.8991038011359688,1.0,0.0,0.0,0.5,0.0,0.0,1.0,0.0,0.5,1.0,0.0,0.16666666666666666,0.0,0.0,0.0,1.0,-1.0,1.0,3.0,1.0,2.0,1.0,1.0,1.0,0.0,0.7272727272727273,0.0380952380952381,0.693392153127229
4737,Pemerintah Pantau 19 514 Suspek Corona Hari Ini,Pemerintah memantau 62 717 suspek Corona COVID 19 hari ini Jumlah kasus yang dipantau lebih banyak dari kemarin yaitu sebanyak 62 250 kasus Data perkembangan pandemi COVID 19 di Indonesia ini disampaikan Badan Nasional Penanggulangan Bencana BNPB pada Jumat 18 12 2020 Data diperbarui setiap hari setiap pukul 12 00 WIB Selain itu jumlah spesimen yang diperiksa hari ini sebanyak 67 678 Dari pemeriksaan itu ditemukan kasus positif COVID 19 sebanyak 6 689 Dengan demikian total kasus Corona di Indonesia saat ini menjadi 650 197 Pemerintah juga melaporkan kasus sembuh dari Corona sebanyak 5 016 kasus Total kasus sembuh kumulatif sebanyak 531 995 Sebanyak 124 pasien Corona juga dilaporkan meninggal dunia Dengan begitu total kasus meninggal akibat COVID 19 menjadi 19 514 Pemerintah telah menggunakan istilah istilah baru terkait COVID 19 sejak 13 Juli 2020 Salah satu istilah yang digunakan adalah suspek Penggantian istilah itu tertuang dalam Keputusan Menteri Kesehatan Republik Indonesia Nomor HK 01 07 MENKES 413 2020 tentang Pedoman Pencegahan dan Pengendalian Coronavirus Disease 2019 COVID 19 Tidak ada lagi istilah pasien dalam pengawasan PDP orang dalam pemantauan ODP ataupun orang tanpa gejala OTG Saat menjadi juru bicara pemerintah terkait penanganan COVID 19 Achmad Yurianto mengatakan perubahan istilah ini disosialisasi ke seluruh Indonesia termasuk ke RS hingga puskesmas Secara khusus hari ini Yurianto menjelaskan soal suspek Kita menyebutkan kasus suspek apabila ada kriteria sebagai berikut salah satu di antaranya pertama orang dengan ISPA yang akut dan dalam 14 hari terakhir sebelum timbulnya gejala ini dia melaksanakan perjalanan atau tinggal di daerah di mana dilaporkan transmisi lokal terjadi jelas Yurianto dalam jumpa pers yang disiarkan di YouTube BNPB Rabu 15 7,0.8989627273517052,0.5,0.0,0.0,0.5,0.0,0.0,1.0,0.0,0.0,0.5,0.0,0.8,0.0,1.0,0.0,0.0,0.0,1.0,1.5,0.0,1.5,0.0,0.0,1.0,0.011450381679389313,0.875,0.04093567251461988,0.7297188563309259
2866,27 PMI Terdeteksi COVID Setibanya di Taiwan BP2MI Sidak Sejumlah Perusahaan,Badan Pelindungan Pekerja Migran Indonesia BP2MI mengaku telah melakukan langkah antisipasi terkait adanya tindakan otoritas Taiwan yang menghentikan sementara penempatan Pekerja Migran Indonesia PMI Penghentian sementara itu dilakukan Taiwan akibat adanya 85 PMI yang terkonfirmasi positif COVID 19 BP2MI mengatakan 85 PMI di Taiwan terkonfirmasi positif COVID 19 itu yang tiba pada bulan Oktober November 2020 Otoritas Taiwan menetapkan suspensi terhadap penempatan PMI ke Taiwan selama 2 minggu dari tanggal 4 17 Desember 2020 dan akan menginformasikan lebih lanjut mengenai penerimaan PMI ke Taiwan setelah tanggal 17 Desember 2020 Adapun bagi 14 Perusahaan Penempatan Pekerja Migran Indonesai P3MI yang menjadi sumber cluster positif COVID 19 dari 85 PMI tersebut hanya dapat menempatkan kembali ke Taiwan jika telah mendapatkan rekomendasi dari Kementerian Kesehatan RI dan BP2MI dan mendapatkan persetujuan CDC Taiwan Terkait hal tersebut Kepala BP2MI Benny Rhamdani mengaku telah bertemu dengan TETO perwakilan otoritas Taiwan di Indonesia terkait penghentian tersebut Selain itu Benny mengatakan BP2MI juga mengeluarkan surat edaran terkait aturan PMI wajib melakukan tes PCR sebelum berangkat ke negara penempatan Indonesia serius dalam menangani Covid 19 karena keselamatan PMI adalah hukum tertinggi Pada tanggal 9 September 2020 BP2MI mengeluarkan Surat Edaran yang mewajibkan PMI melakukan tes PCR sebelum berangkat ke negara penempatan Surat Edaran ini kami keluarkan bahkan sebelum Otoritas Taiwan mengeluarkan ketentuan untuk swab PCR Bagi kami adanya 85 PMI yang terkonfirmasi positif di Taiwan adalah masalah yang sangat serius ungkap Benny saat Konferensi Pers di Kantor BP2MI Jakarta Rabu 2 12 2020 Benny juga menegaskan pihaknya akan berkoordinasi kepada Kementerian Ketenagakerjaan RI agar P3MI yang melanggar protokol kesehatan dan terbukti tidak melakukan tes PCR terhadap PMI untuk dicabut izinnya BP2MI juga meminta Kementerian Kesehatan untuk memberikan sanksi kepada sarana kesehatan yang memalsukan hasil tes swab PMI BP2MI akan merekomendasikan pula kepada Kementerian Kesehatan RI agar sarana kesehatan sarkes yang diduga memalsukan hasil tes PCR untuk dicabut izinnya Sejalan dengan itu kami akan membuat tim khusus berkolaborasi dengan TETO untuk melakukan pengetatan pengawasan dan evaluasi sejauh mana P3MI secara efektif dan konsisten melakukan tes PCR untuk para PMI sebelum berangkat ke negara penempatan ujar Benny Tak hanya itu Benny mengatakan pihaknya juga meminta bantuan otoritas Taiwan untuk memberikan data lengkap PMI yang terkonfirmasi positif tersebut Hal itu agar BP2MI lebih mudah melakukan tracing di Indonesia Bersamaan dengan itu BP2MI juga meminta bantuan otoritas Taiwan untuk menginformasikan dengan lengkap nama nama PMI yang terkonfirmasi Covid 19 sebagai referensi untuk melakukan tracing di dalam negeri BP2MI akan melakukan revisi terhadap Surat Edaran Kepala BP2MI tanggal 9 September 2020 yang lebih kuat dengan mencantumkan sanksi terhadap P3MI yang tidak menjalankan protokol kesehatan dengan ketat dan tidak dapat membuktikan hasil PCR yang valid ujarnya Ia juga mengatakan akan bekerja sama dengan Satgas Penanganan COVID 19 terkait penempatan PMI Benny mengatakan pihaknya bakal melakukan berbagai upaya untuk melindungi PMI dan menjaga hubungan baik Indonesia dan Taiwan BP2MI akan memperkuat kerja sama dengan Gugus Tugas Covid 19 dalam penempatan PMI di masa pandemi covid 19 Kami akan melakukan berbagai upaya untuk melakukan pelindungan terhadap PMI dan untuk menjaga hubungan baik Indonesia dan Taiwan Semoga keputusan yang diambil otoritas Taiwan ini adalah keputusan berdasarkan temuan medis bukan keputusan politis tutur Benny Untuk diketahui BP2MI sebelumnya juga melakukan sidak di Perusahaan Penempatan Pekerja Migran Indonesia P3MI di Tangerang Saat itu sidak dilakukan karena adanya informasi 27 pekerja migran Indonesia terpapar virus Corona di Taiwan setelah berangkat dari perusahaan penempatan pekerja migran Informasi 27 pekerja terinfeksi Corona itu didapatkan dari KDEI Taiwan Para pekerja ini sebelumnya dikirimkan dari Perusahaan Penempatan Pekerja Migran di Tangerang Lalu mereka terdeteksi positif Corona setibanya di negara Taiwan BP2MI telah mengirimkan Surat Edaran kepada P3MI di masa penempatan adaptasi kebiasaan baru PMI wajib melakukan tes PCR sebelum terbang ke negara penempatan Karena pemerintah ingin memastikan anak anak bangsa benar benar bisa terjamin keselamatan kesehatannya kata Kepala BP2MI Benny Rhamdani dalam keterangannya Jumat 20 11,0.8983580877217681,1.0,0.0,0.0,0.5,0.0,0.0,1.0,0.0,0.0,1.0,0.0,0.2857142857142857,0.0,1.0,0.0,1.0,1.0,1.0,4.0,0.0,4.0,1.0,0.0,1.0,0.00597609561752988,0.9090909090909091,0.04048582995951417,0.9407618318609202
9006,Rupiah Melorot ke Rp14 128 Terseret Lonjakan Kasus Covid 19,Nilai tukar rupiah berada di posisi Rp14 120 per dolar AS pada perdagangan pasar spot Senin 30 11 sore Mata uang Garuda melemah 0 21 persen dibandingkan perdagangan Jumat 27 11 sore di level Rp14 090 per dolar AS Sementara itu kurs referensi Bank Indonesia BI Jakarta Interbank Spot Dollar Rate JISDOR menempatkan rupiah di posisi Rp14 128 per dolar AS atau melemah tipis dibandingkan posisi Jumat pekan lalu yakni Rp14 145 per dolar AS Sore ini mayoritas mata uang di kawasan Asia terpantau melemah terhadap dolar AS Tercatat yen Jepang turun 0 10 persen won Korea Selatan melemah 0 27 persen peso Filipina melemah 0 10 persen yuan China menguat 0 04 persen Selanjutnya dolar Taiwan melemah 0 13 persen rupee India melemah 0 22 persen dan ringgit Malaysia melemah 0 12 persen Sebaliknya dolar Singapura menguat 0 01 persen dan bath Thailand terpantau menguat 0 02 persen Sementara itu mata uang di negara maju bergerak menguat terhadap dolar AS Dolar Australia menguat 0 30 persen franc Swiss menguat 0 47 persen dan dolar Kanada menguat 0 12 persen Hanya poundsterling Inggris yang bergerak melemah 0 07 persen Kepala Riset Monex Investindo Ariston Tjendra mengatakan rupiah ikut terseret oleh anjloknya Indeks Harga Saham Gabungan IHSG pada perdagangan sesi kedua hari ini Pukul 14 12 JATS indeks saham terjun 3 26 persen ke posisi 5 595 Tren penurunan sudah terjadi sejak pembukaan perdagangan Indeks saham dibuka turun ke 5 779 lalu IHSG sempat naik ke level 5 796 namun setelah itu kembali longsor Posisi terendah sepanjang perdagangan hari ini terekam di posisi 5 567 yakni pukul 14 05 JATS Rupiah terpengaruh terkait dengan kejatuhan dalam IHSG hari ini Seperti pemberitaan kemungkinan karena kekhawatiran pasar terhadap kenaikan kasus covid 19 di Indonesia tuturnya kepada CNNIndonesia com Seperti diketahui dalam pembukaan rapat kabinet pagi tadi Presiden Joko Widodo Jokowi mengingatkan para menterinya terkait dengan maslaah covid 19 yang kian memburuk Ia juga menuturkan dua provinsi yang perlu perhatian khusus karena peningkatan yang cukup drastis terkait kasus harian covid 19 yakni Jawa Tengah dan DKI Jakarta Berdasarkan data yang saya ia terima per 29 November kasus aktif kembali meningkat menjadi 13 41 persen Meskipun lebih baik dari angka rata rata dunia tapi angka tersebut masih lebih buruk dari pekan yang lalu yang berbeda di angka 12 48 persen Tingkat kesembuhan pun menurun dari pekan lalu lalu 84 03 persen menjadi 83 44 persen saat ini Ya mungkin masih menjadi pertimbangan pelaku pasar untuk besok Kita menunggu sentimen baru juga di pasar AS malam ini Potensi besok rupiah di kisaran Rp14 050 14 200 per dolar AS tandas Ariston Gambas Video CNN,0.8981673965115936,0.5,0.0,0.0,0.5,0.0,0.0,1.0,0.0,0.5,0.5,0.0,0.2111111111111111,0.5,0.5,0.0,0.0,0.0,1.0,1.5,0.0,1.5,0.0,0.0,0.0,0.007594936708860759,0.8,0.032388663967611336,0.7256047091665432
2706,LPAI Sebut Gawai sampai Pendidikan Problem Anak saat Pandemi,Komisi Perlindungan Anak Indonesia KPAI mengungkapkan terdapat tiga problem perlindungan anak di masa pandemi Covid 19 yakni perlindungan anak dari penyalahgunaan gawai kesehatan dan pendidikan KPAI menilai ketiganya perlu dicermati oleh pemerintah Ketua KPAI Susanto mengatakan isu pertama adalah perlindungan anak dari gawai lantaran anak anak semakin lekat dengan perangkat elektronik itu selama masa pandemi ini Berdasarkan temuan KPAI sebanyak 22 persen anak melihat tayangan dan iklan tidak senonoh melalui gawai Sedangkan 5 persen anak dikirimi foto tidak senonoh dan 3 persen dikirimi video tidak sopan Survei itu dilakukan KPAI kepada 25 264 anak dari 34 provinsi di Indonesia Jadi harus benar benar dipastikan suara anak yang masuk KPAI disampaikan bagaimana tanggung jawab negara agar anak anak tidak terpapar konten konten berisiko katanya dalam diskusi virtual Minggu 16 8 Isu kedua lanjut Susanto adalah perlindungan dari aspek kesehatan karena banyak anak yang terpapar Covid 19 Berdasarkan data Kementerian Kesehatan ia menuturkan setiap hari ada 100 anak tertular Covid 19 Ini harus menjadi perhatian besar dan PR kita kalau kita tidak melakukan advokasi maka dikhawatirkan upaya pencegahan dan penanganan Covid 19 pada anak semakin defisit ucapnya Isu terakhir adalah terkait dengan pendidikan anak di masa pandemi Seperti diketahui Kementerian Pendidikan dan Kebudayaan memberlakukan skema pembelajaran jarak jauh PJJ saat pandemi Covid 19 Ia mengatakan skema tersebut menimbulkan sejumlah konsekuensi pada anak Survei KPAI mengungkapkan 25 4 persen anak menggunakan perangkat gawai seperti ponsel tablet maupun komputer jinjing lebih dari 5 jam per hari Kemudian 76 8 persen anak menggunakan perangkat tersebut selain untuk belajar Akan tetapi sebanyak 79 persen anak mengaku tidak memiliki aturan menggunakan perangkat tersebut Di sisi lain ia juga mengungkapkan banyak anak di Indonesia yang tidak memiliki gawai untuk melangsungkan kegiatan belajar jarak jauh Belum lagi sebagian mereka mengaku kesulitan mencari sinyal karena faktor demografis maupun tidak mampu membeli kuota internet karena tekanan ekonomi Tampaknya tidak semua anak di Indonesia mendapatkan layanan pendidikan terbaik Jangankan saat Covid 19 sebelum Covid 19 pun juga ada anak yang mengalami kendala layanan pendidikan tuturnya Ia mengaku KPAI telah membahas sejumlah isu tersebut dengan pihak terkait Meliputi Kementerian Pendidikan dan Kebudayaan Kementerian Agama Kementerian Kesehatan hingga dinas pendidikan di masing masing wilayah,0.8975687893452949,0.5,0.0,0.0,0.5,0.0,0.0,1.0,0.0,0.5,0.5,0.0,0.5,0.5,0.0,0.0,1.0,1.0,0.5,3.0,0.0,3.0,1.0,0.0,1.0,0.003105590062111801,0.6666666666666666,0.030456852791878174,0.7714273340247259
9674,Ini Sebaran 4 192 Kasus Sembuh Corona di RI pada 24 November,Pasien sembuh dari Corona bertambah 2 927 pada hari ini Tambahan pasien sembuh virus Corona tersebut paling banyak di DKI Jakarta dan Jawa Barat Berdasarkan data dari Satgas Penanganan COVID 19 Selasa 24 11 2020 total pasien sembuh hingga hari ini 425 313 Data ini dihimpun secara berkala setiap hari per pukul 12 00 WIB Pasien sembuh Corona terbanyak dari DKI Jakarta yakni sebesar 1 060 Diikuti di bawahnya ada Jawa Barat dengan 428 pasien sembuh dan Jawa Tengah dengan 300 pasien sembuh Jumlah spesimen terkait Corona yang diperiksa hari ini mencapai 39 971 Dari spesimen tersebut didapatkan penambahan kasus positif Corona 4 192 sehingga total saat ini menjadi 506 302 kasus Kasus meninggal juga bertambah 109 dan total sampai saat ini menjadi 16 111 Berikut ini sebaran 2 927 kasus sembuh Corona pada 24 November 1 Aceh 0 kumulatif 6 410 2 Bali 105 kumulatif 12 151 3 Banten 6 kumulatif 8238 4 Bangka Belitung 5 kumulatif 770 5 Bengkulu 19 kumulatif 1 244 6 DI Yogyakarta 40 kumulatif 3 997 7 DKI Jakarta 1060 kumulatif 11 7969 8 Jambi 7 kumulatif 1 203 9 Jawa Barat 428 kumulatif 40 452 10 Jawa Tengah 300 kumulatif 36 051 11 Jawa Timur 157 kumulatif 52 546 12 Kalimantan Barat 60 kumulatif 1 733 13 Kalimantan Timur 132 kumulatif 15 903 14 Kalimantan Tengah 30 kumulatif 4 437 15 Kalimantan Selatan 15 kumulatif 11 775 16 Kalimantan Utara 15 kumulatif 379 17 Kepulauan Riau 16 kumulatif 911 18 Nusa Tenggara Barat 9 kumulatif 3 632 19 Sumatera Selatan 40 kumulatif 7 424 20 Sumatera Barat 113 kumulatif 15 258 21 Sulawesi Utara 33 kumulatif 5 163 22 Sumatera Utara 77 kumulatif 12 446 23 Sulawesi Tenggara 31 kumulatif 4 769 24 Sulawesi Selatan 88 kumulatif 18 128 25 Sulawesi Tengah 11 kumulatif 969 26 Lampung 8 kumulatif 1 689 27 Riau 88 kumulatif 16 413 28 Maluku Utara 5 kumulatif 1 971 29 Maluku 0 kumulatif 3 680 30 Papua Barat 27 kumulatif 4 449 31 Papua 0 kumulatif 5007 32 Sulawesi Barat 1 kumulatif 1 009 33 Nusa Tenggara Timur 1 kumulatif 652 34 Gorontalo 0 kumulatif 2 956,0.8963098162681802,1.0,0.0,0.0,0.5,0.0,0.0,1.0,0.0,0.5,0.5,0.0,0.6000000000000001,0.0,1.0,0.0,0.0,0.0,1.0,2.0,0.0,2.0,0.0,0.0,0.0,0.018461538461538463,0.9166666666666666,0.06179775280898876,0.893729889720104
4615,Dukung Jakarta Bermasker Polres Pelabuhan Tj Priok Bagi bagi 3 779 Masker,Dalam rangka mencegah penyebaran virus COVID 19 Kapolda Metro Jaya Irjen Muhammad Fadil Imran mencanangkan program Jakarta Bermasker Ini selaras dengan Kebijakan program PriokBermasker Kapolres Pelabuhan Tanjung Priok AKBP Ahrie Sonta yang telah diluncurkan dan dijalankan sejak November 2020 lalu Menindaklanjuti program Jakarta Bermasker tersebut AKBP Ahrie Sonta memerintahkan jajarannya untuk makin menggencarkan program PriokBermasker dengan melakukan 3T atau tracing testing treatment Menurutnya ini penting sebab berdasarkan data Pemprov DKI Jakarta penyebaran COVID 19 makin meningkat Di DKI Jakarta Sendiri jumlah pasien positif COVID 19 per hari ini mencapai 227 365 dengan pasien sembuh 201 907 dan pasien meninggal mencapai 3 779 Sebagai tindak lanjut hari ini Minggu 17 Januari 2021 Polres Pelabuhan Tanjung Priok dan polsek jajaran telah membagikan sebanyak 1 500 buah masker secara serentak kepada calon penumpang Pelni kelompok tenaga kerja bongkar muat TKBM pengunjung Makam Mbah Priok Selain itu masker juga kepada warga Muara Baru Muara Angke Rusun Budha Tzu Chi hingga para penumpang kapal di Dermaga Kaliadem Pembagian masker di wilayah wilayah tersebut dilakukan secara serentak Masker diberikan kepada masyarakat secara cuma cuma untuk mencegah penyebaran COVID 19 Selama pembagian masker petugas kepolisian juga memberikan imbauan kepada warga untuk selalu menggunakan masker apabila melaksanakan kegiatan di luar rumah kata AKBP Ahrie Sonta kepada wartawan Minggu 17 1 2021 Kami juga membagikan masker kepada pengunjung pedagang pembeli hingga pengemudi angkutan ikan serta pengendara roda empat dan roda dua yang melintas di wilayah hukum Polres Pelabuhan Tanjung Priok Kegiatan ini dalam rangka mendukung program Jakart Bermasker yang dicanangkan Kapolda Metro Jaya sambungnya Ahrie mengatakan agar ikhtiar memutus mata rantai penularan COVID 19 ini makin maksimal pihaknya juga menggandeng TNI dan Satpol PP tokoh agama dan masyarakat hingga ormas Ini untuk menggelorakan kesadaran masyarakat dalam menggunakan masker Kita berharap agar masyarakat memiliki kesadaran diri yang tinggi untuk menjaga kesehatan dan mencegah penyebaran COVID 19 ini dengan terus mengedukasi akan pentingnya memakai masker mencuci tangan menjaga jarak juga menghindari kerumunan jelas lulusan Akpol 2002 ini Mari kita sama sama tingkatkan kedisiplinan dengan mematuhi protokol kesehatan InsyaAllah dengan begitu kita semua akan bisa terhindar dari COVID 19 sambungnya,0.8949667187087211,1.0,0.0,0.0,0.5,0.0,0.0,1.0,0.0,0.5,0.5,0.0,0.2857142857142857,0.0,1.0,0.0,0.0,0.0,1.0,2.0,0.0,2.0,0.0,0.0,0.0,0.009345794392523364,0.7272727272727273,0.037914691943127965,0.6613384977333675
11484,Virus Corona Tahan 28 Hari di Uang Kertas dan Layar Ponsel,Penelitian terbaru menunjukkan virus corona bisa bertahan di permukaan handphone HP hingga 28 hari pada suhu dingin Berdasarkan percobaan yang dilakukan para peneliti Australia virus corona SARS CoV 2 mampu bertahan hingga 28 hari dengan kondisi suhu ruangan tercatat 20 derajat Celcius Tapi pada kondisi suhu ruangan yang lebih tinggi misal 40 derajat Celcius virus corona yang menular hanya bertahan tak lebih dari 24 jam di beberapa jenis permukaan Virus yang dapat hidup diisolasi hingga 28 hari pada suhu 20 derajat Celcous dari permukaan seperti kaca baja tahan karat stainless steel uang kertas dan uang polimer tulis laporan itu yang dipublikasikan pada jurnal Virologi Mereka melakukan percobaan dengan menempatkan droplet ke berbagai jenis permukaan Mulai dari plastik uang kertas stainless steel katun vinyl dan kaca yang banyak digunakan di ruang ATM dan ponsel Sebab bahan bahan ini banyak digunakan dalam keseharian Saat ini para peneliti masih berdebat soal kemungkinan penularan virus corona lewat permukaan benda Sebab studi sebelumnya dari peneliti di Italia menyebut kecil kemungkinan virus penyebab penyakit Covid 19 ini menular dari permukaan benda Penelitian baru ini yang dilakukan oleh para ilmuwan di CSIRO badan sains nasional Australia Berdasarkan riset yang mereka lakukan virus corona SARS CoV 2 dapat bertahan di permukaan yang tidak berpori lebih lama dari yang diperkirakan Penelitian ini diterbitkan dalam Virology Journal pada Senin 12 10 Namun percobaan ini dilakukan di bawah kondisi laboratorium yang terkontrol dan dalam kondisi gelap Sehingga ada kemungkinan virus corona bertahan lebih lama ketimbang pada situasi sebenarnya di lapangan Lebih lanjut Debbie Eagles Wakil Direktur Pusat Kesiapsiagaan Penyakit Australia ACDP menyebut penularan virus corona lewat permukaan benda seperti handphone ini bakal bergantung pada sejumlah kondisi Peran penularan virus corona lewat permukaan benda akan dipengaruhi dari berapa sering kontak permukaan dilakukan dan jumlah virus yang dibutuhkan agar bisa menginfeksi kata Eagles seperti dikutip CNET Namun menurutnya penelitian yang menunjukkan berapa lama virus ini bertahan di permukaan punya arti penting untuk mengembangkan strategi mitigasi pengurangan risiko penularan Covid 19 di tempat tempat dengan tingkat kontak yang tinggi Sebelumnya peneliti dari Universitas Pavia Italia membuat penelitian lanjutan berdasarkan penelitian profesor mikrobiologi Goldman dari Universitas Rutgers New Jersey Amerika Serikat Dalam penelitian laboratorium di AS Goldman berpendapat kemungkinan penularan virus corona melalui permukaan benda mati sangat kecil Para peneliti Italia pun membuat penelitian lanjutan di lapangan bukan lingkungan laboratorium Hasilnya menurut mereka virus corona SARS CoV 2 tidak bisa dikultur dari permukaan Upaya Mondeli dkk untuk membiakkan SARS CoV 2 dari permukaan benda di rumah sakit tidak berhasil Sehingga mereka berkesimpulan penularan virus corona SARS CoV 2 lewat permukaan benda tidak mungkin terjadi dalam kondisi kehidupan nyata Selain itu penularan lewat benda mati juga dinilai tak akan terjadi jika dilakukan prosedur standar kebersihan dan tindakan pencegahan,0.8948086229427167,0.5,0.0,0.0,0.5,0.0,0.0,1.0,0.0,0.0,0.5,0.0,0.3333333333333333,0.0,1.0,0.0,0.0,0.0,1.0,1.5,0.0,1.5,0.0,0.0,1.0,0.010362694300518135,0.9090909090909091,0.046296296296296294,0.8427647142736762
12140,Ini 24 Pemenang Lomba Jurnalistik Pertamina Wilayah Sumatra Bagian Barat,Pertamina mengumumkan daftar Anugerah Jurnalistik Pertamina AJP 2020 untuk wilayah Jawa Bagian Barat JBB Usai melalui proses seleksi ketat ditetapkan sebanyak 24 karya jurnalistik menjadi juara dalam 8 kategori lomba Executive General Manager Pertamina Regional JBB Werry Prayogi mengatakan sejak ajang AJP JBB 2020 diumumkan para jurnalis dari berbagai media mengirimkan karya terbaik mereka Proses seleksi karya disambut antusiasme yang luar biasa oleh insan pers di wilayah kerja Jawa Barat dan Banten AJP JBB 2020 kali ini mengusung tema Ketulusan Untuk melayani Melalui ajang ini PT Pertamina Persero melalui Regional Jawa Bagian Barat memberikan apresiasi terhadap insan pers khususnya di wilayah Jawa Barat dan Banten yang telah berkontribusi terhadap pemberitaan mengenai pelayanan Pertamina untuk masyarakat Terkumpul 318 karya jurnalistik dalam AJP 2020 khusus untuk wilayah Jawa Bagian Barat Semuanya berasal dari media cetak online radio maupun televisi Werry memberikan apresiasinya kepada insan pers yang sudah mengirimkan karya terbaiknya dalam mengikuti AJP 2020 untuk wilayah Jawa Bagian Barat Pencapaian Pertamina hingga saat ini tidak terlepas dari peran dari insan pers yang selalu mendukung dan mengkomunikasikan pelayanan dan kebijakan perusahaan dengan baik kepada masyarakat AJP 2020 ini menjadi bentuk apresiasi Pertamina kepada stakeholders perusahaan yaitu insan pers Selamat kepada para juara kata Werry dalam keterangan tertulis Sabtu 12 12 2020 Ia menyebut akhirnya ditetapkan sebanyak 24 karya jurnalistik menjadi juaranya Para juara berhak menerima hadiah berupa uang tunai Rp 7 juta untuk Juara 1 Rp 5 juta untuk juara 2 dan Rp 3 juta untuk Juara 3 Adapun total hadiah pemenang AJP JBB 2020 mencapai Rp 120 juta Dalam AJP 2020 ini Pertamina melibatkan dewan juri dari berbagai kalangan dan tentunya memiliki kemampuan mumpuni di bidangnya Mereka adalah Mamit Setiawan dari Direktur Eksekutif Energy Watch Endah Saptorini selaku Praktisi Media dan Beawiharta sebagai Visual Storyteller Selamat untuk para pemenang Semoga kita bisa berjaya dalam AJP di tingkat nasional ungkap Mamit Setiawan Sementara itu sebagai Praktisi Media Endah Saptorini memandang apa yang dilakukan Pertamina melalui AJP 2020 ini merupakan satu kesempatan bagi insan pers untuk membuktikan pengalamannya selama ini Sebagai veteran jurnalis saya harap para jurnalis bisa memanfaatkan lomba karya jurnalistik yang diselenggarakan Pertamina ini untuk memberikan karya terbaiknya tambah Endah Pesan lain juga disampaikan oleh Beawiharta Dia memberikan sedikit tips bagi para insan pers yang ingin mengikuti kompetisi karya jurnalistik seperti yang diselenggarakan Pertamina setiap tahun ini Pertama hal yang wajib diperhatikan adalah detail Detail tentang tulisan tanda baca hingga warna gambar yang akan disajikan Kedua kelancaran dalam menulis dan menggambarkan objek menjadi kunci pesan diterima oleh pembaca Lalu yang ketiga jurnalis harus lebih imajinatif Selamat belajar Ingat kita tidak hanya bekerja tetapi kita juga harus mengembangkan diri kita untuk bisa menjadi pribadi yang lebih baik pungkasnya Berikut Daftar Juara AJP 2020 untuk wilayah Jawa Bagian Barat 1 Kategori Hardnews Media CetakJUARA 1Nur Via Pahlawanita PERTASHOP PENUHI KEBUTUHAN ENERGI DESA Radar CirebonJUARA 2Lilis Sri Handayani PETROCHEMICAL COMPLEX DAPAT SERAP RIBUAN TENAGA KERJA RepublikaJUARA 3Epih Pahlapi KETERSEDIAAN ENERGI TANPA HENTI DI TENGAH PANDEMI Kabar Cirebon2 Kategori Feature Media CetakJUARA 1 Jejep Falahul Alam WARGA ANTUSIAS SAMBUT PROGRAM OVOO PERTAMINA Kabar CirebonJUARA 2Iing Casdirin SULAP KAMAR SUPER VIP JADI RUANG ISOLASI Rakyat CirebonJUARA 3Gana Buana MENJAGA ENERGI DI TENGAH PANDEMI Media Indonesia3 Kategori Media OnlineJUARA 1Noer Panji Prayitno CERITA KERJA KERAS DI BALIK NYALA KOMPOR GAS Liputan6 comJUARA 2Abdullah Fikri Ashri ARUNGI ARUS PANDEMI DEMI ANTAR ENERGI Kompas idJUARA 3Zulkarnain Finaldi MYPERTAMINA MY WISHFUL Kabarpriangan com4 Kategori Feature RadioJUARA 1Yulianti PEJUANG TANGGUH DARI LEPAS PANTAI RRI CirebonJUARA 2Nico Aquaresta PERTASHOP MEMBANTU PEREKONOMIAN MASYARAKAT DESA DAYEUHWANGI Radio Elshinta BandungJUARA 3Azi Satriya SEMANGAT PELAYANAN PRIMA SANG OPERATOR SPBU DI MASA PANDEMI COVID 19 RRI Cirebon5 Kategori Feature TVJUARA 1 Muhamad Syahri Romdhon MENGALIRKAN ENERGI DI TENGAH PANDEMI Kompas TVJUARA 2Dian Hardiana MENGANTAR BBM KE KONSUMEN LAYANAN PRIMA DARI PERTAMINA LKBN AntaraJUARA 3Fahrani MEMOMPA MIGAS UNTUK RAKYAT TVRI Jawa Barat6 Kategori Foto EssayJUARA 1Raiza Septianto BELI BBM TAK PERLU KE SPBU Radarbekasi idJUARA 2Adeng Bustomi PROGRAM PEMBERDAYAAN PETANI TENUN SUTRA LKBN AntaraJUARA 3Syamsuddin Syaban Nasoetion PROGRAM MENGAJAR DI SEKOLAH BERKEBUTUHAN KHUSUS Inilah com7 Kategori Publikasi CSRJUARA 1Debbie Sutrisno MEMBANGUN KEMANDIRIAN ANAK BERKEBUTUHAN KHUSUS DI TANAH PASUNDAN IDN TimesJUARA 2Tardiarto MELIHAT GELIAT PELESTARIAN TARI TOPENG SANGGAR MIMI RASINAH DI TENGAH COVID 19 Rakyat CirebonJUARA 3Tois Iskandar MANFAAT LIMBAH SERBUK KAYU BUDIDAYA JAMUR TIRAM RAUP UNTUNG PULUHAN JUTA MNC Group8 Kategori Program KemitraanJUARA 1Nur Via Pahlawanita DARI TANAH ABANG HINGGA KELILING KE LUAR NEGERI Radar CirebonJUARA 2Arif Budianto KAMPOENG RAJOET BINONG JATI MERAJUT MIMPI DI LUBANG ARON Sindonews comJUARA 3Kemal Setia Permana FESYEN KHAS IBUN DARI LAMPEGAN Tribun Jabar,0.8937145161284566,0.6666666666666666,0.0,0.0,0.5,0.0,0.0,1.0,0.0,0.5,0.5,0.0,0.2222222222222222,0.0,1.0,0.0,1.0,1.0,1.0,3.6666666666666665,0.0,3.6666666666666665,1.0,0.0,1.0,0.002967359050445104,0.9,0.02054794520547945,0.8456446749198228
5856,Gowes 24 Jam Berakhir di Solo Komunitas Ini Sukses Promosikan Wisata Pasuruan,Komunitas sepeda Road Cycling Community BRCC sukses menggelar event bersepeda sejauh 500 KM untuk mempromosikan Banyuwangi Mereka akhirnya finish di Solo tepat 24 jam mereka mengayuh sepeda Bersepeda itu dilakukan pada Kamis 24 12 2020 Tepat pukul 00 01 mereka melaju ke arah barat berkarir di Solo Jumat 25 12 2020 Dipimpin Ketua BRCC Guntur Priambodo rombongan bergerak ke arah barat menyusuri jalur pantai utara Mereka melewati Situbondo Probolinggo dan Pasuruan Selanjutnya mereka akan membelah Mojokerto untuk mencapai Jombang Selanjutnya mereka bergerak menuju Ngawi melewati Jawa Tengah dan finis di Solo Target kami antara 500 kilometer hingga 600 kilometer Akan tetapi acuannya kami akan bersepeda selama 24 jam bukan berapa kilometernya Kami akan bersepeda mulai pukul 00 00 hingga pukul 00 00 jelas Guntur kepada detikcom Minggu 27 12 2020 Setelah menempuh waktu 24 jam tim berhasil mencapai kota Solo imbuhnya Guntur mengatakan gowes ini mengemban satu misi yakni mendongkrak pariwisata Banyuwangi yang lesu akibat diterjang pandemi COVID 19 Mereka juga mempromosikan bahwa pariwisata Banyuwangi sangat aman untuk dikunjungi,0.892895032855147,1.0,0.0,0.0,0.5,0.0,0.0,1.0,0.0,0.5,1.0,0.0,0.2222222222222222,1.0,0.0,0.0,1.0,1.0,1.0,4.0,0.0,4.0,1.0,0.0,1.0,0.012345679012345678,0.75,0.07964601769911504,0.6550734734742373
6348,PA 212 Kukuh Gelar Reuni di Senayan dengan Protokol Covid,Ketua Persaudaraan Alumni PA 212 Bernard Abdul Jabbar mengatakan tetap berencana menggelar Reuni 212 dengan mematuhi protokol kesehatan di Monumen Nasional Monas pada 2 Desember mendatang Hal itu merespons Pimpinan Pondok Pesantren Buntet Cirebon Jawa Barat Adib Rofiuddin Izza yang berharap rencana reuni PA 212 ditunda Kita sih insyallah akan reuni tapi dengan menjaga protokol kesehatan ya dan ini insyallah karena momennya 2 Desember Makanya kita tetap tiap tahun menggelar pada 2 Desember kata Bernard kepada CNNIndonesia com Senin 16 11 Bernard menuturkan pihaknya tengah mencari alternatif lain apabila Monas tak diizinkan oleh Pemprov DKI Jakarta digunakan untuk reuni Agenda reuni 212 diketahui selalu rutin digelar di kawasan Monas tiap tahun Ia memperkirakan massa yang hadir pada reuni 212 mendatang tak sebanyak pada tahun tahun sebelumnya agar protokol kesehatan tetap terjaga Makanya kita sekarang masih cari alternatif tempat lain yang insyaallah bisa memungkinkan Kalau misalnya Monas dapat izin ya kita lakukan di Monas Kalau tidak ya kita cari alternatif lain tambah Bernard Kendati demikian Bernard menyayangkan bila pemprov DKI nantinya tak mengizinkan reuni 212 tahun ini Ia membandingkan dengan pelaksanaan Pilkada Serentak 2020 yang akan tetap digelar pada 9 Desember mendatang Kalau reuni 212 enggak boleh ngapa pilkada diizinin Kan ngumpulin orang juga itu Kalau memang enggak diizinin rata dong adil Pilkada juga jangan diizinkan kata Bernard Sebelumnya PA 212 berencana menggelar reuni 212 di Monas seiring kepulangan Imam Besar Front Pembela Islam FPI Rizieq Shihab ke Indonesia Meski Wakil Gubernur DKI Jakarta Ahmad Riza Patria mengatakan hingga saat ini pihaknya belum memberikan izin karena kawasan Monas belum dibuka selama penerapan Pembatasan Sosial Berskala Besar PSBB transisi PSBB transisi masih berlaku sampai 28 November mendatang Penerapan PSBB ini dapat diperpanjang secara otomatis hingga 6 Desember 2020 apabila kasus positif covid 19 masih terus meningkat Sementara Pimpinan Ponpes Buntet Adib Roifuddin Izza menyarankan rencana reuni itu ditunda demi menghindari potensi kerumunan yang akan muncul,0.8921898314744978,0.0,0.0,0.0,0.5,0.0,0.0,1.0,0.0,0.5,0.5,0.0,0.375,1.0,0.0,0.0,0.0,0.0,1.0,1.0,0.0,1.0,0.0,0.0,1.0,0.003424657534246575,0.7,0.03804347826086957,0.5447742807481608
11323,Ketua KPU Minta Tensi Politik di Tasikmalaya Mereda,Menyikapi kekisruhan dalam Pilkada Kabupaten Tasikmalaya Wakil Gubernur Jawa Barat Uu Ruzhanul Ulum meminta semua pihak yang terlibat menurunkan tensi politik Mantan Bupati Tasikmalaya dua periode ini meminta agar politisi yang bertarung dalam kontestasi Pilkada menahan diri sambil menunggu penetapan Komisi Pemilihan Umum Yang namanya seorang masuk wilayah politik dia mengandung konsekuensi karena setiap politik ada konsekuensinya Tidak bisa seseorang masuk politik tidak mau nerima konsekuensi politik Bisa sesuai yang diharapkan atau yang tidak sesuai harapan atau mungkin hal lain harus diterima Politisi ucap Uu dihubungi detik com Kamis 17 12 2020 Politisi harus memiliki kedewasaan dalam berpolitik dan jiwa demokrasi dalam politik Korban perasaan dalam politik saling hargai atau siap beda dalam politik harus jadi kepribadian politisi tambah Uu Menyikapi hasil pilkada yang tidak memuaskan sebagian Calon Bupati Uu sapaan akrabnya meminta calon menempuh jalur hukum melalui Mahkamah Konstitusi Penyampaian pendapat melalui unjuk Rasa Jalanan dikhawatirkan menjadi klaster Covid 19 Kini Jawa Barat Kasus Covid 19 masih tinggi Maka penyampaian sengketa Pilkada baiknya melalui jalur Hukum tanpa melibatkan kerumunan yang berpotensi sebabkan penyebaran Covid 19 ujar Uu Ia berharap para Calon Bupati yang berkontestasi memiliki jiwa legowo siap menang dan siap kalah Itu dibuktikan saat KPU sudah melakukan tahapan dengan benar Oleh karena itu pada siapapun yang masuk ranah politik harus tetap bisa jaga kebersamaan sehingga tidak ada hal yang membuat citra politik di tengah masyarakat jadi buruk Siapapun yang diputuskan kita harus bisa menerima Pungkas Uu,0.890049631167959,1.0,0.0,0.0,0.5,0.0,0.0,1.0,0.0,0.5,1.0,0.0,0.5,0.5,0.0,0.0,0.0,0.0,0.5,1.5,0.0,1.5,0.0,0.0,1.0,0.008620689655172414,0.625,0.03205128205128205,0.6079783135958862
7789,Polda Jabar Tetapkan Tersangka Kasus Kerumunan Habib Rizieq,Polda Jabar meningkatkan status hukum kasus dugaan pelanggaran protokol kesehatan COVID 19 berupa acara Habib Rizieq Syihab yang memicu kerumunan massa ke penyidikan Direktur Reserse Kriminal Umum Polda Jabar Kombes CH Patoppoi mengatakan sejauh ini belum ada penetapan tersangka meski status hukumnya sudah penyidikan Nantinya hal itu akan berproses dalam tahap penyidikan hingga gelar penetapan tersangka Penyidik akan melakukan penyidikan akan memberitahu kejaksaan dan berproses sampai nantinya kegiatan gelar penetapan tersangka ujar Patoppoi di Mapolda Jabar Jalan Soekarno Hatta Kota Bandung Kamis 26 11 2020 Patoppoi mengatakan peningkatan status itu juga berdasarkan fakta dan hasil gelar perkara Selain itu 12 orang sudah dimintai klarifikasi Menurut dia saat acara peletakan batu pertama itu massa yang hadir mencapai 3 000 orang Oleh karena itu dia mengatakan diduga ada unsur pidana yang sesuai dengan Pasal 14 ayat 1 dan 2 Undang undang Nomor 4 Tahun 1984 tentang wabah penyakit menular dan atau Pasal 93 Undang Undang Nomor 6 Tahun 2017 tentang Kekarantinaan Kesehatan dan atau Pasal 216 KUHPidana Berdasarkan fakta tadi dan hasil gelar perkara penyidik telah memutuskan bahwa telah ditemukan dugaan peristiwa pidana bahwa upaya menghalang halangi penanggulangan wabah dan penyelenggara kekarantinaan kesehatan tutur Patoppoi,0.8867957946828747,1.0,0.0,0.0,0.5,0.0,0.5,0.5,0.0,1.0,1.0,0.0,0.5,0.5,0.0,0.0,1.0,-1.0,0.5,2.5,1.0,1.5,1.0,0.0,1.0,0.01092896174863388,0.875,0.05426356589147287,0.7786114010379984
6831,Pandemi di Jabar Manufaktur Terpukul Pertanian Paling Kebal,Gubernur Jawa Barat Jabar Ridwan Kamil RK mengajak generasi muda mengembangkan sektor pertanian dengan pendekatan digital di wilayah pedesaan Jabar Ia mengimbau para anak muda tak kembali ke Jakarta untuk bekerja di tengah pandemi virus corona Covid 19 Kita lagi kampanye sudah lah jangan ngantor cari kerja di Jakarta lagi ngantornya kerja di Jawa Barat saja jauh dari penyakit lahannya indah bisa produktif kata pria yang akrab disapa Emil Jumat 26 6 Emil mengatakan agrikultur merupakan salah satu sektor paling menjanjikan pada era adaptasi kebiasaan baru saat pandemi virus corona masih berlangsung Menurutnya sektor pertanian menjadi bidang yang paling tahan diterpa pandemi Covid 19 Di saat sektor lain seperti jasa dan manufaktur pertumbuhannya turun hingga 4 persen Covid 19 menggerogoti pertumbuhan pertanian hanya 0 9 persen saja atau kurang dari 1 persen ujarnya Menurut Emil sektor pertanian yang dipadukan dengan teknologi melalui program desa digital dapat menjadi masa depan Jabar pascapandemi Ia percaya tinggal di desa tetap mendapat rezeki kota dan bisnis mendunia Itu slogan baru karena desanya sudah desa digital jadi tinggal di desa menjauhi penyakit rezeki kota karena bisa online dan mendunia karena sudah terkoneksi katanya Lebih lanjut mantan wali kota Bandung itu menyebut para generasi muda bisa mulai mengembangkan komoditas Jabar yang tengah naik daun seperti kopi tembakau teh dan karet Menurut hasil penelitian kata Emil tanah Jabar merupakan salah satu tanah tersubur di dunia Selain itu Emil mengungkapkan bahwa Menteri BUMN Erick Thohir akan menggabungkan dua aset tanah terbesar di Jabar yakni PT Perkebunan Nusantara dan Perhutani Dengan demikian generasi milenial memiliki kesempatan yang lebih luas untuk mulai mengolah lahan Hasil penelitian tanah Jawa Barat salah satu yang tersubur di dunia sehingga menanam apa saja insyaallah berbuah dengan hasil yang maksimal ujarnya Sampai kemarin Kamis 25 6 berdasarkan data Gugus Tugas Covid 19 secara kumulatif kasus positif virus corona di Jabar sebanyak 2 977 orang Jabar masih jauh berada di bawah Jakarta yang memiliki 10 600 kasus positif Covid 19,0.885614293428459,0.5,0.0,0.0,0.5,0.0,0.0,1.0,0.0,0.5,1.0,0.0,0.5,0.5,0.0,0.0,0.0,0.0,0.5,1.0,0.0,1.0,0.0,0.0,1.0,0.003289473684210526,0.75,0.030456852791878174,0.6277675397191932
13279,KPU Minta Yuri Tetap Pakai Tinta Celup Tak Tularkan Corona,Direktur Jenderal Pencegahan dan Pengendalian Penyakit Kementerian Kesehatan Achmad Yurianto mengkritik langkah Komisi Pemilihan Umum KPU yang mengganti tinta celup dengan tinta oles dalam Pilkada serentak 2020 Tinta biasa digunakan petugas TPS untuk menandakan warga telah menggunakan hak pilihnya dalam pemilihan Dari sekian kali penyelenggaraan warga menyelupkan jari tangannya ke dalam wadah yang berisi tinta Awalnya Yurianto mengikuti simulasi Pilkada serentak 2020 di Kantor KPU Rabu 22 7 Ia mengecek protokol kesehatan pencegahan virus corona Covid 19 yang diterapkan dalam pesta demokrasi kali ini Yurianto ditemani Juru Bicara Satuan Tugas Penanganan Covid 19 Wiku Adisasmito Mereka pun mengikuti alur dalam pemilihan hingga keluar TPS Di pengujung simulasi Yurianto menilai KPU salah kaprah dalam mengganti tinta celup dengan tinta yang dioleskan oleh petugas di TPS Virus itu hanya masuk lewat saluran pernapasan tidak masuk lewat jari kata Yurianto kepada dua Komisioner KPU RI Ilham Saputra dan I Dewa Raka Sandi Menanggapi Yurianto Dewa mengatakan pihaknya sengaja mengganti pemberian tanda menggunakan tinta yang dioleskan di tengah pandemi virus corona Ia mengaku pihaknya ingin menghindari potensi penularan yang mungkin terjadi saat pemilih menggunakan tinta celup yang sama Takutnya juga orang jadi tidak mau mencelupkan jarinya kata Dewa Namun Yurianto menyatakan langkah mengganti tinta celup dengan tinta yang dioles lebih rentan terjadi penularan virus corona Menurutnya jumlah petugas di dalam TPS akan bertambah karena harus mengoleskan tinta Mantan juru bicara pemerintah untuk penanganan Covid 19 itu menyarankan KPU agar kembali menggunakan tinta celup Di saat yang sama KPU diminta menggencarkan sosialisasi bahwa hal itu tak akan jadi media penularan virus Mungkin disiapkan saja kayak yang model lama yang dicelupkan tapi dari awal sudah kita sampaikan bahwa tidak akan menular melalui tinta ujarnya Hari ini KPU RI menggelar simulasi Pilkada Serentak 2020 dengan menerapkan protokol kesehatan pencegahan Covid 19 Simulasi dilakukan dengan 500 peserta yang berasal dari pegawai KPU pemantau pemilu media massa dan perwakilan pemerintah Pilkada serentak 2020 akan digelar 9 Desember mendatang Pemilihan ini akan jadi pilkada terbesar sepanjang sejarah pemilu Indonesia karena menyerentakkan 270 daerah,0.8845527953503108,0.5,0.0,0.0,0.5,0.0,0.0,1.0,0.0,0.5,0.5,0.0,0.5,0.5,0.0,0.0,0.0,0.0,0.5,1.0,0.0,1.0,0.0,0.0,0.0,0.0033112582781456954,0.5,0.026455026455026454,0.47519176482474723
10775,Update COVID 19 Jabar 718 Kasus Baru Sembuh 358,Kasus terkonfirmasi positif COVID 19 di Jawa Timur bertambah 718 kasus baru Sehingga total ada 66 817 kasus kumulatif Pasien sembuh bertambah 358 Data yang diterima detikcom dari Satgas COVID 19 Jatim tambahan 718 kasus baru yakni 119 dari Jember 55 dari Kab Kediri 49 dari Banyuwangi 43 dari Kota Surabaya 38 dari Tuban 35 dari Situbondo 34 dari Kota Probolinggo 29 dari Ponorogo 26 dari Trenggalek 22 dari Kota Malang 19 dari Lumajang 19 dari Kab Probolinggo 17 dari Jombang 16 dari Bondowoso 15 Dari Sumenep 15 dari Pamekasan 14 Kab Tulungagung 14 Kab Blitar 13 dari Sidoarjo 10 dari Kota Blitar 10 dari Lamongan 10 dari Kab Malang 10 dari Gresik 10 dari Nganjuk 10 dari Bangkalan 9 dari Kab Pasuruan 9 dari Bojonegoro 9 dari Magetan 8 dari Kota Pasuruan 7 dari Kab Mojokerto 6 dari Kota Mojokerto 5 dari Kota Kediri 4 dari Ngawi 3 dari Kota Madiun 3 dari Sampang 1 dari Kab Madiun 1 dari Pacitan 1 dari Kota Batu Total kasus kumulatif terkonfirmasi positif COVID 19 di Jatim berjumlah 66 817 kasus 4 015 kasus di antaranya masih aktif dalam masa perawatan Pasien sembuh dari COVID 19 di Jatim bertambah 358 Yakni 46 dari Banyuwangi 39 dari Kota Surabaya 35 dari Jember 23 dari Kab Kediri 23 dari Lumajang 21 dari Sumenep 16 dari Kota Mojokerto 15 dari Jombang 14 dari Kab Probolinggo 13 dari Kab Blitar 12 dari Sidoarjo 11 dari Kab Malang 11 dari Gresik 10 dari Kota Batu 7 dari Tulungagung 7 dari Kab Mojokerto 6 dari Bojonegoro 6 dari Bondowoso 6 dari Trenggalek 5 dari Nganjuk 5 dari Kota Probolinggo 4 dari Kota Blitar 4 dari Pamekasan 3 dari Lamongan 3 dari Magetan 3 dari Sampang 2 dari Kab Pasuruan 2 dari Pacitan 2 dari Kota Kediri 2 dari Situbondo 1 dari Kab Madiun 1 dari Kota Pasuruan Tambahan 38 pasien meninggal 5 dari Kab Kediri 2 dari Kota Blitar 1 dari Kab Madiun 4 dari Banyuwangi 1 dari Jember 1 dari Lamongan 1 dari Bojonegoro 1 dari Tulungagung 2 dari Kota Surabaya 3 dari Situbondo 1 dari Lumajang 3 dari Jombang 1 dari Bondowoso 1 dari Kota Madiun 1 dari Trenggalek 2 dari Tuban 1 dari Kab Blitar 2 dari Kab Probolinggo 1 dari Kota Pasuruan 2 dari Nganjuk 1 dari Sidoarjo 1 dari Kota Probolinggo Total pasien meninggal dunia di Jatim akibat COVID 19 berjumlah 4 705 kasus atau 7 04 persen dari total kasus kumulatif,0.8837891447421318,0.5,0.0,0.0,0.5,0.0,0.0,0.0,0.0,0.5,0.0,1.0,0.37896825396825395,0.3333333333333333,0.6666666666666666,0.0,1.0,1.0,1.0,3.5,0.0,3.5,1.0,0.0,0.0,0.012605042016806723,0.7777777777777778,0.06481481481481481,0.7116468775609559
1258,Demam dan Batuk Istrinya Positif Covid 19 Ketua PN Medan Juga Terinfeksi,Mengalami demam dan batuk Ketua Pengadilan Negeri Medan Sumatera Utara Sutio Jumagi rupanya dinyatakan positif Covid 19 Tak hanya Sutio istrinya pun terinfeksi corona berdasarkan hasil tes swab Sutio mengeluh demam dan batuk Ia kemudian berobat ke Rumah Sakit Sufina Aziz Sutio sempat menjalani rapid test Saat itu hasilnya non reaktif Namun lantaran kondisinya belum membaik Sutio menjalani opname selama empat hari Ketika opname Sutio dan istrinya pun mengikuti pemeriksaan swab,0.88275354826754,1.0,0.0,0.0,0.5,0.0,0.0,1.0,1.0,1.0,1.0,0.0,0.25,1.0,0.0,0.0,1.0,-1.0,1.0,3.0,1.0,2.0,1.0,0.0,1.0,0.05405405405405406,0.8333333333333334,0.17543859649122806,0.8206592041406536
2131,Viral Bule Ajak WNA Pindah ke Bali di Masa Pandemi Imigrasi Saat Ini Bisa,Viral warga negara asing WNA bernama Kristen Gray mengajak WNA lain tinggal di Bali Kadiv Imigrasi Kantor Wilayah Kemenkum HAM Bali Eko Budianto menegaskan Indonesia saat ini masih menutup pintu untuk WNA Bisa bohong atau bisa nanti maunya dia setelah dibuka terus diproses gitu Tapi untuk saat ini nggak bisa untuk saat ini saya bisa sampaikan itu nggak bisa saya pastikan itu nggak bisa kata Eko kepada wartawan Senin 18 1 2021 Eko mengatakan hingga saat ini WNA masih dilarang memasuki wilayah Indonesia Kecuali WNA yang memiliki kepentingan dalam urusan diplomatik Untuk saat ini sesuai dengan surat edaran Satgas COVID 19 nggak ada Kecuali konsulat diplomatik sama dinas tambahnya Sebelumnya viral WNA bernama Kristen Gray mengajak WNA tinggal di Bali Dalam cuitannya di akun Twitter kristentootie atau Kristen Gray dia mengajak orang asing pindah ke Bali saat pandemi virus Corona Tagar Bali pun menjadi trending pada Minggu 17 1 2021 petang Itu setelah akun Twitter Gray yang mengaku sebagai perempuan asal Amerika Serikat keturunan Afrika dan telah tinggal di Bali selama satu tahun terakhir berkicau soal enaknya tinggal di Bali Dalam cuitan itu dia mengisahkan pengalamannya menuju Bali setelah kehilangan pekerjaan pada 2019 bersama pacarnya yang juga perempuan Awalnya mereka mencoba tinggal selama enam bulan di Bali dan menghasilkan uang sebagai desain grafis Tapi kemudian wabah virus Corona membuat mereka tertahan di Bali Pihak Imigrasi sebelumnya mengatakan telah menurunkan tim mengecek dokumen Imigrasi juga mengecek tempat tinggal WNA tersebut Terkait dengan berita viral terhadap orang asing Kristen Gray yang ada di beberapa di media sosial termasuk Twitter emang sejauh ini kami sudah menurunkan tim beberapa tim yang satu tim dari kantor wilayah kemudian juga dari Kantor Imigrasi Ngurah Rai kata Kepala Divisi Keimigrasian Kantor Wilayah Kemenkum HAM Bali Eko Budianto kepada wartawan Senin 18 1 2021,0.8808557262709621,1.0,0.0,0.0,0.5,0.0,0.0,1.0,0.0,0.5,1.0,0.0,0.5,0.5,0.0,0.0,0.0,0.0,0.5,1.5,0.0,1.5,0.0,0.0,1.0,0.011494252873563218,0.7857142857142857,0.06918238993710692,0.6659145884438858
4691,Anies Monitor Jenazah Pasien COVID di ICU RSUD Cengkareng Ini Fiksi,Gubernur DKI Jakarta Anies Baswedan memonitori jenazah salah satu pasien COVID 19 di ruang ICU RSUD Cengkareng Anies menyaksikan jasad tersebut ditutup kain putih dari sebuah layar monitor di ruang kontrol rumah sakit Siang itu menjelang pukul 14 di RSUD Cengkareng berdiri di depan layar tv di ruang kontrol yang memonitor setiap pasien ICU kami menyaksikan dari dekat tulis Anies Baswedan di akun Facebooknya Minggu 24 1 2021 Kemudian Anies Baswedan menemui keluarga pasien yang baru saja menghembuskan nafas terakhirnya itu Anies menyebut keluarga pasien berduka teramat dalam Sesuatu yang tak pernah mereka bayangkan akan terjadi secepat itu Kebersamaan dan gelak tawa berpuluh tahun keluarga itu kini tersimpan menjadi kenangan tulis Anies Baswedan Menjelang Magrib jenazah itu tiba di pemakaman dan dikuburkan Anies Baswedan tidak memberikan keterangan di mana jenazah itu dimakamkan Anies mewanti wanti akan bahaya COVID 19 Peristiwa serupa bisa terjadi kepada siapa saja Ini bukan fiksi dan bukan sekadar angka statistik Ini akhir dari sebuah perjalanan anak manusia yang diterpa wabah bermula dari tertular COVID 19 dan berujung pada kematian jelas Anies Menurut Anies penularan paling rentan adalah klaster keluarga Bila 1 anggota keluarga terpapar maka anggota keluarga lainnya berisiko tinggi terinfeksi Fakta saat ini paling banyak yang terpapar adalah usia muda tapi paling banyak meninggal adalah usia tua Janganlah jadi penular Ikut lah mencegah penularan imbau Anies Anies mengimbau warganya untuk mengurangi kegiatan di luar rumah Selain itu ia meminta warga untuk mentaati protokol kesehatan Pakai masker itu tidak nyaman tapi ingatlah terkena COVID 19 itu jauh lebih tidak nyaman terang Anies Sekali lagi virus itu bukan fiksi Ini semua adalah nyata Lindungi diri lindungi keluarga lindungi semua tutupnya Pasien itu baru saja ditutup kain putih Ikhtiar manusia berhenti di situ Ini bukan fiksi dan bukan sekadar angka statistik Ini akhir dari sebuah perjalanan anak manusia yang diterpa wabah bermula dari tertular COVID 19 dan berujung pada kematian https t co LIj7jlrhbg pic twitter com z4NJGU3qSw,0.8794730150025093,1.0,0.0,0.0,0.5,0.0,0.0,1.0,0.0,0.5,0.5,0.0,0.5,0.5,0.0,0.0,1.0,-1.0,0.5,2.5,1.0,1.5,1.0,0.0,1.0,0.010830324909747292,1.0,0.059782608695652176,1.0
14276,Operasi Yustisi PSBB DKI Gandeng 351 Komunitas Termasuk Ojol,Aparat gabungan memberikan sanksi terhadap 82 114 pelanggar protokol kesehatan sejak pengetatan Pembatasan Sosial Berskala Besar PSBB di Jakarta Sanksi tersebut merupakan hasil penindakan dalam Operasi Yustisi yang digelar sejak Senin 14 9 hingga Kamis 24 9 kemarin Total sanksi ada 82 114 orang kata Kabid Humas Polda Metro Jaya Kombes Yusri Yunus di Polda Metro Jaya Jumat 25 9 Rinciannya sebanyak 37 660 diberikan teguran tertulis teguran lisan sebanyak 5 284 sanksi sosial sebanyak 36 638 dan denda administrasi sebanyak 2 664 orang Disampaikan Yusri sejauh ini sudah terkumpul denda sebesar Rp233 juta yang diserahkan ke Pemprov DKI Selain itu aparat gabungan juga menyegel 20 perkantoran yang kedapatan melanggar aturan protokol kesehatan dan ratusan tempat makan Tempat tempat makan atau minum restoran itu ada 211 karena tempat makan atau restoran ini ternyata masih ada beberapa yang memaksakan diri menerima kunjungan ujarnya Yusri pun berharap agar masyarakat turut serta memantau penerapan protokol kesehatan di masa PSBB yang diperketat ini Masyarakat yang melihat ada pelanggaran protokol kesehatan bisa langsung melaporkannya lewat hotline yang telah disediakan Silakan dilaporkan di akun medsos baik di Humas PMJ maupun TMC Polda atau di 13 Polres masing masing dan juga 99 Polsek Facebook dan Twitter tutur Yusri Ada masyarakat mengadu akan kita respons quick response atau kecepatan kita merespons dari petugas timsus mobile secepat mungkin bergerak ke sana imbuhnya Operasi Yustisi dilakukan di seluruh wilayah Jakarta sejak Senin 14 9 berbarengan dengan penerapan PSBB yang diperketat Operasi ini melibatkan personel gabungan dari Polda Metro Jaya Kodam Jaya Dinas Perhubungan Satpol PP Kejati hingga Pengadilan Tinggi Selain itu operasi ini juga melibatkan 351 komunitas termasuk di antaranya adalah 80 komunitas ojek online Sementara itu Kepala Satpol PP DKI Jakarta Arifin mengatakan pihaknya telah menindak 16 671 warga yang melanggar aturan penggunaan masker sejak pengetatan PSBB 14 September lalu Untuk masker kalau dihitung sejak 14 September sudah ada 16 671 orang yang melanggar kata Arifin saat dihubungi Jumat 25 9 Para pelanggar diberikan sanksi berupa kerja sosial maupun denda Dari jumlah sanksi denda Satpol PP mengantongi hingga Rp196 juta Kendati begitu menurut Arifin para pelanggar penggunaan masker ini masih belum ada yang dikenakan sanksi denda progresif Artinya para pelanggar merupakan orang yang baru pertama kali ditindak oleh Satpol PP Khusus masker belum ada pemberian sanksi progresif Kalau rumah makan ada satu atau dua jelasnya Lebih lanjut menurut Arifin sejak awal pengetatan PSBB Satpol PP sudah menutup sebanyak 189 rumah makan Rumah makan tersebut ditutup selama 3 hari setelah kedapatan melayani makan di tempat selama PSBB,0.8778415961876096,1.0,0.0,0.0,0.5,0.0,0.3333333333333333,0.6666666666666666,0.0,0.5,1.0,0.0,0.2,1.0,0.0,0.0,1.0,1.0,1.0,4.0,0.0,4.0,1.0,0.0,1.0,0.007894736842105263,0.7777777777777778,0.030303030303030304,0.6547515953119974
5533,2 812 Pelaku Kejahatan Ditangkap di 2020 Kapolda Jatim Naik dari 2019,Kasus kejahatan di tengah pandemi COVID 19 masih bergeliat Bahkan tahun ini sebanyak 2 812 orang pelaku kejahatan di Jawa Barat ditangkap Jumlah tersangka tahun 2020 sebanyak 2 812 orang Dibandingkan tahun 2019 sebanyak 2 774 orang naik 1 36 persen atau 38 orang ujar Kapolda Jawa Barat Irjen Ahmad Dofiri di Mapolda Jabar Jalan Soekarno Hatta Kota Bandung Selasa 29 12 2020 Jumlah tersangka tersebut terdiri dari kasus kejahatan konvensional Curas Curat Curanmor kejahatan transnasional hingga kejahatan narkoba Untuk kejahatan konvensional ada 14 369 perkara selama 2020 Kemudian kejahatan transnasional tahun 2020 sebanyak 52 perkara Kemudian kejahatan narkoba tahun 2020 sebanyak 2 299 perkara katanya Selain tiga kejahatan itu Polda Jabar juga menindak kejahatan di perairan yang dilakukan oleh Direktorat Polisi Air dan Udara Ditpolairud Kasus pidana perairan di tahun 2020 sebanyak 12 perkara Sedangkan kasus kecelakaan laut di perairan sepanjang 2020 sebanyak 140 kasus ucapnya,0.8775323865923774,0.5,0.0,0.0,0.5,0.0,0.0,1.0,0.0,0.0,0.0,1.0,0.2833333333333334,0.3333333333333333,0.6666666666666666,0.0,1.0,1.0,1.0,3.5,0.0,3.5,1.0,0.0,0.0,0.015037593984962405,0.9166666666666666,0.12222222222222222,0.9186600978577436
6784,5 Pekan Karawang Zona Merah Kenapa Dapat Vaksin COVID 19,Kabupaten Karawang tak masuk ke dalam tujuh daerah yang pertama kali mendapatkan vaksinasi COVID 19 di Jawa Barat Jabar pada Kamis 14 1 2021 Padahal Karawang masuk ke dalam daerah dengan tingkat kerawanan COVID 19 yang tinggi atau zona merah Gubernur Jawa Barat Ridwan Kamil mengatakan pemilihan daerah yang pertama kali mendapatkan vaksin ditetapkan oleh pemerintah pusat Seperti diketahui tujuh daerah yang mendapatkan vaksin pertama kali di Jabar ialah Kota Bekasi Kota Depok Kota Bogor Kota Bandung Kabupaten Bandung Kabupaten Bandung Barat dan Kota Cimahi Karena pemilihan tujuh daerahnya ada di kewenangan pusat Ini yang saya sampaikan juga Karawang sudah lima minggu kenapa enggak diprioritaskan Jadi saya mohon maaf karena kewenangan menunjuk tujuh daerahnya ternyata belum diserahkan ke provinsi Saya akan memberi argumentasi agar manajemen distribusi kami provinsi yang atur mana zona merah dan apanya kata Ridwan Kamil di Gedung Pakuan Kota Bandung Rabu 13 1 2021 Sementara itu ujar pria yang akrab disapa Kang Emil itu Kota Bekasi baru akan memulai vaksinasi pada Jumat 15 1 Sebab Rabu 14 1 2021 besok dijadwalkan pemeriksaan bagi kepala daerah calon penerima vaksin COVID 19 Khusus untuk Bekasi karena besok baru dimulai pemeriksaan kesehatan untuk kepala daerahnya sehingga Bekasi disarankan di hari Jumat Jadi ada enam daerah yang bergabung besok dengan provinsi dan Kota Bekasi di hari Jumat katanya Sebelumnya Kang Emil juga mengusulkan kepada pemerintah pusat agar manajemen vaksinasi diserahkan 100 persen ke daerah Selain daerah lebih mengetahui situasi di lapangan juga bisa langsung melakukan tindakan terukur bila terdapat kekurangan dalam pelaksanaannya Kami juga mengusulkan ke pemerintah pusat agar manajemen vaksin ini 100 persen diserahkan ke daerah Selama ini siapa yang dipanggil lewat SMS by name by address tidak kami ketahui sehingga kalau ada tidak datang atau apa kami tidak bisa mengontak melakukan tindakan terukur Ini akan saya sampaikan mudah mudahan didengar ujar Kang Emil,0.8766073570822706,1.0,0.0,0.0,0.5,0.0,0.0,0.0,0.0,0.5,1.0,0.0,0.18253968253968253,0.5,0.0,0.0,0.0,0.0,0.6,1.6,0.4,1.2000000000000002,0.0,1.0,1.0,0.011235955056179775,0.7,0.04516129032258064,0.7186195470974597
13809,Jerman Gunakan Obat Berbasis Antibodi di Tengah Kekurangan Vaksin COVID 19,Raksasa farmasi AstraZeneca telah menepis laporan media Jerman yang melaporkan bahwa vaksin COVID 19 produksi mereka bersama Universitas Oxford sebagian besar tidak efektif kepada orang yang berusia di atas 65 tahun Laporan bahwa kemanjuran vaksin AstraZeneca Oxford serendah 8 pada orang dewasa di atas 65 tahun sepenuhnya tidak benar kata juru bicara AstraZeneca kepada DW dalam pernyataan tertulisnya Perusahaan tersebut mengatakan bahwa Komite Bersama Vaksinasi dan Imunisasi Inggris JCVI dan Badan Pengatur Produk Kesehatan dan Obat obatan Inggris MHRA mendukung penggunaan vaksin buatan mereka pada kelompok usia tertentu Pada November kami menerbitkan data di The Lancet yang menunjukkan bahwa lansia menunjukkan respons kekebalan yang kuat terhadap vaksin dengan 100 orang lansia menghasilkan spike khusus antibodi setelah dosis kedua kata juru bicara AstraZeneca Tanggapan perusahaan ini menyusul laporan dua surat kabar harian Jerman Handelsblatt dan Bild Keduanya mengutip pernyataan pejabat pemerintah Jerman yang tidak disebutkan namanya yang mengatakan bahwa vaksin AstraZeneca memiliki tingkat kemanjuran yang rendah bagi orang orang yang berusia di atas 65 tahun Bild menyebutkan angkanya kurang dari 10 sementara Handelsblatt menyebut 8 Lebih lanjut pejabat tersebut berharap vaksin itu tidak mendapat persetujuan untuk digunakan kepada kelompok usia di atas 65 tahun oleh regulator Badan Obat Eropa sebagai hasilnya Bild dan Handelsblatt mengatakan bahwa pemerintah Jerman pada awalnya berencana menggunakan vaksin AstraZeneca untuk orang orang yang tidak dapat datang ke pusat vaksinasi karena vaksin tersebut relatif lebih mudah untuk didistribusikan dan disimpan Tidak seperti vaksin berbasis mRNA seperti yang dibuat oleh BioNTech Pfizer dan Moderna vaksin AstraZeneca tidak perlu disimpan pada suhu minus 70 derajat Celcius Laporan tersebut muncul pada saat AstraZeneca tengah dikecam karena menunda pengiriman vaksin COVID 19 ke Uni Eropa Pembicaraan dengan UE pada hari Senin 25 01 belum membuahkan hasil yang baik dan akan dilanjutkan dengan diskusi lebih lanjut yang dijadwalkan berlangsung dalam pekan ini Stella Kyriakides Komisaris Eropa untuk Kesehatan dan Keamanan Pangan mengatakan pada Selasa 26 01 bahwa pengembang vaksin harus menjunjung tinggi tanggung jawab sosial dan kontrak dalam hal pengiriman vaksin AstraZeneca meminta persetujuan peraturan Badan Pengawas Obat Eropa EMA untuk vaksinnya bulan lalu Seorang juru bicara Kementerian Kesehatan Jerman mengatakan pada hari Senin 25 01 bahwa dia mengharapkan keputusan dari EMA pada akhir minggu ini Menurut jurnal medis Lancet AstraZeneca yang bekerja sama dengan Universitas Oxford untuk mengembangkan vaksinnya diklaim mempunyai tingkat efektivitas rata rata 70 rap pkp Reuters,0.8765057084271569,1.0,0.0,0.0,0.5,0.0,0.0,1.0,0.0,0.5,1.0,0.0,0.2222222222222222,1.0,0.0,0.0,1.0,1.0,1.0,4.0,0.0,4.0,1.0,1.0,1.0,0.0056657223796034,0.8181818181818182,0.041474654377880185,0.6916493791997932
6136,Pendapat Ahli soal CDC Sebut OTG Perlu Tes Covid 19,Ahli Epidemiolog dan Kesehatan Masyarakat dari Universitas Indonesia Pandu Riono menilai setiap orang yang pernah kontak dekat dengan pasien positif virus corona idealnya menjalani tes Sekalipun orang tersebut tanpa gejala Covid 19 asimptomatik ataupun belum menunjukkan gejala presimtomatik Pendapat Pandu merespons pembaruan panduan tes Covid 19 dari Pusat Pengendalian dan Pencegahan Penyakit CDC Amerika Serikat yang merekomendasikan orang tanpa gejala tak perlu tes sekalipun sudah kontak dekat dengan mereka yang positif Covid 19 Saya nggak tahu kalau CDC kan itu sangat dipengaruhi kebijakan Trump ya Jadi kadang kadang seringkali Trump kan tidak suka testing Jadi mengurangi keharusan testing kata Pandu menduga Padahal kan ini risiko tinggi kalau sudah kontak dengan orang yang positif Covid 19 sambung dia lagi ketika dihubungi CNNIndonesia com melalui sambungan telepon Pandu mengakui memang tak semua orang atau seluruh orang serta merta harus melakukan tes Covid 19 Tetap terdapat kriteria salah satunya menurut dia ketika orang itu tergolong berisiko Dan kontak dekat dengan orang yang positif virus corona atau kontak selama setidaknya 15 menit menjadikan seseorang masuk dalam kategori rentan dan sebaiknya menjalani tes Karena virus corona ini kan penularannya rawan mudah menular begitu Apalagi kalau dibilang oh dia kontak 15 menit di mana di dalam ruang Ya sudah tes Seperti di Korea Selatan itu jadi banyak yang ketahuan tutur Pandu Kendati mengakui kemampuan tes Covid 19 di Indonesia masih terbatas namun ia menyarankan selagi dimungkinkan maka orang yang paling berisiko tetap wajib menjalani tes Kalau memungkinkan tes kata dia Kita merujuknya pada logika Logika kita kan ingin memutus rantai penularan Kalau di DKI di mana testing nya kapasitasnya bagus ya testing saja Atau kalau testing nya terbatas diisolasi langsung ucap Pandu lagi Namun begitu Pandu percaya sebentar lagi keterbatasan kapasitas pengujian atau tes Covid 19 ini bisa diatasi ketika sudah ada tes antigen Ia menjelaskan tes antigen memang tak lebih akurat dibanding tes PCR Tapi tak seperti tes antibodi tes antigen ini bisa mendeteksi virus Nah sebentar lagi ini katanya sudah diproduksi tes antigen di Indonesia kerja sama dengan Korea di Bandung Ini jauh lebih cepat dan lebih murah walaupun less acurat akurasinya nggak sama dengan dari PCR tapi lebih cepat dan mendeteksi virus bukan antibodi terang dia Sebelumnya CDC mengubah pedoman dengan tak lagi merekomendasikan setiap orang untuk menjalani tes Covid 19 Orang yang sudah kontak dekat dengan pasien positif virus corona namun tanpa gejala atau tak menunjukkan gejala maka tak direkomendasikan melakukan tes Kecuali orang tersebut termasuk kelompok rentan di tengah populasi yang berisiko atau mendapat rekomendasi petugas pelayanan kesehatan Jika Anda telah melakukan kontak dekat berjarak 6 kaki dengan orang yang terinfeksi Covid 19 setidaknya selama 15 menit tapi kemudian Anda tak bergejala maka Anda tak perlu melakukan tes kecuali Anda adalah individu yang rentan atau pelayanan kesehatan setempat merekomendasikan Anda untuk melakukan tes terang CDC yang dipublikasikan di laman resmi pada 24 Agustus 2020,0.8761879622697619,0.5,0.0,0.0,0.5,0.0,0.0,1.0,0.0,0.5,0.5,0.0,0.2857142857142857,1.0,0.0,0.0,1.0,1.0,1.0,3.5,0.0,3.5,1.0,1.0,1.0,0.007352941176470588,0.7,0.030973451327433628,0.6361199896450392
6960,Jadi Orang Pertama yang Divaksin di Jateng Ganjar Kayak Dicokot Semut,Gubernur Jawa Tengah Ganjar Pranowo menyebut penyuntikan vaksin virus Corona atau COVID 19 diutamakan kepada para tenaga kesehatan nakes terlebih dahulu Sementara itu rumah sakit di Jateng belum ada yang membuka pre order vaksin Corona Katanya untuk fasilitasnya diberikan pada nakes dulu Kita ikut sajalah apa yang ada mana yang paling membutuhkan dari vaksin itu kata Ganjar usai rapat evaluasi Pilkada di kantornya Kota Semarang Senin 14 12 2020 Hal itu menjawab pertanyaan apakah Ganjar akan menjadi salah satu orang pertama yang akan diberi vaksin Corona Ganjar menyebutkan saat ini pihaknya masih dalam tahap menyiapkan tata cara bagi rumah sakit untuk pendistribusian vaksin Corona Ia menegaskan belum ada rumah sakit di Jateng yang membuka pre order vaksin Corona Kita nanti akan siapkan tata caranya Belum belum ada pre order vaksin Belum pasti wong tadi masih ada angka angka yang baru masuk prioritas prioritasnya kita dari daerah ngikut aja jelas Ganjar Saat ini lanjutnya vaksin Corona tersebut memang belum beredar sehingga dia mengingatkan agar masyarakat tetap taat protokol kesehatan Ganjar mengaku pihaknya saat ini fokus menyiapkan langkah antisipasi aktivitas masyarakat yang berpotensi mengundang kerumunan seperti perayaan tahun baru Tadi kesepakatan yang diambil dengan Kemenkomarinves Kemenko Kemaritiman dan Investasi adalah ayo di akhir tahun tidak ada rame rame Sepakat tadi hampir di Jawa Bali sepakat semuanya Terus kemudian yang mau bepergian itu harus tes antigen jadi rapid nya mesti antigen bentuknya kayak swab gitu kalau tidak lebih baik tidak bepergian dulu agar kita sama sama bisa saling menjaga ujar Ganjar Diberitakan sebelumnya sejumlah rumah sakit mulai membuka PO atau pre order vaksin COVID 19 Salah satunya Rumah Sakit UII Universitas Islam Indonesia di Kabupaten Bantul DIY Direktur Utama Rumah Sakit UII Widodo Wirawan menyebut antusiasme warga untuk melakukan pre order vaksin COVID 19 cukup tinggi terbukti dengan sudah adanya peminat Meski demikian pre order vaksin COVID 19 di rumah sakit mengundang rasa penasaran Selain karena harga vaksin mandiri belum ditentukan status vaksin COVID 19 yang ada saat ini masih menunggu EUA Emergency Use Authorization alias belum bisa digunakan Selanjutnya penjelasan juru bicara vaksin Corona Prof Wiku Adisasmito,0.8739492343727157,1.0,0.0,0.0,0.5,0.0,0.0,1.0,0.0,0.5,1.0,0.0,0.5,0.5,0.0,0.0,1.0,1.0,0.5,3.5,0.0,3.5,1.0,0.0,1.0,0.009615384615384616,0.7272727272727273,0.03773584905660377,0.5202556936126014
7006,Safari Kapolda Metro Fadil Imran dari Pangdam ke Basuki Tjahaja Purnama,Setelah dilantik sebagai Kapolda Metro Jaya Irjen Fadil Imran langsung tancap gas Mengawali masa jabatannya sebagai orang nomor 1 di Polda Metro Jaya ia melakukan safari dengan mengunjungi Pangdam Jaya Mayjen TNI Dudung Abdurachman hingga Gubernur DKI Jakarta Anies Baswedan Tiga hari pasca dilantik sebagai Kapolda Metro Jaya tepatnya Senin 23 11 kemarin Irjen Fadil Imran bertandang ke Markas Kodam Jaya Mantan Kapolda Jawa Timur ini bersilaturahmi dengan Pangdam Jaya Mayjen TNI Dudung Abdurachman Dalam sambutannya Fadil berbicara mengenai tantangan TNI Polri ke depan yang tidak ringan untuk dihadapi Kedatangan saya ke sini yang pertama memperkenalkan diri sebagai pejabat Kapolda yang baru yang kedua Kodam Jaya dan Polda Metro Jaya dalam pelaksanaan tugas ke depan menghadapi tantangan yang tidak ringan kata Fadil kepada wartawan di Markas Kodam Jaya Jalan Mayjen Sutoyo Cililitan Jakarta Timur Senin 23 11 2020 Seusai berkunjung ke Pangdam Jaya Fadil Imran menemui Gubernur DKI Jakarta Aniews Baswedan di Balai Kota DKI Jakarta Jl Medan Merdeka Selatan Jakarta Pusat Kedatangannya disambut hangat oleh Anies Baswedan Irjen Fadil Imran mengatakan kunjungannya ke Balai Kota untuk bersilaturahmi memperkenalkan dirinya sebagai Kapolda Metro Jaya yang baru sekaligus membahas masalah situasi kamtibmas di wilayah DKI Jakarta Hari ini saya bersilaturahim ke Pak Gubernur DKI sebagai pejabat Kapolda Metro Jaya yang baru saya memperkenalkan diri kata Fadil Imran kepada wartawan di Balai Kota DKI Jakarta Jl Medan Merdeka Selatan Jakarta Pusat Senin 23 11 2020 Apa saja yang dibahas antara Kapolda Metro Jaya dengan Anies Apa pula bahasannya dengan Mayjen TNI Dudung Abdurachma Simak di halaman selanjutnya Selanjutnya Halaman 1 2 3 kapolda metro jaya kapolda metro jaya irjen fadil imran anies baswedan mayjen tni dudung abdurachman round up,0.8734001718861181,0.8,0.0,0.0,0.5,0.0,0.0,1.0,0.0,0.5,1.0,0.0,0.5,0.5,0.0,0.0,0.0,0.0,0.5,1.3,0.0,1.3,0.0,0.0,1.0,0.009615384615384616,0.6363636363636364,0.056,0.6140783963505789
140,Bupati dan 7 Pejabat Brebes Tak Lolos Syarat Ikuti Vaksinasi Corona,Bupati Brebes Jawa Tengah Idza Priyanti sempat nyaris gagal disuntik vaksin COVID 19 hari ini karena tekanan darah tinggi Idza mengaku dia sempat grogi saat diukur tekanan darahnya sebelum vaksinasi virus Corona Tadi tensinya sampai 159 98 jadi tidak bisa divaksin Mungkin tadi sempat grogi masih ketakutan jadi tensi darahnya tinggi tapi setelah rileks dan bisa beradaptasi dengan situasi akhirnya tensinya normal kata Idza usai divaksin COVID 19 di Aula RSUD Brebes Senin 25 1 2021 Penyuntikan vaksin COVID 19 ini dilakukan pukul 13 00 WIB tadi Setelah sempat gagal di screening pertama Idza akhirnya lolos setelah tekanan darahnya kembali normal Tadi diperiksa di rumah saya tensinya 110 80 tapi setelah diperiksa di sini di meja 2 tensinya 120 80 ceritanya Terpisah Kepala Dinas Kesehatan Brebes dr Sartono mengatakan dengan ditambah Idza total penerima vaksin perdana di wilayahnya hari ini menjadi empat orang Dari total 11 pejabat dan tokoh yang dijadwalkan menerima vaksin mayoritas gagal divaksin karena tensi tinggi Tadi memang hanya 3 sekarang menjadi 4 yang bisa divaksin perdana Karena bupati barusan berhasil divaksin ucap Sartono Ke 11 pejabat dan tokoh masyarakat di Brebes yang dijadwalkan menerima vaksin COVID 19 perdana ini yakni Bupati Brebes Idza Priyanti beserta wakilnya Narjo Kapolres Brebes AKBP Gatot Yulianto Kadinkes Brebes dr Sartono Kajari Brebes Emy Munfarida perwakilan DPRD Brebes Muhamad Rizki Ubaidilah dan Ketua IDI Brebes dr Rasipin Lalu Ketua IBI Uji Rahayu Ketua PPNI Prawoto perwakilan dewan masjid NU Akhmad Sururi dan perwakilan Muhammadiyah Bagus Haryadi Namun dari hasil screening enak pejabat lainnya gagal disuntik karena tekanan darahnya tinggi dan seorang lagi karena usai divaksin lainnya Belum lama Kapolres mendapat vaksin lain jadi tidak memenuhi syarat Perwakilan orang medis tidak ada yang lolos termasuk saya tensinya tidak memenuhi syarat ucap Sartono,0.8716763686154582,1.0,0.0,0.0,0.5,0.0,0.0,1.0,0.0,0.5,1.0,0.0,0.1111111111111111,0.0,0.0,0.0,0.0,0.0,0.5714285714285714,1.5714285714285714,0.4285714285714286,1.1428571428571428,0.0,1.0,0.0,0.0,0.7272727272727273,0.04938271604938271,0.7185067665294852
5598,Polda Metro Jaya Tindak 104 Tersangka Penyebar Hoax soal COVID 19 17 Ditahan,Bareskrim Polri mencatat ada 104 orang yang dijadikan tersangka karena menyebarkan berita hoax soal COVID 19 Sebanyak 17 orang ditahan sedangkan 87 orang lainnya tidak ditahan Data tersebut merupakan gabungan dari seluruh jajaran Polda secara nasional Data dikumpulkan dalam kurun waktu 30 Januari 24 November 2020 Terkait data hoax COVID 19 Dari data yang kami ambil dari Direktorat Tindak Pidana Siber Bareskrim per tanggal 30 Januari sampai hari ini 24 November 2020 bahwasanya Bareskrim dan Polda jajaran telah melakukan penindakan terhadap 104 tersangka Terdiri dari 66 laki laki dan 38 perempuan Jadi dari 104 tersebut 17 orang tersangka dilakukan penahanan dan 87 tidak dilakukan penahanan kata Karopenmas Divisi Humas Polri Brigjen Awi Setiyono di Mabes Polri Jakarta Selatan Senin 24 11 2020 Awi menuturkan dari data tersebut Polda Metro Jaya yang paling banyak menangani kasus hoax itu Polda Metro menangani 14 kasus disusul Jawa Timur 12 kasus dan Riau 9 kasus Kemudian untuk wilayah yang hoax nya tertinggi terkait COVID 19 PMJ sebanyak 14 kasus Polda Jawa Timur 12 kasus Riau 9 kasus ucapnya Awi menjelaskan beberapa jenis berita hoax yang tersebar Dari foto suntingan hingga penghinaan terhadap pemerintah Adapun jenis hoax yang ditangani yang pertama korban meninggal akibat COVID padahal bukan Kemudian yang kedua Penyebaran COVID 19 tanpa ada info resmi Ketiga WNA yang ke Indonesia membawa virus Yang keempat suntingan foto seolah olah COVID Yang kelima penghinaan terhadap pejabat negara Yang keenam penyebaran berita bohong tentang pemerintah ujarnya Lebih lanjut Awi mengatakan para tersangka penyebar berita hoax itu dijerat dengan pasal berlapis yakni Undang Undang UU ITE serta UU Penghapusan Diskriminasi Ras dan Etnis Tentunya dari peristiwa pidana tersebut pasal pasal yang dikenakan di antaranya Pasal 28 dan 45 UU ITE Pasal 14 dan Pasal 15 UU Nomor 1 Tahun 1946 kemudian Pasal 16 UU Penghapusan Diskriminasi Ras dan Etnis imbuhnya,0.8692401003496096,1.0,0.0,0.0,0.5,0.0,0.0,1.0,0.0,0.5,1.0,0.0,0.4733044733044733,0.6666666666666666,0.3333333333333333,0.0,0.0,0.0,1.0,2.0,0.0,2.0,0.0,0.0,1.0,0.025089605734767026,1.0,0.0755813953488372,1.0
6942,Kiprah Achmad Yurianto Sang Pengabar Corona di Layar Kaca,Ada perubahan besar besaran dalam pemaparan data harian perkembangan virus corona Covid 19 di Indonesia Selasa 21 7 Kini pengabar perkembangan pandemi Covid 19 bukan lagi Dirjen P2P Kemenkes Achmad Yurianto Setelah Gugus Tugas Percepatan Penanganan Covid 19 dibubarkan posisi Yurianto sebagai juru bicara pemerintah untuk corona itu digantikan Wiku Adisasmito Presiden telah menunjuk saya sebagai juru bicara satgas penanganan covid 19 ujar Wiku dalam keterangan pers dari Kantor Presiden Jakarta Selasa petang Sebenarnya Wiku bukan wajah baru selama Indonesia dilanda pandemi Covid 19 beberapa bulan belakangan Sebelumnya Wiku adalah Ketua Tim Pakar Gugus Tugas Percepatan Penanganan Covid 19 Dia acap kali tampil di layar kaca mewakili Pemerintah sebagai tim pakar Di luar posisi struktural itu Wiku adalah seorang pengajar di Fakultas Kesehatan Masyarakat Universitas Indonesia FKM UI Dikutip dari situs resmi FKM UI pria bernama lengkap Wiku Bakti Bawono Adisasmito itu merupakan salah satu guru besar di kampus tersebut Jebolan PhD dari Colorado State University itu memiliki bidang ajar Analisis dan Kebijakan Kesehatan Manajemen Rumah Sakit dan Manajemen LingkunganMelansir situs resmi UI Wiku menerangkan perjalanan kariernya melalui sebuah tulisan di blog resmi pengajar kampus tersebut Jabatan akademik pria kelahiran 1964 itu berawal dari Sekretaris Program Studi KARS UI pada periode 1996 1999 Ia juga diketahui pernah menjadi Ketua Unit Riset dan Pengabdian Masyarakat FKM UI 2005 2006 Deputi Direktur Riset dan Pengabdian Masyarakat DRPM UI 2006 2007 dan Direktur Kemitraan Inkubator Bisnis UI 2007 sekarang Secara akademis Wiku adalah peraih gelar dokter hewan dari IPB pada 1988 silam Ia kemudian melanjutkan jenjang pendidikan selanjutnya hingga mendapat gelar PhD dari Colorado State University AS pada 1995 Saya meraih gelar Profesor Guru Besar pada tanggal 1 Juli 2010 dibidang ilmu Kebijakan Kesehatan Fakultas Kesehatan Masyarakat Universitas Indonesia dikukuhkan di depan forum Majelis Wali Amanat Dewan Guru Besar dan Senat Akademik UI demikian tulis Wiku di blog pada situs resmi UI Berselang dua tahun kemudian dia sempat mengikuti pendidikan singkat di Lembaga Ketahanan Nasional Lemhannas Selain dalam penanganan Covid 19 saat ini Wiku pun diketahui pernah terlibat dalam pengendalian wabah flu burung sebagai anggota panel ahli dalam Komisi Nasional Pengendalian Flu Burung dan Kesiapsiagaan Menghadapi Pandemi Influenza Komnas FBPI Kala itu Wiku menjabat sebagai Steering Committee mewakili Indonesia dalam jejaring Asian Partnership for Emerging Infectious Disease Research APEIR,0.8653525378496679,1.0,0.0,0.0,0.5,0.0,0.0,1.0,0.0,0.5,0.5,0.0,0.5,0.5,0.0,0.0,0.0,0.0,0.5,1.5,0.0,1.5,0.0,0.0,1.0,0.008875739644970414,0.7777777777777778,0.030434782608695653,0.7364094375914856
10792,Soroti Kelompok Pelanggar Aturan Mahfud Negara Tak Boleh Kalah,Sepekan terakhir selepas kedatangan Habib Rizieq Syihab kerumunan massa tercipta di mana mana Pemerintah pun mengaku tidak menutup mata akan hal itu Menteri Koordinator Bidang Politik Hukum dan Keamanan Menko Polhukam Mahfud Md menegaskan pemerintah akan menindak tegas siapapun yang melanggar protokol kesehatan COVID 19 Dia tidak segan pula menyebut para pelanggar protokol kesehatan itu sebagai pembunuh para kelompok rentan terhadap virus itu Orang yang sengaja melakukan kerumunan massa tanpa mengindahkan protokol kesehatan berpotensi menjadi pembunuh potensial terhadap kelompok rentan ujar Mahfud di kantornya Jalan Medan Merdeka Barat Jakarta Pusat Senin 16 11 2020 Mahfud menyampaikan keterangan pers sikap pemerintah usai rapat bersama dengan Panglima TNI Marsekal Hadi Tjahjanto Wakapolri Komjen Gatot Eddy Pramono Kepala BIN Budi Gunawan dan Ketua Satgas Penanganan COVID 19 Doni Monardo Mahfud menyinggung kerumunan khususnya pada tanggal 10 hingga 13 November termasuk acara pesta pernikahan dan peringatan Maulid Nabi Muhammad SAW yang digelar Habib Rizieq Syihab di DKI Jakarta Mahfud menyebut praktik pelanggaran protokol kesehatan termasuk perusakan fasilitas umum dikeluhkan sejumlah pihak Mereka mengeluh Seakan perjuangan mereka itu dianggap tidak dihargai sama sekali Bahkan mereka mengatakan negara tidak boleh kalah dan tidak boleh melakukan pembiaran terhadap aksi aksi pelanggar aturan pembangkangan premanisme dan pemaksaan kehendak serta tindakan tindakan lain yang dapat mengoyak persatuan dan kesatuan bangsa dan negara ujar Mahfud Oleh karena itu oleh karena itu pemerintah memperingatkan kepada para kepala daerah pejabat publik aparat dan masyarakat di seluruh Indonesia bahwa pemerintah akan menindak tegas dan melakukan penegakan hukum bila masih melakukan pengumpulan massa dalam jumlah besar Khusus kepada tokoh agama dan tokoh masyarakat diharapkan untuk memberikan contoh dan teladan kepada semua warga agar mematuhi protokol kesehatan imbuh Mahfud Simak video Kapolri Kerumunan Massa Tanpa Protokol Kesehatan Timbulkan Keresahan Gambas Video 20detik Berikut pernyataan lengkap pemerintah yang disampaikan Mahfud Selanjutnya Halaman 1 2 habib rizieq pelanggaran protokol kesehatan mahfud md kerumunan,0.8640494939920806,1.0,0.0,0.0,0.5,0.0,0.0,1.0,0.0,0.5,0.5,0.0,0.5,0.5,0.0,0.0,1.0,1.0,0.5,3.5,0.0,3.5,1.0,0.0,0.0,0.006944444444444444,0.7777777777777778,0.034482758620689655,0.7404280226841575
13342,Muradi Nilai Kinerja Risma dan Budi Gunadi tak Akan Paling Disorot,Presiden Joko Widodo mengumumkan formasi anyar Kabinet Maju dari Istana Negara Jakarta Pusat pada Selasa 22 12 Enam tokoh diperkenalkan sebagai menteri baru mulai dari Sandiaga Uno hingga Tri Rismaharani Pengamat sekaligus Guru Besar Ilmu Politik dan Keamanan Unpad Muradi menilai ada dua menteri yang kinerjanya akan sangat disorot di tengah pandemi COVID 19 ini Yakni Menteri Sosial Tri Rismaharani atau yang akrab disapa Risma dan Menteri Kesehatan yang kini dijabat oleh Budi Gunadi Sadikin Yang paling krusial dari enam menteri itu ada yakni kesehatan dan sosial untuk pandemi Kalau dia jalan tidak cukup cepat dan responsif dengan dinamika yang ada di pemerintahan saya kira mereka akan kedodoran ujar Muradi saat dihubungi detikcom Selasa 22 12 Seperti diketahui eks Menteri Sosial Juliari Batubara dicopot dari jabatannya karena tersandung kasus paket bansos COVID 19 Sedangkan eks Menteri Kesehatan Terawan dilepas dari jabatannya diduga karena berhubungan dengan masalah penanganan COVID 19 di Indonesia Bagi bu Risma tantangannya adalah bagaimana menata kelola jajaran direktur ke bawah karena di sana ada peluang terjadinya penyimpangan katanya Ini merupakan pertaruhan bagi pak Jokowi dengan enam orang ini akan mampu menaikkan kinerja yang lebih baik atau tidak Karena beberapa menteri sempat ramai bakal direshuffle ternyata Mendikbud enggak Mendagri enggak memang ada evaluasi ya tapi sifatnya normatif untuk peningkatan kinerja saya kira ini pertaruhan pak Jokowi agar kabinetnya lebih efektif tutur Muradi Salah satu nama yang mengejutkan publik adalah Sandiaga Uno Sandiaga Uno menjadi menteri baru Jokowi untuk Kementerian Pariwisata dan Ekonomi Kreatif menggantikan Wishnutama Selain itu kejutan lain ialah Ketum GP Ansior Yaqut Cholil Qoumas menjadi Menteri Agama RI menggantikan Fachrul Razi Total ada 6 menteri baru Presiden Jokowi dalam reshuffle pertama Kabinet Indonesia Maju Berikut ini nama nama menteri baru Jokowi yang dikenalkan sore ini Menteri Sosial Tri RismahariniMenteri Kelautan dan Perikanan Sakti Wahyu TrenggonoMenteri Pariwisata dan Ekonomi Kreatif Sandiaga UnoMenteri Perdagangan M LutfhiMenteri Agama Yaqut Cholil QoumasMenteri Kesehatan Budi Gunadi Sadikin,0.8605711961418551,1.0,0.0,0.0,0.5,0.0,0.0,1.0,0.0,0.5,0.5,0.0,0.5,0.5,0.0,0.0,1.0,1.0,0.5,3.5,0.0,3.5,1.0,0.0,0.0,0.006734006734006734,0.8181818181818182,0.04522613065326633,0.8483694789623911
14323,Tes 7 5 Juta Orang China Temukan Tambahan Kasus Corona,Pemerintah kota Qingdao China menyatakan sejauh ini telah melakukan pengetesan virus corona terhadap lebih dari 7 5 juta warganya Sejauh ini hasil tes belum menemukan penambahan kasus baru positif Covid 19 Wakil direktur kota Qingdao Chen Wansheng dalam konferensi pers Rabu 14 10 mengatakan saat ini telah melakukan pengetesan terhadap 7 502 720 orang Mengutip CNN Chen mengatakan lebih dari 4 juta tes telah menunjukkan hasil negatif dan tidak menemukan kasus baru positif corona Pemerintah kota Qingdao menargetkan pengetesan terhadap 9 4 juta populasinya dalam lima hari sejak pertama kali mendeteksi kembali kasus pertama Covid 19 di rumah sakit pada Minggu 11 10 Pengetesan massal dilakukan setelah kemunculan laporan tujuh kasus baru dengan enam diantaranya merupakan penularan lokal di Qingdao timur provinsi Shandong Petugas kesehatan Qingdao dengan peralatan pelindung diri sejak Senin 12 10 mendirikan tenda untuk mengambil sampel di seluruh lingkungan tersebut Para orang tua juga membawa anak anak balita mereka untuk diuji Warga menuturkan di media sosial bahwa perwakilan komunitas memberi tahu mereka tentang tempat pengujian terdekat daerah setempat turut membantu mengatur pengumpulan sampel untuk memudahkan pengujian massal Pada pukul 8 pagi kota kami telah mengambil 3 08 juta sampel untuk pengujian nukleik dengan 1 11 juta hasil telah diterima kata komisi kesehatan Qingdao dalam sebuah pernyataan seperti mengutip AFP Selasa 13 10 Partai Komunis China yang saat ini berkuasa sangat ingin menunjukkan kemampuannya dalam mengelola pandemi kepada warganya dan masyarakat global Negara tersebut telah bangkit kembali dari pandemi sejak virus corona pertama kali muncul akhir tahun lalu dan memaksa pihaknya memberlakukan penguncian Hingga saat ini China melaporkan 90 858 kasus dengan 4 739 kematian,0.8604134205434246,1.0,0.0,0.0,0.5,0.0,0.0,1.0,0.0,0.5,1.0,0.0,0.15476190476190477,0.0,0.0,0.0,1.0,-1.0,1.0,3.0,1.0,2.0,1.0,0.0,1.0,0.007905138339920948,0.8,0.047058823529411764,0.6609491610272268
4716,Survei Indikator Sebut Kepercayaan Publik ke Jokowi Naik,Survei Indikator Politik Indonesia memperlihatkan tingkat kepercayaan publik kepada Menteri Kesehatan Terawan Agus Putranto dalam mengatasi pandemi virus corona Covid 19 cenderung meningkat pada September 2020 Direktur Eksekutif Indikator Politik Indonesia Burhanuddin Muhtadi menyatakan sekitar 45 persen responden percaya terhadap Terawan mengatasi pandemi Sementara 17 persen responden tak percaya terhadap Terawan Sekitar 45 persen tingkat kepercayaannya Cukup percaya sebesar 44 6 persen sangat percaya 1 3 persen Tidak percaya 15 persen sangat tidak percaya 2 persen kata Burhanuddin dalam konferensi pers secara daring Minggu 18 10 Survei tersebut dilakukan pada pada 24 30 September 2020 terhadap 1 200 responden via telepon Toleransi kesalahan kurang lebih 2 9 persen dengan tingkat kepercayaan 95 persen Burhanuddin menyatakan tingkat kepercayaan terhadap Terawan itu mengalami kenaikan bila dibandingkan hasil survei bulan Juli 2020 lalu Kala itu hasil survei Indikator Politik menunjukkan kepercayaan publik kepada Terawan hanya 38 9 persen Tingkat kepercayaan terhadap Terawan itu berbanding terbaik bila melihat sentimen di media sosial Burhanuddin memprediksi angka kepercayaan publik terhadap Terawan di media sosial tak sampai 20 persen Ini lebih baik dibanding yang muncul di Twitter Di Twitter itu kan saya kira gak sampe 20 persen yang puas ujarnya Meski demikian kata Burhanuddin tingkat kepercayaan ke Terawan masih kalah jauh ketimbang angka kepercayaan publik terhadap Presiden Joko Widodo yang berada di angka 60 persen Terawan sempat diterpa isu menjadi salah satu menteri yang akan diganti Jokowi Dalam beberapa kesempatan Jokowi juga sempat menyinggung kinerja Terawan Salah satunya saat rapat kabinet Jokowi menyindir penyaluran anggaran kesehatan yang buruk selama pandemi virus corona,0.8597462679769335,0.5,0.0,0.0,0.5,0.0,0.0,1.0,0.0,0.5,0.5,0.0,0.5,0.5,0.0,0.0,1.0,1.0,0.5,3.0,0.0,3.0,1.0,0.0,1.0,0.00904977375565611,0.75,0.041379310344827586,0.7286667277429474
6616,Satgas Apresiasi Keberanian Lurah Kemang Razia Prokes Waroeng Brothers,Juru bicara Satgas Penanganan COVID 19 Wiku Adisasmito mengapresiasi keberanian Lurah Cipete Utara Nurcahya saat melakukan razia protokol kesehatan prokes Keberanian Nurcahya diharapkan menjadi inspirasi bagi kepala daerah lainnya Satgas pusat mendengar pengeroyokan terhadap lurah di Jaksel saat razia prokes Kejadian ini tak seharusnya terjadi dan jangan terulang kembali kata Wiku dalam siaran di YouTube Sekretariat Presiden Selasa 15 12 2020 Dia mengatakan razia dilakukan untuk melindungi masyarakat dari penularan COVID 19 Wiku menegaskan pihak yang menghalangi kegiatan razia protokol kesehatan bahkan hingga melakukan tindakan penganiayaan terhadap petugas harus ditindak petugas berwenang Dia mengimbau kepada masyarakat untuk melapor kepada Satgas daerah dan pihak berwajib bila mendapati pelanggaran Menurutnya pengawasan pelanggaran protokol kesehatan harus dilakukan bersama agar memberi efek jera sehingga pelanggaran tak berulang Wiku memberi apresiasi kepada Nurcahya yang tetap berani melakukan razia protokol kesehatan Dia berharap kejadian serupa tak terulang Atas nama Satgas saya ucapkan kepada pemimpin daerah dan lingkungan salah satunya Lurah Cipete Utara yang tidak kenal lelah dan takut mengawasi pemberlakuan prokes di lingkungannya Saya berharap adanya kejadian serupa seperti di minggu lalu tak jadi preseden buruk atau jadi ketakutan dalam bertugas ungkapnya Sebaliknya pimpinan daerah dan lingkungan dapat mengambil inspirasi serta motivasi dari keberanian lurah ini dalam melindungi warganya dari bahaya COVID 19 sambung Wiku,0.8573914606178954,0.3333333333333333,0.0,0.0,0.5,0.0,0.0,0.0,0.0,0.5,0.5,0.0,0.5,0.5,0.0,0.0,1.0,1.0,0.5,2.833333333333333,0.0,2.833333333333333,1.0,0.0,1.0,0.010101010101010102,0.6666666666666666,0.046511627906976744,0.5729602624220793
1522,Petinggi KAMI Gatot Nurmantyo Sudah 10 Hari Dirawat di RS,Ketua Komite Eksekutif Koalisi Aksi Menyelamatkan Indonesia KAMI Ahmad Yani dirawat di rumah sakit Kondisinya tersebut diketahui saat Ahmad Yani mengikuti acara KAMI secara virtual dari ranjang rumah sakit Dilansir CNN Indonesia Jumat 27 11 2020 Ahmad Yani tampak hadir di pertemuan zoom sekitar pukul 15 00 WIB Acara baru dimulai pukul 15 30 WIB Ahmad Yani tampak sedang berbaring di atas kasur di rumah sakit Ahmad Yani sempat terdiam Petinggi KAMI itu mulai berbicara ketika salah seorang aktivis Sa dun terlihat hadir secara virtual dari maskar KAMI di Jakarta Masih di rumah sakit nih 10 hari kata Yani mengobrol dengan aktivis KAMI lainnya sebelum acara dimulai Jumat 27 11 Dalam perbincangan beberapa aktivis mengatakan Ahmad Yani sedang positif virus Corona COVID 19 Namun demikian Yani tidak menjelaskan di mana ia dirawat dan sejak kapan masuk ke rumah sakit Beberapa kali Ahmad Yani melontarkan canda Dia sempat menyindir operasi tangkap tangan OTT yang dilakukan oleh Komisi Pemberantasan Korupsi KPK terhadap Menteri Kelautan dan Perikanan Edhy Prabowo Di rumah sakit banyak lobster ini hahaha canda Yani Dalam seminar yang digelar virtual itu KAMI meluncurkan buku karya Syahganda Nainggolan Gatot Nurmantyo dan Din Syamsuddin hadir dalam peluncuran buku berjudul Pemikiran Sang Revolusioner Simak video RS UMMI Sebut Keluhan Habib Rizieq Kelelahan Kecapaian Gambas Video 20detik,0.8571736972575913,1.0,0.0,0.0,0.5,0.0,0.0,1.0,0.0,0.5,0.5,0.0,0.0,0.0,0.0,0.0,0.0,0.0,1.0,2.0,0.0,2.0,0.0,0.0,1.0,0.02030456852791878,0.9,0.0625,0.9513142453835656
9479,Isyaratkan Kemungkinan Pemerintahan Baru Trump Waktu yang Akan Menjawab,Presiden Amerika Serikat AS Donald Trump akan meninggalkan Washington DC sebelum Presiden terpilih AS Joe Biden dilantik sehingga dia tidak akan menyambutnya di Gedung Putih Di akhir masa kepresidenan Trump AS menjatuhkan sanksi baru untuk Iran dan China Trump dilaporkan akan terbang ke klub golf miliknya di Mar a Lago di Palm Beach Florida pada Rabu 20 1 pagi sebelum Biden dilantik Saat Biden mengucapkan sumpah jabatannya di tangga Gedung Capitol pada siang hari Trump kemungkinan besar sudah berada di Florida Sementara Menteri Luar Negeri AS Mike Pompeo mengumumkan sanksi sanksi baru yang dijatuhkan kepada perusahaan perusahaan Iran China dan Uni Emirat Arab karena melakukan bisnis dengan Iran Shipping Lines dan tiga entitas Iran terkait proliferasi senjata konvensional Selain berita tersebut berikut ini berita berita internasional yang menarik perhatian pembaca detikcom hari ini Sabtu 16 1 2021 Trump Akan Tinggalkan Gedung Putih Pagi Hari Sebelum Biden DilantikPresiden Amerika Serikat AS Donald Trump akan meninggalkan Gedung Putih di Washington DC pada 20 Januari pagi hari sesaat sebelum Presiden terpilih AS Joe Biden resmi dilantik Ini berarti Trump tidak akan menyambut Biden di Gedung Putih seperti tradisi kepresidenan yang selama ini terjadi di AS Seperti dilansir AFP dan Reuters Sabtu 16 1 2021 Trump sebelumnya telah menegaskan dirinya tidak akan menghadiri pelantikan Biden Hal ini akan menjadikan Trump sebagai presiden pertama di AS selama satu setengah abad terakhir yang tidak menghadiri pelantikan penggantinya Seorang pejabat AS yang enggan disebut namanya menuturkan bahwa Trump akan terbang meninggalkan Gedung Putih dengan helikopter pada Rabu 20 1 pagi waktu setempat Pelantikan Biden sebagai Presiden ke 46 AS akan digelar di Gedung Capitol AS pada Rabu 20 1 siang waktu setempat Menurut sumber Trump akan terbang ke klub golf miliknya di Mar a Lago di Palm Beach Florida yang merupakan kediaman resminya dan akan menjadi tempat tinggalnya setelah mengakhiri jabatannya sebagai Presiden AS Wapres AS Hubungi Kamala Harris Tawarkan Bantuan Jelang PelantikanWakil Presiden Amerika Serikat AS Mike Pence untuk pertama kalinya menghubungi Wakil Presiden terpilih AS Kamala Harris pada pekan ini Dalam panggilan telepon itu Pence menawarkan bantuan kepada Harris menjelang transfer kekuasaan pekan depan Seperti dilansir Reuters dan CNN Sabtu 16 1 2021 Pence diketahui lebih aktif mengambil peran publik pada masa transisi pemerintahan AS khususnya sepekan terakhir ini Pence diketahui mendatangi kantor pusat Badan Manajemen Darurat Federal untuk mendapatkan pengarahan soal keamanan pelantikan Pada Kamis 14 1 waktu setempat menurut sumber Pence mengambil langkah aktif dalam menghubungi Harris yang akan menggantikannya Panggilan telepon itu dinilai menjadi langkah terbaru Pence dalam menegakkan sejumlah norma politik yang telah dihancurkan Trump Dia menelepon untuk menyampaikan ucapan selamat dan menawarkan bantuan tutur seorang sumber yang memahami panggilan telepon Pence ke Harris,0.8514579783119516,1.0,0.0,0.0,0.5,0.0,0.0,1.0,0.0,0.5,0.5,0.0,0.5,0.5,0.0,0.0,1.0,1.0,0.5,3.5,0.0,3.5,1.0,0.0,1.0,0.0027100271002710027,0.7777777777777778,0.0330188679245283,0.7827967185712635
13136,Menu Motor Matik Bekas di Bawah Rp 10 Juta belum Dapat Unit Tahun Muda,Penjualan sepeda motor bekas diklaim pedagang mengalami peningkatan dibandingkan saat awal pandemi Covid 19 Akan tetapi untuk harga jual sepeda motor seken belum bisa pulih yakni masih di bawah harga normal Sejak awal pandemi harga motor bekas memang mengalami penurunan yakni mulai Rp 2 juta hingga Rp 4 juta Penurunan yang terjadi ini disebabkan karena banyaknya stok dan juga banyak pemilik kendaraan yang memilih menjualnya Nugroho Dwi Prastiko pemilik diler motor bekas di Solo mengatakan kondisi penjualan motor bekas memang sudah lebih baik jika dibandingkan sebelumnya “Sudah ada peningkatan tetapi kalau dibandingkan sebelum ada Corona tetap masih masih di bawahnya Harganya juga sudah mulai stabil tapi ya tetap di bawah harga normalnya ” ujar Nugroho kepada Kompas com Rabu 11 8 2020 Nugroho juga mengatakan tipe motor yang masih banyak dibeli konsumen adalah jenis matik Sepeda motor ini memang begitu diminati calon pembeli terutama yang sudah injeksi dan harganya di bawah Rp 10 juta Nugroho mengatakan ada banyak pilihan jenis motor yang di bawah Rp 10 juta Seperti Yamaha Mio Z 125 keluaran 2016 harganya hanya berkisar Rp 7 juta “Dulu harga normalnya bisa sampai Rp 9 juta tetapi sekarang turun Rp 2 juta Untuk Yamaha Fino juga harganya menjadi Rp 8 5 juta padahal dulu masih Rp 10 5 juta ” ucapnya Ada juga dari pabrikan Suzuki yakni Nex II keluaran tahun 2018 2019 harga jual maksimal Rp 7 8 juta saja,0.8476886065652999,0.5,0.0,0.0,0.5,0.0,0.0,1.0,0.0,0.5,0.5,0.0,0.2,1.0,0.0,0.0,1.0,1.0,1.0,3.5,0.0,3.5,1.0,0.0,0.0,0.023255813953488372,0.7142857142857143,0.07936507936507936,0.6666227505259524
12661,Australia Akan Lebih Banyak Gunakan Vaksin AstraZeneca yang Diproduksi di Sydney,Meskipun vaksin COVID 19 buatan Pfizer tampaknya akan menjadi yang pertama mendapatkan persetujuan penggunaan di Australia namun program vaksinasi akan lebih banyak menggunakan vaksin buatan AstraZeneca yang saat ini sedang diproduksi di Melbourne Hal itu disampaikan oleh Pejabat Tertinggi Bidang Medis Profesor Paul Kelly di tengah persiapan Australia untuk menggelar vaksinasi nasional yang diharapkan mulai berlangsung pertengahan Februari 2021 Kita ketahui jika vaksin Pfizer akan jadi yang paling banyak digunakan di dunia karena merupakan yang pertama mendapat persetujuan penggunaan darurat di AS Inggris dan negara lainnya ujarnya Namun vaksin ini diproduksi di luar negeri Pasokannya yang akan kita dapatkan juga terbatas kata Profesor Paul Kelly seperti dilaporkan ABC Vaksin Pfizer juga memerlukan syarat penyimpanan di suhu 70 derajat di bawah 0 sehingga menimbulkan tantangan logistik Sedangkan vaksin AstraZeneca saat ini sedang diproduksi di Melbourne dan sudah mengalami kemajuan pesat sehingga kita akan mendapatkan pasokan dalam jumlah besar katanya Vaksin ini yang akan tersedia bagi kebanyakan penduduk sepanjang tahun ini jelas Profesor Kelly Australia telah memesan 10 juta dosis vaksin Pfizer dan 53 8 juta dosis vaksin AstraZeneca pada tahun lalu Persetujuan penggunaan vaksin Pfizer diperkirakan keluar pada akhir bulan ini Sedangkan untuk vaksin AstraZeneca menurut Profesor Kelly persetujuan dari Therapeutic Goods Administration TGA diharapkan keluar pada Februari Ia menjelaskan negara yang sudah mengeluarkan persetujuan penggunaan darurat untuk vaksin AstraZeneca memilih untuk menyuntikkan dosis vaksin ini sebanyak dua kali suntikan Pada November tahun lalu AstraZeneca menyatakan efektivitas vaksinnya mencapai 62 persen saat diberikan pada partisipan yang mendapat dua dosis Di kelompok lain partisipan yang disuntik setengah dosis efektivitasnya mencapai 90 persen Namun partisipan yang disuntik satu kali yakni setengah dosis hanya berjumlah 2 741 orang sehingga dipandang terlalu minim untuk dijadikan kesimpulan yang pasti Pejabat Tertinggi Bidang Medis Australia Profesor Paul Kelly berharap masyarakat turut menyukseskan program vaksinasi COVID 19 yang akan berlangsung mulai pertengahan Februari 2021 ABC News Untuk membangun kepercayaan masyarakat pemerintah Australia telah menyisihkan anggaran kampanye sebesar 24 juta dolar untuk menyebarkan pesan pesan kesehatan masyarakat Profesor Kelly berharap kampanye ini akan membantu terciptanya kepercayaan masyarakat terhadap vaksin AstraZeneca Kelompok masyarakat yang akan menjadi prioritas vaksinasi di Australia meliputi tenaga kesehatan petugas perbatasan di bandara dan pelabuhan pekerja di hotel karantina petugas kebersihan dan pekerja sektor transportasi Selain itu prioritas juga diberikan kepada kelompok masyarakat yang paling rentan terinfeksi Walau tidak termasuk kategori prioritas Perdana Menteri Australia bersama Menteri Kesehatan Ketua Partai Oposisi dan Menteri Kesehatan Bayangan akan disuntik vaksin di tahap awal vaksinasi Kami tidak termasuk dalam kategori prioritas namun saya pikir penting untuk membangun kepercayaan publik ujar PM Scott Morrison Saya rasa tidak perlu memvaksinasi seluruh jajaran Pemerintahan karena ada warga lain yang lebih memerlukannya katanya Sejumlah pakar vaksin memperingatkan bahwa vaksinasi bukanlah segalanya dalam mengatasi pandemi COVID 19 karena belum diketahui seberapa efektif dalam mengurangi penularan virus Menurut Profesor Tania Sorrell dari Australian Academy of Health and Medical Sciences vaksinasi merupakan menggembirakan namun kita harus tetap realistis karena hal itu bukan segalanya Secara sederhana vaksin akan membantu tubuh seseorang memproduksi antibodi terhadap virus penyebab COVID 19 Bukti bukti awal dari ujicoba vaksin ini menunjukkan terjadinya pencegahan seseorang mengalami sakit kronis Namun kemungkinan tidak mencegah terjadinya penularan dari seseorang yang sudah diberi vaksin kepada orang lain Pakar vaksin Profesor Tony Cunningham dari Westmead Institute di Sydney menjelaskan semua informasi yang diperlukan baru bisa diperoleh setelah program vaksinasi berjalan Ia menjelaskan semua vaksin COVID 19 yang dikembangkan saat ini tidak fokus pada seberapa efektif vaksin tersebut dapat mencegah penularan kepada orang lain Pemerintah Australia berharap bisa memperoleh data program vaksinasi dari Pfizer pada pertengahan bulan ini Bila data tersebut diperoleh maka otoritas terkait kemungkinan bisa memberikan persetujuan untuk penggunaan darurat pada akhir Januari Namun Prof Cunningham memperingatkan jangan sampai pihak berwenang mengorbankan aspek keamanan vaksin hanya karena adanya desakan untuk segera mengeluarkan persetujuan penggunaan vaksin Diproduksi oleh Farid M Ibrahim dari berbagai sumber Ikuti perkembangan program vaksinasi COVID 19 di Australia melalui ABC Indonesia,0.8408470855983533,1.0,0.0,0.0,0.5,0.0,0.0,1.0,0.0,0.5,1.0,0.0,0.5,0.5,0.0,0.0,1.0,1.0,0.5,3.5,0.0,3.5,1.0,0.0,1.0,0.0106951871657754,0.9090909090909091,0.03115264797507788,0.8395406965645701
12361,Kafe di Jakbar Disegel Gegara Terus terusan Membandel,Pemerintah memberlakukan pelaksanaan pembatasan kegiatan masyarakat PPKM demi memutus mata rantai penyebaran Covid 19 Dalam pelaksanaan PPKM ini pemerintah mengatur sejumlah kegiatan usaha salah satunya kafe dengan batasan operasional hingga pukul 19 00 WIB Namun pada kenyataannya masih saja ada beberapa kafe yang melanggar aturan Seperti kafe yang berada di kawasan Jakarta Selatan yang ditindak karena membandel Bahkan ada salah satu kafe yang terus terusan membandel hingga akhirnya disegel oleh aparat polisi dan Satpol PP DKI Jakarta yakni Odin Cafe Direktur Narkoba Polda Metro Jaya Kombes Mukti Juharsa menyebutkan bahwa Odin Cafe sudah 4 kali melanggar Odin ini sudah yang keempat kalinya melanggar protokol kesehatan ujar Direktur Narkoba Polda Metro Jaya Kombes Mukti Juharsa saat dihubungi detikcom Sabtu 23 1 2021 Kafe tersebut dirazia pada Sabtu 23 1 dini hari Razia dilakukan oleh puluhan petugas gabungan Direktorat Narkoba Polda Metro Jaya dan Satpol PP DKI Jakarta Empat kali pelanggaran PSBB itu hal yang sangat fatal sambung Mukti Mukti menambahkan pihaknya merekomendasikan ke Satpol PP DKI Jakarta agar mencabut izin Odin Cafe Sudah di police line dan disegel juga dan selanjutnya kami akan merekomendasikan untuk dicabut izinnya kata Mukti Dalam kegiatan itu petugas juga melaksanakan rapid test kepada pengunjung Hasilnya seluruhnya nonreaktif Simak selengkapnya di halaman selanjutnya,0.8395038273584408,0.0,0.0,0.0,0.5,0.0,0.0,1.0,0.0,0.5,0.5,0.0,0.5,0.5,0.0,0.0,0.0,0.0,0.5,0.5,0.0,0.5,0.0,0.0,0.0,0.010752688172043012,0.75,0.044444444444444446,0.6691793928772909
12882,Mensos Juliari Tersangka Korupsi KPK Minta Program Bansos COVID Dibenahi,Indonesia Corruption Watch ICW menilai pengungkapan perkara korupsi yang menjerat Menteri Sosial Mensos Juliari Batubara sebagai momentum pemerintah memperbaiki program bansos COVID 19 ICW meminta agar pemerintah memperbaiki Pengadaan Barang dan Jasa PBJ terkait penanganan COVID 19 Peneliti ICW Almas Sjafrina mengatakan sejak awal telah memetakan potensi masalah dalam program bansos COVID tersebut Masalah tersebut setidaknya terkait PBJ yang dilakukan dengan metode penunjukan langsung dan distribusinya Terkait bansos masalah distribusi misalnya adanya pemotongan pungutan liar inclusion dan exclusion error akibat pendataan yang tidak update hingga politisasi kata Almas kepada wartawan Senin 7 12 2020 Salah satu dorongan kami adalah dengan membuat PBJ direncanakan serta dikelola secara transparan misalnya menginformasikan perencanaan pengadaan di Sistem Informasi Rencana Umum Pengadaan SIRUP dan mempublikasikan realisasi pengadaan imbuh Almas Dengan begitu kata dia publik dapat mengawasi apakah pengadaan dilakukan dengan mematuhi ketentuan pengadaan atau tidak Menurutnya kondisi darurat pada dasarnya bukan alasan untuk kemudian menutup informasi dan melakukan pengadaan di ruang gelap Sebab menurutnya pengadaan darurat mempunyai potensi terjadinya korupsi kolusi dan nepotisme yang cukup tinggi Almas mengungkap setidaknya terdapat empat masalah utama terkait dengan PBJ di tengah COVID 19 Masalah pertama kata Almas pemetaan atau identifikasi kebutuhan yang tidak berdasarkan kebutuhan lapangan Kedua terkait soal proses penunjukan vendor Kedua terjadi jual beli penunjukan penyedia dan Surat Perintah Kerja SPK dari Pejabat Pembuat Komitmen PPK Hal ini mengakibatkan penunjukan penyedia tidak sesuai dengan ketentuan penunjukan penyedia dalam keadaan darurat yaitu penyedia yang telah berpengalaman atau pernah menyediakan barang sejenis di instansi pemerintah atau penyedia dalam e katalog Penunjukan penyedia kemudian didasarkan suap atau adanya konflik kepentingan yang membawa keuntungan baik untuk PPK maupun pejabat terkait jelasnya Ketiga terkait potensi penyedia yang ditunjuk oleh PPK hanya penyedia yang mempunyai modal dan kemudian melakukan sub con pekerjaan utama kepada pihak atau perusahaan lain Almas menilai hal itu bisa menimbulkan pemahalan harga tak wajar atau mark up Fenomena ini tak hanya potensial terjadi dalam pengadaan darurat melainkan telah umum terjadi dalam PBJ kondisi normal Keempat melakukan pelunasan pembayaran padahal penyedia belum menyelesaikan pekerjaan atau belum dilakukan pemeriksaan yang memadai terhadap hasil pekerjaan katanya ICW mendesak kasus itu diusut tuntas Simak selengkapnya di halaman berikutnya,0.8387905334296816,0.6666666666666666,0.0,0.0,0.5,0.0,0.0,1.0,0.0,0.0,0.5,0.0,0.5,0.5,0.0,0.0,0.0,0.0,0.5,1.1666666666666665,0.0,1.1666666666666665,0.0,0.0,1.0,0.00872093023255814,0.6,0.027649769585253458,0.5419039425535314
2296,Kemenko PMK Ungkap Dampak Negatif Pembelajaran Jarak Jauh bagi Siswa,Sejumlah pihak mulai mengkhawatirkan dampak pandemi Covid 19 terhadap angka putus sekolah Namun Kementerian Koordinator Pembangunan Manusia dan Kebudayaan PMK menilai corona tidak akan berdampak banyak terhadap angka partisipasi pendidikan Kalau angka partisipasi kasar menurut saya tidak terlalu terdampak Karena proses pembelajaran tetap berlangsung ujar Deputi Pendidikan dan Agama Kemenko PMK Agus Sartono kepada CNNIndonesia com melalui pesan singkat Rabu 8 7 Ia menilai pandemi tidak akan berdampak banyak pada angka partisipasi kasar atau jumlah siswa yang sedang bersekolah karena pemerintah sudah melakukan intervensi agar pembelajaran tetap berjalan Misalnya terkait pengganggaran dan pelonggaran pemakaian dana Bantuan Operasional Sekolah BOS selama pandemi dan pemberian Kartu Indonesia Pintar KIP KIP diharapkan bisa membantu masyarakat terkendala ekonomi agar tak harus putus sekolah Kemendikbud juga memberikan kelonggaran sekolah memakai dana BOS untuk membiayai pembelajaran jarak jauh Namun begitu ia mengakui kebutuhan pembelajaran di tengah pandemi sangat besar Memang sumber daya juga terbatas Tidak mungkin lalu kuota internet disediakan untuk semua siswa Ingat ada setidaknya 66 juta lebih siswa Kalau harus diberi pendanaan untuk kuota internet pasti memerlukan pendanaan yang tidak kecil ujarnya Ia mengatakan keterbatasan akses listrik dan internet juga jadi kendala besar dalam jalannya pendidikan di tengah pandemi Ia menyebut ada 46 ribu satuan pendidikan yang saat ini tidak punya akses listrik dan internet Menurutnya hal ini perlu dimitigasi dengan pendataan dan penanganan dari pihak pemerintah daerah terkait Dia mengatakan pemda harus memastikan akses belajar di wilayahnya terfasilitasi Intervensi serupa lanjutnya dilakukan terhadap mahasiswa yang terancam putus kuliah Dalam hal ini Kemendikbud menginstruksikan perguruan tinggi meringankan biaya Uang Kuliah Tunggal UKT untuk mahasiswa semester akhir dan mahasiswa yang terdampak Agus memahami keadaan pendidikan Indonesia sedang tidak optimal Namun ia mengatakan pihaknya sudah mencari jalan keluar terbaik dan kendala serupa pun juga dialami negara lain Sebelumnya Wakil Ketua Komisi X DPR RI Abdul Fikri Faqih mengatakan pihaknya mendapati banyak sekolah dan kampus swasta yang mulai terancam bangkrut di tengah pandemi Ia khawatir hal ini bisa berdampak pada angka partisipasi pendidikan Terlebih karena sebagian besar institusi pendidikan di Indonesia didominasi swasta Penurunan angka partisipasi pendidikan ini kemudian dikhawatirkan dapat berpengaruh pada indeks pembangunan manusia IPM atau catatan harapan hidup melek huruf pendidikan dan standar hidup negara Terdapat tiga aspek yang menentukan IPM yakni kesehatan pendidikan dan daya beli Fikri menilai kebijakan pemerintah sejauh ini hanya fokus pada dua aspek penentu IPM dan mengabaikan pendidikan Sejak awal digelontorkan Rp405 1 triliun dana covid Coba lihat berapa untuk mendukung daya beli dan ekonomi sementara pendidikan tidak menjadi konsen kebijakan katanya,0.8378943225768762,1.0,0.0,0.0,0.5,0.0,0.0,1.0,0.0,0.5,0.5,0.0,0.5,0.5,0.0,0.0,0.0,0.0,0.5,1.5,0.0,1.5,0.0,0.0,1.0,0.007792207792207792,0.7,0.02834008097165992,0.755294834971432
8009,Judi di Atlantic City Pakai Uang Bansos Covid Pria AS Dibui,Kepolisian di Amerika Serikat menangkap seorang lelaki bernama Andrew Marnell 40 karena memalsukan data untuk mendapatkan uang dari program jaring pengaman sosial Covid 19 PPP yang kemudian dipakai berjudi di kasino Las Vegas Nevada Seperti dilansir AFP 17 7 Marnell yang merupakan penduduk Beverly Grove Los Angeles California ditangkap dan tidak boleh dibebaskan dengan jaminan atas perbuatannya Dilaporkan Marnell mendapatkan US 9 juta sekitar Rp132 7 miliar dari program tersebut Caranya adalah dia memalsukan data dalam sejumlah pengajuan permintaan bantuan kepada pemerintah Menurut jaksa yang menangani kasus itu Marnell menggunakan uang yang didapat dari bansos untuk bermain saham Sisanya dipakai berjudi di kasino Hotel Bellagio dan sejumlah tempat judi lain di Las Vegas Nevada Marnell dilaporkan akan menjalani sidang pada Selasa pekan depan Dia terancam dipenjara selama 30 tahun karena melakukan penipuan perbankan Program PPP yang diluncurkan pemerintah AS menggelontorkan anggaran hingga US 2 2 triliun Program itu dimaksudkan untuk membantu penduduk AS bertahan hidup di tengah gelombang krisis ekonomi dan pemutusan hubungan kerja akibat pandemi Covid 19,0.8354328683263279,1.0,0.0,0.0,0.5,0.0,0.0,1.0,0.0,0.0,1.0,0.0,0.5,0.5,0.0,0.0,0.0,0.0,0.5,1.5,0.0,1.5,0.0,0.0,1.0,0.0,0.5454545454545454,0.04878048780487805,0.39346702836548353
13754,Ahli Sebut Rekor Sembuh Indikator Pengendalian Corona,Ahli Epidemiologi FKM Universitas Indonesia UI Iwan Ariawan mengatakan rekor baik pasien sembuh Covid 19 tak berarti menandakan tren positif pengendalian Covid 19 di Indonesia Tambahan kasus sembuh di Indonesia pada Kamis 15 10 lalu sebanyak 5 810 orang dengan akumulasi mencapai 273 661 orang Angka 5 8 ribu kasus sembuh ini merupakan rekor tertinggi di Indonesia Pengendalian wabah tidak bisa dinilai dari angka kesembuhan karena pada Covid memang 85 90 persen akan sembuh Tanda baik untuk kesembuhan pasien tapi bukan indikator untuk memantau pengendalian wabah kata Iwan saat dihubungi CNNIndonesia com Senin 19 10 Iwan mengatakan patokan tren positif pengendalian wabah adalah melalui angka reproduksi efektif Rt dan kasus baru Covid 19 Menurut data yang disusun Fakultas Kesehatan Masyarakat Universitas Indonesia FKM UI di dalamnya dijelaskan bahwa nilai Rt di Jakarta saat ini berkurang menjadi 1 07 Artinya saat ini 100 orang berpotensi menularkan virus kepada 107 orang lainnya Pemantauan wabah harus dengan jumlah kasus baru yang sampai saat ini masih terus meningkat dan angka reproduksi efektif masih di atas 1 jadi wabah belum terkendali tutur Iwan Berdasarkan data Kementerian Kesehatan Kemenkes pada 15 Oktober pasien sembuh terbanyak berasal dari Jawa Tengah Provinsi yang dipimpin Ganjar Pranowo itu mencatat 2 233 orang sembuh Di posisi kedua ada DKI Jakarta dengan 1 050 orang Kemudian disusul Jawa Timur dengan 312 orang Jawa Barat 304 orang dan Banten 250 orang Maluku 180 orang Diikuti oleh Bali 157 orang Aceh 149 orang Kalimantan Timur 135 orang Sumatera Barat 131 orang Sulawesi Selatan 119 orang Riau 115 orang dan Sumatera Utara 110 orang Provinsi lainnya mencatat tambahan kasus sembuh di bawah 100 orang Provinsi dengan penambahan pasien sembuh sedikit yakni Jambi dan Sulawesi Tengah masing masing mencatat penambahan 3 orang Sebanyak tiga provinsi bahkan tidak mencatatkan penambahan pasien sembuh harian di antaranya Bengkulu Lampung dan Nusa Tenggara Timur NTT Sementara secara akumulatif kasus sembuh terbanyak disumbang oleh DKI Jakarta sebanyak 75 881 orang Kemudian disusul Jawa Timur sebanyak 41 786 orang Jawa Tengah 22 264 orang Jawa Barat 19 097 orang dan Sulawesi Selatan 14 489 orang Secara nasional kasus positif pada Kamis 15 10 mengalami penambahan 4 411 kasus sehingga total mencapai 349 160 orang Dari jumlah tersebut 273 661 orang dinyatakan sembuh dan 12 268 orang lainnya meninggal dunia,0.8334820511427306,0.5,0.0,0.0,0.5,0.0,0.0,1.0,0.0,0.5,0.5,0.0,0.5,0.5,0.0,0.0,1.0,1.0,0.5,3.0,0.0,3.0,1.0,0.0,1.0,0.0,0.7142857142857143,0.024509803921568627,0.7618897770312246
7152,MUI Ungkap Alasan Penyelenggara Acara Megamendung Mangkir Diperiksa,Dua orang panitia penyelenggara acara yang menimbulkan kerumunan di Megamendung Bogor mangkir dari pemeriksaan Polda Jabar Apa alasan kedua orang diduga penyelenggara itu mangkir Ada agenda yang sudah terjadwal sebelumnya ujar Wakil Sekretaris Umum FPI Aziz Yanuar kepada detikcom Rabu 9 12 2020 Dua orang berinisial UA dan HMA tersebut sedianya bakal diperiksa di tingkat penyidikan pada Selasa 8 12 kemarin Pemeriksaan dilakukan di Bogor Namun keduanya tak memenuhi panggilan polisi Polisi pun akan kembali melayangkan surat panggilan yang kedua Apakah dua penyelenggara akan hadir pada panggilan kedua Nanti kita lihat saja kata Azis Polda Jabar meningkatkan status hukum berkaitan dugaan pelanggaran Pembatasan Sosial Berskala Besar PSBB saat acara yang dihadiri Habib Rizieq Syihab di Megamendung Bogor Perkara tersebut naik penyidikan Sekadar diketahui Habib Rizieq menghadiri peletakan baru pertama pembangunan Pondok Pesantren Ponpes Alam Agrokultural Markaz Syariah DPP FPI di Desa Kuta Kecamatan Megamendung Kabupaten Bogor Jumat 13 11 Kegiatan tersebut menimbulkan kerumunan massa di tengah situasi pandemi COVID 19 Terlebih Pemkab Bogor melalui keputusan bupati kepbup menyebutkan area Bogor masih menjalani PSBB pra adaptasi kebiasaan baru AKB Dalam kepbup itu tertuang sejumlah aturan terkait batasan kerumunan massa Simak juga video 6 Pengikut HRS Mati Ditembak Polisi FPI Ungkap Kondisi Jenazahnya Gambas Video 20detik,0.8334197679093188,0.5,0.0,0.0,0.5,0.0,0.0,1.0,0.0,0.5,0.5,0.0,0.5,0.5,0.0,0.0,0.0,0.0,0.5,1.0,0.0,1.0,0.0,0.0,1.0,0.004975124378109453,0.875,0.0457516339869281,0.875176004753502
13535,Anies Peringatkan Satgas Covid soal Kapasitas RS Sejak Juli,Ketua Satuan Tugas Penanganan Covid 19 Doni Monardo mengatakan sempat memperingatkan Gubernur DKI Jakarta Anies Baswedan soal peningkatan kapasitas rumah sakit sejak Juli lalu Dari 67 rumah sakit rujukan Covid 19 di Jakarta sebanyak 20 di antaranya telah terisi penuh Saya sejak 23 Juli lalu sudah menyampaikan kepada Gubernur DKI tentang tren peningkatan bed occupancy rate di wilayah Jakarta Ada 67 RS rujukan Covid ada 20 yang memang penuh 100 persen ujar Doni dalam konferensi pers usai rapat terbatas bersama Presiden Joko Widodo melalui akun Youtube Sekretariat Presiden Senin 14 9 Meski kapasitas di 20 rumah sakit telah penuh Doni memastikan ruang ICU di 47 RS rujukan lainnya masih mencukupi Bahkan kata dia Menteri Kesehatan Terawan Agus Putranto telah menambah kapasitas ICU di 40 rumah sakit rujukan Covid 19 milik pemerintah pusat dan BUMN Jadi kekhawatiran bahwa tanggal 17 September yang akan datang itu RS penuh semua mudah mudahan bisa kita atasi dengan baik katanya Selain fasilitas di rumah sakit Doni juga memastikan ketersediaan ruangan di RS Darurat Wisma Atlet dan sejumlah hotel bintang dua dan tiga untuk isolasi mandiri pasien Covid 19 dengan gejala ringan maupun tanpa gejala Anies kembali menerapkan Pembatasan Sosial Berskala Besar PSBB mulai Senin 14 9 Kebijakan ini diambil lantaran kasus Covid 19 di ibu kota terus melonjak Anies juga sempat mengungkapkan kekhawatirannya soal kapasitas rumah sakit yang akan membludak pada 17 September mendatang Ketentuan mengenai PSBB ini diatur dalam Peraturan Gubernur Nomor 88 Tahun 2020 yang ditandatangani Anies pada 13 September lalu Doni mengatakan bahwa proses penyusunan Pergub DKI itu telah melibatkan tim Satgas Kemarin saat terbitnya Pergub DKI di mana satgas melalui Ketua Tim Pakar Prof Wiku telah dilibatkan dalam proses penyusunan Pergub DKI ucap Doni,0.8284842370149358,1.0,0.0,0.0,0.5,0.0,0.0,1.0,0.0,0.5,0.5,0.0,0.5,0.5,0.0,0.0,1.0,1.0,0.5,3.5,0.0,3.5,1.0,0.0,1.0,0.007633587786259542,0.8888888888888888,0.0449438202247191,0.7132683360595187
2928,Aa Gym Positif COVID 19 Masjid Al Azhar Ditutup untuk Umum,Penceramah kondang Abdullah Gymnastiar mengumumkan dirinya positif COVID 19 Kabar itu disampaikan pria yang akrab disapa Aa Gym itu melalui saluran YouTube dan Instagramnya pada Selasa 29 12 2020 Bagaimana kondisi terkini di Masjid Daarut Tauhiid yang jadi pusat kegiatan Aa Gym menyiarkan dakwah Masjid Daarut Tauhiid ditutup untuk publik sejak 27 Desember hingga 2 Januari 2021 mendatang Penutupan masjid dilakukan lebih awal atau satu hari sebelum Aa Gym dinyatakan positif terpapar virus Corona Seperti diketahui hasil swab Aa Gym keluar pada Senin 28 12 dan diumumkan pagi ini Pantauan detikcom pintu dua masuk utama menuju masjid ditutup rapat Pengurus masjid pun menempelkan informasi bahwa masjid ditutup dalam waktu satu pekan dalam rangka pembersihan perbaikan dan pemeliharaan masjid Serta dalam rangka memutus mata rantai penularan COVID 19 Insya Allah satu pekan ke depan mulai tanggal 27 Desember 2020 2 Januari 2021 Masjid Daarut Tauhiid Bandung akan ditutup sementara waktu dan tidak digunakan untuk kegiatan ibadah seperti tertulis dalam pengumuman tersebut Suasana masjid pun dari luar tampak sepi hanya ada lalu lalang warga dan pengendara yang melintas Hal yang sama juga terpantau di Pesantren Daarut Tauhiid informasi yang dihimpun pondok pesantren binaan Aa Gym tersebut memulangkan santri santrinya sejak pandemi COVID 19 merebak pada Maret lalu Pengurus Masjid Daarut Tauhiid Aep Saepudin membenarkan penutupan masjid tersebut lebih awal sebelum Aa Gym mengumumkan positif COVID 19 Pasalnya DKM tengah melakukan perbaikan interior masjid Betul lebih awal sebelum Aa Gym positif COVID 19 ujar Aep saat dikonfirmasi detikcom Terkait perpanjangan penutupan masjid Aep mengatakan kewenangan tersebut akan dibahas lebih lanjut oleh jajaran pengurus lainnya Itu keputusannya di pengurus tuturnya Sebelum dinyatakan positif Corona Aa Gym menceritakan ia sempat melakukan perjalanan ke Bandung pada hari Rabu 23 12 2020 Kala itu Aa Gym masih merasa tubuhnya sehat dan bisa beraktivitas seperti biasa bahkan pada hari Kamisnya ia sempat melakukan kemping di Bandung Malam Kamisnya di gunung kemping Kamis pagi masih berenang dan bertugas Hari Jumat pagi mau bersepeda tapi tidak mau terlalu capek Jadi di halaman luar masjid Salman cari yang paling aman di taman yang tidak banyak orang jelasnya Namun menjelang kembali ke Jakarta pada hari Sabtu 26 12 2020 kondisi Aa Gym mulai menurun Bahkan ia harus di infus dan meminum berbagai vitamin agar tubuhnya kembali bugar Saat itu Aa Gym juga melakukan tes Corona berupa rapid test antibodi Di rapid hasilnya hari Sabtu itu non reaktif ujarnya Aa Gym mengatakan ia diduga kelelahan sehingga kondisi tubuhnya menurun Aa Gym pun memilih untuk melakukan isolasi mandiri meski hasil rapid test antibodinya non reaktif Hingga akhirnya pada hari Senin 28 12 2020 ia melakukan tes swab bersama anaknya dan diketahui Aa Gym positif Corona Hari Seninnya juga full menyendiri nunggu giliran di swab Hari Selasa kemarin swab seperti yang dilihat di Facebook ditemani anak kata Aa Gym Diswab termasuk santri yang suka mendampingi dan sesudah di swab tadi malam hasilnya didapat anak negatif tidak kena COVID dan Aa positif COVID lanjutnya,0.8276616070348695,0.0,0.0,0.0,0.5,0.0,0.0,1.0,0.0,0.5,0.5,0.0,0.36363636363636365,1.0,0.0,0.0,1.0,1.0,1.0,3.0,0.0,3.0,1.0,0.0,1.0,0.011627906976744186,0.7272727272727273,0.031496062992125984,0.6201642261050615
5867,Larang Batik Air ke Pontianak Gubernur Kalbar Ada Maladministrasi,Gubernur Kalimantan Barat Sutarmidji melarang maskapai Batik Air terbang ke Pontianak hingga 10 hari ke depan terkait temuan penumpang positif Corona COVID 19 Sutarmidji menegaskan kebijakan dalam penanganan saat pandemi tidak bisa disamakan dengan masa normal Kondisi penanganan pandemi jangan berdebat dengan aturan di masa normal Saya paham aturan tidak ada yang namanya Maladministrasi Lex Specialis Derogat Legi Generalis artinya aturan yang khusus mengesampingkan aturan yang umum Ini kondisi pandemi jangan bicara seperti kondisi normal kata Sutarmidji melalui Akun Facebook pribadinya seperti dilihat detikcom Minggu 27 12 2020 Ia mengaku sudah berkoordinasi dengan Angkasa Pura Supadio dan KKP terkait keputusan melarang maskapai Batik Air terbang ke Pontianak hingga 10 hari ke depan Ia menyebut pihak Angkas Pura Bandara Supadio dan KKP lempar tanggung jawab Koordinasi penting tapi kalau diajak koordinasi cuek maka keputusan untuk kepentingan masyarakat yang lebih besar harus diambil ujarnya Untuk itu ia meminta maaf kepada semua pihak jika keputusan Pemerintah Provinsi Kalbar membuat tidak nyaman Ia mengatakan keputusan itu semata untuk mengingatkan jika pelanggaran selalu ditoleransi maka akan menjadi masalah besar Mohon maaf kalau ada yang tak nyaman atau tak berkenan atas Keputusan Satgas COVID 19 Kalbar Ingat ketika suatu pelanggaran selalu ditoleransi maka suatu saat dia akan jadi masalah besar karena pelanggaran dianggap bukan pelanggaran lagi tuturnya Berita selengkapnya di halaman berikutnya,0.8271775638577014,1.0,0.0,0.0,0.5,0.0,0.0,1.0,0.0,0.5,1.0,0.0,0.5,0.5,0.0,0.0,1.0,-1.0,0.5,2.5,1.0,1.5,1.0,0.0,1.0,0.010050251256281407,0.8888888888888888,0.05714285714285714,0.8335758127239045
2797,Tantangan Pembatasan Polri untuk Melawan Covid Ada di Pemda,Pengamat militer dari Institute for Security and Strategic Studies ISESS Khairul Fahmi menyebut pelibatan unsur TNI dalam Inpres Nomor 6 Tahun 2020 Tentang Peningkatan Disiplin dan Penegakan Hukum Protokol Kesehatan dalam Pencegahan dan Pengendalian Covid 19 harus dibarengi dengan turunan hukum dari masing masing Kepala Daerah Fahmi menilai apa yang tercantum Inpres tersebut secara normatif memang selaras dengan bentuk kegiatan Operasi Militer Selain Perang OMSP yang tercantum dalam Undang undang Nomor 34 tahun 2004 tentang TNI Di sana kata dia salah satu pasalnya mengatakan soal TNI yang membantu tugas pemerintahan di daerah dan membantu Polri dalam rangka tugas keamanan dan ketertiban masyarakat yang diatur dalam undang undang Namun untuk tataran pelaksanaan di lapangan Inpres tersebut membutuhkan pijakan lagi dari pemerintah daerah baik berupa Peraturan Gubernur atau Peraturan Bupati Walikota untuk memastikan batasan batasan keterlibatan TNI dalam kegiatan itu Meski Inpres sudah memberi panduan terkait bentuk sanksi namun Inpres tersebut tidak merumuskan secara rinci bagaimana penerapannya Gubernur Bupati dan Walikota hanya diminta melakukan koordinasi dengan Kementerian Lembaga terkait TNI dan Polri kata Fahmi saat dihubungi CNNIndonesia com melalui pesan singkat Jumat 7 8 Fahmi tak menampik akan ada potensi munculnya masalah dari pelibatan unsur TNI yang diterjunkan langsung ke masyarakat untuk membantu pendisiplinan masyarakat dalam penerapan protokol kesehatan Lagi pula kata Fahmi TNI mestinya tak berhadapan langsung dengan masyarakat dalam penerapan sanksi bagi pelanggar protokol kesehatan Covid 19 Sebab penegakan hukum dan ketertiban masyarakat tetap di bawah komando pemerintah daerah dan Polri Isi peraturan peraturan tersebut mestinya tidak boleh melanggar prinsip prinsip hak asasi manusia bahwa pengawasan patroli dan pembinaan masyarakat itu dilakukan dalam koridor penegakan disiplin penegakan hukum dan ketertiban masyarakat kata dia Masalahnya bisakah dijamin Pergub Perbup Perwal itu dapat mengatur secara rinci batasan ruang lingkup kewenangan TNI dalam pengawasan pembinaan masyarakat dan penerapan sanksi kata dia Sementara itu bila merujuk pada Inpres 6 2020 Presiden Jokowi memang memerintahkan pemangku kepentingan baik di tingkat pusat hingga daerah untuk bersinergi menangani pandemi Covid 19 Dalam Inpres tersebut secara khusus Jokowi meminta agar Menteri Koordinator Bidang Politik Hukum dan Keamanan Menko Polhukam yang saat ini dijabat Mahfud MD untuk melakukan koordinasi dan sinkronisasi serta pengendalian pelaksanaaan pendisiplinan di masyarakat dalam menjalani protokol kesehatan pencegahan Covid 19 Menko Polhukam Mahfud MD mengatakan akan segera memanggil pihak pihak terkait dalam rangka koordinasi penerapan Instruksi Presiden Nomor 06 Tahun 2020 Tentang Peningkatan Disipilin dan Penegakan Hukum Protokol Kesehatan dalam Pencegahan dan Pengendalian Covid 19 Koordinasi itu disebutkan mungkin akan digelar di kantornya Senin 10 8 Saya akan segera mengumpulkan dalam sebuah pertemuan mungkin di awal minggu depan Senin Saya akan kumpulkan menteri terkait dan kepala daerah kata Mahfud saat melakukan konferensi Pers melakui aplikasi Zoom Meeting dengan wartawan Jumat 7 8 Pertemuan ini kata Mahfud untuk membicarakan mengenai bagaimana langkah tindak lanjut atas Inpres ini di masing masing daerah Beberapa di antaranya dari mulai siapa yang mengawasi hingga bagaimana penegakan hukum yang berlaku di masing masing wilayah tersebut,0.8247458175406602,1.0,0.0,0.0,0.5,0.0,0.0,1.0,0.0,0.0,0.5,0.0,0.5,0.5,0.0,0.0,0.0,0.0,0.5,1.5,0.0,1.5,0.0,0.0,1.0,0.0,0.5555555555555556,0.02074688796680498,0.30687323908082453
10596,HOAKS Covid 19 Disebut Nyata Catut Profesor dari Cornell University,Berdasarkan verifikasi Kompas com sejauh ini informasi ini tidak benar Beredar narasi Covid 19 tidak nyata dengan mencatut nama Robert Oswald ahli virologi dan ahli imunologi dari Cornell University sebagai pembuat narasi Dalam narasi itu disebutkan Oswald dan tim peneliti mendapati bahwa Covid 19 hanyalah flu biasa Karena itu mereka menggugat CDC atas sangkaan penipuan Covid 19 Narasi itu hoaks Profesor di Department of Molecular Medicine Cornell University Robert Oswald menegaskan narasi Covid 19 tidak nyata yang mencatut namanya tidak ada hubungannya dengan dirinya dan Cornell University Ia mengatakan isi pesan bahwa Covid 19 tidak nyata adalah salah Dari penelitian ilmiah terbukti bahwa Covid 19 benar ada Ia juga menyangkal adanya tuntutan hukum Cornell University terhadap Centers for Disease Control and Prevention CDC Amerika Serikat Sebuah akun Facebook pada Minggu 28 12 2020 mengedarkan informasi mengenai Covid 19 tidak nyata yang ditulis seseorang bernama Robert Oswald dari Cornell University Hingga Kamis 31 12 2020 posting tersebut sudah dibagikan 124 kali dan mendapat 72 komentar Dalam narasi itu Oswald yang bergelar PhD di bidang virologi dan imunologi menceritakan hasil penelitiannya terhadap 1 500 sampel yang diduga positif Covid 19 di California Selatan Dari hasil ujinya sebagian besar sampel terkena Influenza A sisanya Influenza B Tidak ada satu pun kasus Covid 19,0.8240989327181723,1.0,0.0,0.0,0.5,0.0,0.0,0.0,0.0,0.5,0.5,0.0,0.3333333333333333,1.0,0.0,0.0,1.0,-1.0,1.0,3.0,1.0,2.0,1.0,0.0,1.0,0.016304347826086956,0.8,0.06153846153846154,0.7094414109564849
5384,Menkes Gaungkan Flattening The Curve di Momen Kasus Corona Tembus 1 Juta,Menteri Kesehatan Menkes Budi Gunadi Sadikin mengungkap dua langkah yang mesti ditingkatkan untuk menangani pandemi Covid 19 usai jumlah kasus positif Covid 19 di Indonesia menembus angka 1 juta Budi mengatakan cara pertama adalah memperketat kedisiplinan di masyarakat Menurutnya hal ini jadi cara paling ampuh mengurangi laju pertambahan kasus Harus sangat disiplin memakai masker mencuci tangan menjaga jarak Ini sangat susah dan ini tidak bisa dilakukan seorang diri oleh pemerintah tanpa bersama sama rakyat dan komponen bangsa lainnya membangun gerakan disiplin ini kata Budi di Istana Kepresidenan Jakarta Selasa 26 1 Budi berharap masyarakat bisa membantu pemerintah dengan disiplin menerapkan protokol kesehatan Ia menyebut kedisiplinan bisa menyelamatkan diri dan lingkungan Cara kedua adalah menggencarkan tes testing penelusuran kontak tracing dan perawatan pasien tracing Budi berkata tiga hal itu adalah kewajiban pemerintah Tanggung jawabnya ada di Kementerian Kesehatan untuk memastikan program testing dari rakyat yang diduga terkena agar kita bisa identifikasi dan mengurangi laju penularan ujar Budi Kita juga harus melakukan tracing atau pelacakan terhadap kontak erat dari yang positif sehingga bisa mengurangi laju penularan Dan kita harus bisa menyediakan tempat isolasi yang nyaman ucapnya Budi berjanji pemerintah akan bekerja keras menangani pandemi Ia berharap masyarakat bisa ikut bekerja sama dalam menghadapi pandemi Tujuannya satu mengurangi laju penularan flattening the curve tuturnya Hari ini Selasa 26 1 kasus positif Covid 19 di Indonesia menembus angka 1 juta Pemerintah mencatat ada 1 012 350 kasus sejak pandemi melanda Dari catatan itu terlihat ada 28 468 orang meninggal dunia karena virus corona Sementara itu masih ada 163 526 kasus aktif atau orang yang masih terpapar Covid 19,0.8227980158904298,0.5,0.0,0.0,0.5,0.0,0.0,1.0,0.0,0.0,0.5,0.0,0.25,0.0,1.0,0.0,0.0,0.0,1.0,1.5,0.0,1.5,0.0,0.0,1.0,0.012,0.75,0.05660377358490566,0.6334493525794824
11605,Peringatkan Fase Baru Pandemi Penasihat Covid Dikritik Biden,Presiden Donald Trump mengkritik penasihat virus corona Gedung Putih Deborah Birx usai dia memperingatkan Amerika Serikat telah masuki fase baru pandemi Trump menyebut kondisi sebaliknya bahwa pandemi virus corona di AS sudah dapat dikendalikan Dia bahkan berpikir untuk membuka kembali sekolah dan bisnis Yah saya pikir kami baik baik saja dan kami telah melakukan dengan baik seperti halnya negara lain kata Trump kepada wartawan pada jumpa pers Senin 3 8 sore seperti dikutip dari CNN Trump menilai pernyataan Birx yang juga koordinator gugus tugas virus corona Gedung Putih itu bisa menjadi bumerang bagi pemerintah yang tengah berupaya melawan pandemi virus corona Birx diketahui mendapat serangan dari Ketua DPR Nancy Pelosi dan menganggapnya menyebarkan disinformasi Menurut Pelosi Trump selalu menyebarkan informasi yang salah tentang virus corona karena itu dia tidak percaya dengan Birx Jadi Crazy Nancy Pelosi mengatakan hal hal buruk tentang Deborah Birx menyerangnya karena dia terlalu positif pada tugas kami dalam memerangi Virus China termasuk vaksin dan terapi Namun untuk melawan Nancy Deborah justru menyambut umpan dan menyerang kami Menyedihkan kata Trump di Twitter Ini merupakan kali pertama Trump mengkritik Birx Sebelumnya dia dan sejumlah pejabat Gedung Putih lainnya lebih sering menyerang pakar penyakit menular Anthony Fauci Birx sebelumnya memperingatkan bahwa AS telah memasuki fase baru pandemi virus corona Dia mengatakan virus corona tak hanya mengancam kota kota besar tetapi juga ke daerah pedesaan Menurut dia apa yang terjadi saat ini berbeda dari Maret dan April Pandemi ini tersebar luas masuk ke daerah pedesaan begitupun daerah perkotaan Untuk semua orang yang tinggal di daerah pedesaan Anda tidak kebal atau terlindungi dari virus ini ujar Birx Kami berada dalam fase baru katanya menambahkan Dia menegaskan bahwa berpegang pada pedoman kesehatan dan keselamatan seperti mengenakan masker menjaga kebersihan pribadi dan menjaga jarak sangatlah penting AS menjadi negara paling terpapar parah virus corona di dunia Berdasarkan data statistik Worldometer hingga Selasa 4 8 AS memiliki 4 861 987 kasus virus corona dan 158 914 kematian,0.8216138258142486,0.0,0.0,0.0,0.5,0.0,0.0,1.0,0.0,0.0,0.5,0.0,0.5,0.5,0.0,0.0,1.0,1.0,0.5,2.5,0.0,2.5,1.0,0.0,1.0,0.006622516556291391,0.5,0.02040816326530612,0.39744303366850275
8408,Ambulans RSUD dr Iskak Malang Tabrak Biker di Blitar,Sebuah ambulans RSUD dr Iskak Tulungagung terlibat kecelakaan di Blitar Ambulans menabrak pemotor dari arah berlawanan hingga korban harus mendapat perawatan di rumah sakit Kecelakaan itu terjadi pukul 14 00 WIB Lokasinya di Jalan Umum menikung Desa Mronjo Kecamatan Selopuro Kabupaten Blitar Dua kendaraan yang adu banteng adalah ambulans nomor polisi AG 8331 RP dengan sepeda motor Yamaha AG 6286 QE Keterangan saksi mata di lokasi kejadian ambulans berjalan dari arah barat ke timur Pas di lokasi jalannya mengarah ke kanan melewati as jalan Selanjutnya terjadi benturan dengan sepeda motor yang berjalan dari arah timur ke barat Benturan dari arah berlawanan terang Kasat Lantas Polres Blitar AKP Rudi Purwanto dikonfirmasi detikcom Selasa 26 1 2021 Akibat benturan itu lanjut Rudi dua korban mengalami luka ringan dan dievakuasi di RSUD Ngudi Waluyo Wlingi Kedua korban yang terluka bernama Luki Prasetyo dan Yayuk Lusi Suryati warga Dusun Sumberejo Desa Slorok Kecamatan Doko Sementara kondisi kaca depan mobil ambulans hancur berantakan Sang sopir Dedi Irawan warga Tulungagung kemudian menghubungi rumah sakit untuk mengganti ambulans nya dengan ambulans lain Saat terjadi kecelakaan ia membawa pasien ke Malang Ambulans yang mengalami laka lantas itu membawa pasien rujukan tapi bukan COVID 19 ke rumah sakit di Malang Ambulans itu dari RSUD dr Iskak Tulungagung Karena kondisi ambulans rusak parah bagian depan maka pasien dipindahkan ke ambulans lain yang didatangkan dari Tulungagung bebernya Akibat laka lantas ini korban selain mengalami luka ringan juga mengalami kerugian sekitar Rp 500 ribu Saat ini sopir ambulans masih diminta keterangan oleh pihak kepolisian,0.820234652967601,1.0,0.0,0.0,0.5,0.0,0.0,1.0,0.0,0.5,1.0,0.0,0.5,0.5,0.0,1.0,1.0,1.0,0.5,3.5,0.0,3.5,1.0,0.0,1.0,0.01694915254237288,0.7777777777777778,0.04516129032258064,0.7905474251822984
2574,Pemprov DKI Sebut Makam di TPU Tegar Alur Sisa 400 Liang,Lahan pemakaman blok muslim di TPU Tegal Alur telah terisi penuh oleh jenazah pasien COVID 19 Pemakaman hanya melayani sistem tumpang Bisa dengan sistem tumpang Untuk memakai peti hanya muat satu jenazah COVID 19 kata Kasatpel TPU Tegal Alur Wawin Wahyudi saat dihubungi Rabu 13 1 2021 Makam yang hendak ditumpangi lanjut Wawin minimal berusia 3 tahun Nantinya dalam satu liang lahad bisa dikuburkan satu jenazah pasien COVID 19 beserta petinya Kalau kita kedalaman kan satu setengah meter Kalau ditumpang sama COVID kayaknya juga muat satu kecuali sudah termakan waktu petinya udah hancur mungkin bisa lagi Tapi saat ini hanya bisa ditumpang satu Jadi misalnya makam yang udah ada berarti bisa ditumpang satu jenazah COVID Soalnya kalau pakai peti butuh tempat ruang yang cukup jelasnya Penerapan makam tumpang ini memerlukan persyaratan khusus di antaranya mengantongi izin penggunaan tanah makam IPTM serta mendapatkan persetujuan ahli waris makam yang akan ditumpangi Jadi makam yang akan ditumpangi harus miliki surat IPTM yang masih berlaku terus persetujuan ahli waris makam yang akan ditumpangi tuturnya Sebagai informasi Kepala Dinas Pertamanan dan Hutan Kota Pemprov DKI Jakarta Suzi Marsitawati pada Jumat 8 1 lalu menyebut masih ada 400 liang lahad di TPU Tegal Alur Pinciannya 200 liang lahad untuk jenazah muslim Namun Wawin mengakui dalam empat hari terakhir ini rata rata jenazah COVID 19 muslim yang dimakamkan di TPU Tegal Alur mencapai 50 orang per harinya Hal inilah yang menyebabkan blok muslim di TPU ini terisi penuh Empat hari dikali lima puluh jenazah Hari Senin itu malah 53 Jadi statement bu Suzi benar Jumat 200 terangnya,0.8187266957081464,1.0,0.0,0.0,0.5,0.0,0.0,1.0,1.0,1.0,1.0,0.0,0.3333333333333333,0.0,1.0,0.0,0.0,0.0,1.0,2.0,0.0,2.0,0.0,0.0,0.0,0.013215859030837005,0.7272727272727273,0.05194805194805195,0.6470807267855686
1871,Mensos Tersangka KPK Kemensos Pastikan Penyaluran Bansos Terkendala,Menteri Sosial Mensos Juliari Batubara menjadi tersangka dugaan suap bantuan sosial bansos untuk penanganan COVID 19 Kementerian Sosial Kemensos menyebut penyaluran bansos ke masyarakat tidak mengalami kendala Oh tidak ada kendala penyaluran bansos Kita kan penyerapan anggaran sudah 97 2 persen ya kita menyelesaikan dan kita akan persiapkan anggaran di tahun 2021 Karena sistem kan program terus berjalan ya kata Sekretaris Jenderal Kemensos Hartono Laras saat konferensi pers di gedung Kemensos Jakarta Pusat Minggu 6 12 2020 Dia menambahkan anggaran Kemensos pada 2020 ini sebesar ratusan triliun rupiah Hartono menjelaskan Kemensos terus bekerja keras agar bansos bisa diterima masyarakat dengan baik Hampir 9 bulan terakhir ini kami beserta seluruh jajaran Kementerian Sosial dengan seluruh Kepala Dirjen Kepala Badan staf ahli tentu Inspektorat Jenderal tanpa mengenal lelah untuk memastikan bansos tersalurkan atau disalurkan secara cepat Dan kemudian secara tepat sasaran dan kami berusaha untuk terus mematuhi prinsip prinsip akuntabilitas terangnya Hartono mengaku kaget atas korupsi yang terjadi di lingkungan Kemensos Dia pun menyebut Kemensos mendukung penuh proses hukum yang sedang dilakukan Komisi Pemberantasan Korupsi KPK atas ditetapkan Juliari Batubara dan beberapa orang lainnya sebagai tersangka Pertama kami seluruh jajaran Kementerian Sosial tentu prihatin dan sangat kaget apa yang terjadi pada tanggal 5 kemarin dini hari ya ada penangkapan atau OTT terhadap sejumlah orang termasuk salah satunya oknum pejabat dari Kementerian Sosial Dan juga kemudian pengembangan yang kemudian penetapan tersangka untuk berapa orang jelasnya Dia pun mengatakan Kemensos serius memberantas korupsi Kemensos lanjutnya akan bekerja sama dengan aparat penegak hukum untuk memberantas korupsi Dan tentu kami akan bekerja sama dan membuka akses penuh terhadap berbagai informasi yang diperlukan guna proses hukum yang sedang berjalan Hal ini tentu sebagai bentuk keseriusan kami dan dukungan penuh Kementerian Sosial dalam upaya untuk pemberantasan korupsi tandas dia Simak video Mensos Tersandung Korupsi Bagaimana Nasib Penyaluran Bansos Corona Gambas Video 20detik Saat ini Menteri Sosial Juliari Batubara telah menyerahkan diri ke KPK Kasus yang menjerat Juliari selengkapnya ada di halaman berikutnya,0.8163231216303304,1.0,0.0,0.0,0.5,0.0,0.0,1.0,0.0,0.5,0.5,0.0,0.5,0.5,0.0,0.0,1.0,1.0,0.5,3.5,0.0,3.5,1.0,0.0,1.0,0.003236245954692557,0.75,0.03125,0.7102549358208132
13439,Risma Ucapkan Terima Kasih ke Rakyat dan Eri Armudji,Eri Cahyadi dan Armudji dalam debat publik Pilkada Surabaya berterima kasih kepada berbagai elemen di Kota Pahlawan sebagai bentuk respek atas gotong royong warga dan Pemkot Surabaya dalam membangun kota selama ini Terima kasih kepada para kiai bu nyai tokoh agama tokoh masyarakat yang memberikan support Terima kasih kepada Ketua Umum PDI Perjuangan Ibu Hj Megawati Soekarnoputri terima kasih kepada teman teman PSI dan seluruh partai pendukung PBB Hanura PKPI Garuda Berkarya Kepada orang tua dan istri kami yang selalu mendampingi kami kata Eri dalam keterangan tertulis Minggu 6 12 2020 Mereka juga berterima kasih kepada tenaga kesehatan TNI dan Polri yang terus menjaga Surabaya termasuk di masa pandemi COVID 19 Tak lupa ucapan terima kasih jgua diucapkan kepada kader posyandu kader lingkungan kader kesehatan seluruh ketua RT RW LPMK dan karyawan Pemkot Surabaya baik ASN atau honorer Eri Armudji juga berterima kasih kepada perguruan tinggi dan semua tenaga pendidik yang selama ini telah bekerja keras membangun kualitas sumber daya manusia SDM Surabaya Terima kasih kepada seluruh rakyat Surabaya Juga kepada para pemimpin kami wali kota sebelumnya Pak Bambang DH dan Bu Risma Karena buat kami terima kasih ini penting imbuh Eri Selalu dikatakan Wa man lam yasykur an nas lam yasykur Allah karena siapa yang tidak bisa berterima kasih kepada orang lain itu adalah manusia yang tidak bersyukur kepada Allah ujar Eri mengutip Hadits Nabi Muhammad SAW yang diriwayatkan oleh Abu Daud dan At Turmuzi Sementara itu Armudji mengatakan tidak ada satu kebaikan yang bisa dicapai dengan cara menghancurkan kebaikan yang sudah ada sebelumnya Hal ini disampaikan untuk mengingatkan kembali soal video viral yang menjelek jelekkan Risma sebelumnya Ingatlah tidak ada satu pun kebaikan yang bisa dicapai dengan cara menghancurkan kebaikan yang ada Apalagi saat ini ada yang dengan bangga bernyanyi nyanyi akan menghancurkan kebaikan Surabaya itu sekarang ungkapnya Armudji mengatakan membangun kebaikan hanya bisa dilakukan dengan berpijak pada kebaikan yang sudha dibangun pendahulunya Ia dan Eri kemudian menutup debat dengan parikan Nang masjid budal ngaji tuku soto nang Joyoboyo Eri Armudji nomer siji Matur nuwun kagem sedoyo arek arek Suroboyo pungkasnya Lihat juga video Pesan Risma ke Eri Armuji yang Diusung PDIP di Pilkada Surabaya Gambas Video 20detik,0.8146023836339201,1.0,0.0,0.0,0.5,0.0,0.0,1.0,0.0,0.5,0.5,0.0,0.5,0.5,0.0,0.0,0.0,0.0,0.5,1.5,0.0,1.5,0.0,0.0,1.0,0.009202453987730062,0.8888888888888888,0.037209302325581395,0.8415975260622723
14337,Kerahkan Backhoe Eceng Gondok Penyebab Banjir Solo Dibersihkan,Lebatnya eceng gondok yang tumbuh di sepanjang aliran Sungai Bengawan Jero menjadi salah satu penyebab banjir yang terjadi di beberapa kecamatan di Lamongan Eceng gondok ini mengakibatkan terhambatnya arus air Pemkab Lamongan mengerahkan backhoe amphibi untuk membantu pengerukan eceng gondok Backhoe amphibi ini bekerja bersama masyarakat yang pada saat yang sama sedang bekerja bakti membersihkan eceng gondok Backhoe amphibi ini tentu sangat membantu masyarakat dalam proses pembersihan karena sekali ayun lengan backhoe amphibi sama dengan kerja 10 orang selama satu jam Terima kasih kepada masyarakat yang sudah turut membantu membersihkan eceng gondok ini akan mempercepat jalannya air ke laut kata Bupati Lamongan Fadeli yang saat meninjau pembersihan enceng gondok dengan didampingi Kapolres AKBP Miko Indrayana dan Dandim Letkol Inf Sidik Wiyono Senin 11 1 2020 Tak hanya meninjau kegiatan pembersihan enceng gondok dan backhoe ampibi saja Fadeli bersama rombongan juga meninjau kesiapan pompa air yang berada di Sluis Kuro Karangbinangun Curah hujan yang cukup tinggi terutama di wilayah bagian selatan ternyata mengakibatkan bendungan di Bengawan Jero mengalami kendala Sehingga tidak dapat membuang secara langsung air dari Bengawan Solo yang cukup tinggi ujar Fadeli Usai lakukan peninjauan Fadeli meneruskan perjalanan mengunjungi warga terdampak banjir di Desa Putatbangah Kecamatan Karangbinangun Kepada masyarakat terdampak Fadeli berpesan untuk tetap menjaga kesehatan dan menaati protokol kesehatan Mari tetap menjaga kesehatan Di situasi COVID 19 ini kesehatan terus di jaga memakai masker menjaga jarak dan mencuci tangan menggunakan sabun hand sanitizer dan yang lebih penting lagi atine seneng hatinya senang tuturnya Dalam kunjungan tersebut Fadeli juga menyalurkan sebanyak 300 paket sembako kepada warga kurang mampu terdampak banjir Sementara data BPBD Lamongan menyebutkan banjir akibat luapan anak sungai dan sungai Bengawan Solo ini semakin meluas Setidaknya ada 46 desa di 6 kecamatan yang sudah terendam banjir Di 46 desa ini ada sedikitnya 5872 rumah yang dihuni 19 237 jiwa yang sudah tergenang banjir Curah hujan yang cukup tinggi beberapa hari terakhir mengakibatkan debit air di anak sungai Bengawan Solo yaitu Bengawan Jero dan Bengawan Solo meluap dan menggenangi rumah warga hingga jalanan kata Kasi Tanggap darurat BPBD Lamongan Muslimin Lihat video Banjir Masih Tinggi Eceng Gondok Ancam Permukiman Warga di Sidrap Gambas Video 20detik,0.8142245622762518,1.0,0.0,0.0,0.5,0.0,0.0,1.0,0.0,0.5,0.5,0.0,0.5,0.5,0.0,0.0,1.0,1.0,0.5,3.5,0.0,3.5,1.0,0.0,1.0,0.006191950464396285,0.75,0.028708133971291867,0.7167969342283654
12711,Kemenkes Bakal Rilis Izin Penggunaan Darurat Vaksin Corona,Badan Pengawas Obat dan Makanan BPOM tengah menganalisis keamanan dan efektivitas vaksin corona buatan Sinovac Setelah hasil analisa keluar BPOM akan memberikan izin penggunaan darurat Emergency Use of Authorization EUA agar vaksin bisa segera bisa didistribusikan BPOM akan berikan EUA pada waktunya Saat ini data data sedang dianalisis walau uji klinis sudah selesai ujar Kepala BPOM Penny Lukito dalam konferensi pers Senin 23 1 Sejauh ini BPOM menyatakan aspek keamanan dalam uji klinis terpantau cukup baik Selain itu aspek mutu dari vaksin Sinovac juga positif Sekarang kami sedang menunggu proses analisis sehingga aspek keamanan efikasi bisa didapatkan dan kami berikan EUA sehingga vaksinasi bisa dilakukan jelasnya Dalam kesempatan yang sama Menteri Kesehatan Terawan Agus Putranto mengatakan pihaknya terus melakukan persiapan untuk simulasi vaksin virus corona Persiapan yang dilakukan salah satunya adalah sarana dan prasarana hingga sumber daya manusia SDM Kemenkes melakukan berbagai persiapan mulai dari SDM nya kemudian fasilitas sarana prasarana nya dan melakukan simulasi simulasi untuk melancarkan bila saatnya vaksinasi nanti dilaksanakan ucap Terawan Simulasi yang dilakukan terkait bagaimana pendistribusian vaksin virus corona secara detail Hal ini agar pemerintah bisa mengantisipasi gangguan apa saja yang akan dihadapi saat distribusi vaksin Ini akan kami terus laksanakan secara rutin dan terus menerus supaya semua tidak terjadi gangguan dan bisa berjalan dengan lancar terang Terawan Sebelumnya Presiden Joko Widodo Jokowi menyatakan telah melihat proses simulasi di lapangan Sejauh ini ia menyatakan proses itu berjalan dengan baik Saya minta simulasi ini terus dilakukan Saya akan mengecek mungkin satu atau dua kali lagi sehingga nanti saat pelaksanaan betul betul pada kondisi yang sudah sangat baik kata Jokowi Ia juga memerintahkan jajaran menterinya untuk mengevaluasi mekanisme dan proses distribusi vaksin virus corona di Indonesia Hal itu penting agar tak terjadi kekacauan saat distribusi dilakukan Yang menurut saya paling penting agar perjalanan vaksin ke daerah ini bisa berjalan aman dan lancar pungkas Jokowi Gambas Video CNN,0.8121185923071143,1.0,0.0,0.0,0.5,0.0,0.0,1.0,0.0,0.5,0.5,0.0,0.5,0.5,0.0,0.0,0.0,0.0,0.5,1.5,0.0,1.5,0.0,0.0,1.0,0.010067114093959731,0.75,0.03278688524590164,0.6688384905279185
7349,Terungkap Pelesiran Pinangki ke Paman Sam Hanya soal Hidung Dioperasi,Jaksa Pinangki Sirna Malasari menggunakan sebagian uang suap yang diberikan Djoko Tjandra di Amerika Serikat AS Jaksa Pinangki menggunakan uang tersebut dari mulai melakukan operasi plastik hingga kontrol payudara Hal tersebut diungkap adik Pinangki Pungki Primarini yang bersaksi dalam persidangan yang digelar di PN Tipikor Jl Bungur Raya Jakarta Pusat Senin 30 11 2020 Pungki mengaku ikut bersama Pinangki ke AS kala itu bersama anak Pinangki dan kedua orang tuanya menggunakan pesawat Emirates Airlines Saya dan terdakwa bersama ibu saya dan Bima anak terdakwa usia empat tahun ujar Pungki dalam kesaksiannya Seingat Pungki Pinangki sudah 3 kali ke Negeri Paman Sam Menurut Pungki Pinangki ke AS untuk keperluan operasi hidung dan kontrol payudara Setahu saya waktu itu untuk ke dokter operasi hidung untuk sinusnya terdakwa kemudian cek kontrol payudara cancer mungkin imbuhnya Selama di AS Pungki mengaku menginap di Trump Tower Semua biaya penginapan dan biaya hidup di sana disebut Pungki dibayar oleh Pinangki Kakak saya yang bayar kata Pungki Jaksa lantas membacakan berita acara pemeriksaan BAP Pungki Dalam BAP itu tertulis keterangan Pungki saat proses penyidikan bahwa Pinangki setiap beberapa bulan sekali mengirimkan uang kepadanya yang nilainya ratusan juta rupiah Dalam BAP Saudara mengatakan terkadang terdakwa kirim uang ke rekening saya 3 bulan 5 bulan 6 bulan sekali Nilai yang dikirim paling sedikit Rp 100 juta paling besar Rp 500 juta ke rekening BCA apa benar tanya jaksa ke Pungki Betul Saya tahu nominal pas diperiksa Kejagung Karena saya ditunjukkan rekening koran saya jawab Pungki Simak video Adik Ungkap Tujuan Pinangki ke AS Kontrol Payudara Gambas Video 20detik,0.8119369298635272,1.0,0.0,0.0,0.5,0.0,0.0,1.0,0.0,0.5,0.5,0.0,0.5,0.5,0.0,0.0,0.0,0.0,0.5,1.5,0.0,1.5,0.0,0.0,0.0,0.008032128514056224,0.5,0.03125,0.4815325544936058
12962,Satgas Sebut Kerumunan Perburuk Sebaran COVID 19 di Jawa Barat,Empat daerah di Banten yaitu Cilegon Kabupaten Serang Tangerang Selatan Tangsel dan Kota Tangerang kembali menjadi zona merah penyebaran COVID 19 Perubahan zona tersebut salah satunya karena semakin tidak disiplinnya masyarakat terhadap protokol kesehatan dan diperburuk kebiasaan berkerumun Masyarakat belum disiplin mematuhi protokol kesehatan hal ini diperburuk oleh perilaku masyarakat yang berkerumun sehingga meningkatkan risiko penularan kata Jubir Satgas COVID 19 Banten Ati Pramudji Hastuti Selasa 1 12 2020 Sejak diumumkan pandemi Corona pada sepuluh bulan lalu masyarakat juga semakin lengah dan mengabaikan protokol kesehatan Masyarakat kata dia seolah tidak memiliki empati padahal semakin banyak korban karena terpapar virus mematikan tersebut Sampai ruang isolasi dan ICU COVID RS dan tempat karantina pun sudah penuh tegasnya Ati menegaskan faktor berubahnya zona penyebaran juga disebabkan mobilitas masyarakat yang semakin massif Ia mencatat bahwa libur panjang dan cuti bersama bulan lalu jadi salah satu penyebab penyebaran di tengah masyarakat Di samping itu ditemukan kondisi bahwa masyarakat takut untuk melakukan tes Khususnya saat mereka mengalami gejala yang diindikasi Corona Padahal jika masyarakat dites dan positif akan dilakukan isolasi dan mencegah penularan kepada orang lain tegasnya Pada Senin 30 11 2020 pukul 18 00 WIB Satgas COVID 19 mengumumkan perubahan zona penyebaran virus Padahal hanya tinggal beberapa hari lagi akan diselenggarakan Pilkada Serentak 2020 Berdasarkan data Satgas khusus Kota Cilegon sudah dinyatakan zona merah sejak hampir dua pekan ke belakang Namun penambahan zona merah terjadi di Serang dan Tangsel setelah sebelumnya di zona oranye dalam beberapa pekan terakhir Hanya Kabupaten Pandeglang yang saat ini masih di zona oranye bagi daerah yang menyelenggarakan Pilkada Daerah ini memiliki pasien corona yang masih dirawat sebanyak 72 orang sembuh 260 orang dan meninggal 11 orang Di Kabupaten Serang jumlah pasien masih dirawat masih 262 orang Kota Cilegon 78 orang dan Tangsel di angka 453 orang Jumlah total kasus COVID 19 se Banten sendiri dari delapan kabupaten kota yaitu 13 339 kasus dengan jumlah pasien masih dirawat sebanyak 2 021 orang,0.810702960215963,0.3333333333333333,0.0,0.0,0.0,0.0,0.0,1.0,0.0,0.5,0.5,0.0,0.18181818181818182,1.0,0.0,0.0,1.0,1.0,1.0,3.333333333333333,0.0,3.333333333333333,1.0,0.0,1.0,0.003289473684210526,0.4,0.021164021164021163,0.2115944325409237
415,Rapid Antigen di Bandara Ngurah Rai Hari Ini Antrean Lebih Panjang Namun Tertib,Antrean calon penumpang yang rapid antigen di Bandara Juanda Surabaya lebih panjang ketimbang Selasa 22 12 Namun antrean lebih tertib Informasi itu disampaikan seorang calon penumpang bernama Luky Mundiwardani Menurutnya pelayanan yang diterapkan Bandara Juanda lebih baik ketimbang kemarin Ya lebih banyak hari ini cuma agak tertib Petugasnya banyak dan teriak teriak agar yang antre jaga jarak kata Luky kepada detikcom Rabu 23 12 2020 Itu berjalan dengan lancar dan tertib Yang berangkat duluan sampai jam 12 siang didahulukan Yang berangkat besok lain barisan jadi ya tertib sekali imbuhnya Meski begitu ia tetap berharap pihak bandara terus berbenah Terlebih ia masih merasakan antrean yang kurang tertib saat menunggu hasil rapid antigen Cuma yang agak semrawut nunggu hasilnya sudah dipanggil menurut nomor yang amburadul dan gak urut Tadi masa saya berempat yang 2 sudah dipanggil jam 8 30 WIB kok yang 2 sampai jam 10 30 WIB Mana udara panas sekali saya antre rapid antigen sejak jam 5 30 pagi paparnya,0.8102030623648069,0.0,0.0,0.0,0.5,0.0,0.0,1.0,0.0,0.5,0.5,0.0,0.5,0.5,0.0,0.0,1.0,1.0,0.5,2.5,0.0,2.5,1.0,0.0,0.0,0.038461538461538464,0.8461538461538461,0.10377358490566038,0.703083266376878
2125,Sempat Disinggung dr Tirta 3 Pemalsu Hasil Swab PCR Dibekuk Polda Metro,Hasil tes Corona yang menjadi aturan wajib jika ingin melakukan perjalanan di Indonesia justru dipalsukan untuk mencari keuntungan Untungnya polisi bergerak cepat menangkap para sindikat pemalsu surat hasil tes Corona Dirangkum detikcom Minggu 17 1 2021 sejumlah sindikat pemalsu surat tes hasil tes Corona baik rapid test hingga swab PCR berhasil dibekuk polisi Pengungkapan terhadap para sindikat pemalsu surat hasil tes Corona itu dilakukan dengan berbagai cara Mulai dari adanya informasi masyarakat hingga patroli siber yang dilakukan polisi Para sindikat pemalsu tes Corona itu beroperasi di sejumlah wilayah baik di Jakarta maupun daerah daerah di Indonesia Kini para sindikat pemalsu surat hasil tes Corona ini meringkuk dibalik jeruji besi Mereka harus mempertanggungjawabkan aksi kejahatannya Berikut para sindikat pemalsu surat hasil tes corona yang berhasil ditangkap polisi 1 Polda Metro Tangkap 3 Pelaku Pemalsu Hasil Swab PCR Salah Satunya Selebgram erlanggsPolda Metro Jaya menangkap 3 pemalsu hasil swab PCR salah satunya selegram erlanggs Ketiganya yakni EAD MAIS dan MFA mengaku telah memalsukan surat swab PCR dengan mengedit fle pdf surat PCR berkop surat PT Bumame Farmasi Ketiganya menggunakan surat PCR palsu itu untuk terbang ke Bali Setelah berhasil lolos dari pemeriksaan Bandara Soekarno Hatta tersangka MFA kemudian mempromosikan jasa swab PCR melalui akun Instagramnya Isinya posting an adalah ini dia yang mau PCR cuma butuh KTP nggak usah swab beneran 1 jam jadi Ini bisa dipakai di seluruh Indonesia nggak cuma di Bali aja dan tanggal bisa pilih H 1 atau H 2 dan 100 persen lolos testimoni kata Yusri membacakan postingan MFA saat jumpa pers di Mapolda Metro Jaya Kamis 7 1 2021 Dalam promosinya itu tersangka mengaku bisa mengeluarkan surat hasil swab PCR dalam tempo 1 jam dan tanpa tes MFA adalah pemilik akun IG HanzDays yang sempat diviralkan oleh dr Tirta karena memperjualbelikan surat swab PCR Yusri mengatakan MFA hanya memerlukan kiriman file PDF atas nama PT BF yang dimaksud Lalu nantinya PDF itu akan diedit menggunakan nama yang ada di KTP pemesan dalam hal ini MAIS Selengkapnya soal sindikat pemalsu hasil tes corona di halaman berikutnya,0.8097215758784948,1.0,0.0,0.0,0.5,0.0,0.0,1.0,0.0,0.5,1.0,0.0,0.3333333333333333,1.0,0.0,0.0,1.0,1.0,1.0,4.0,0.0,4.0,1.0,0.0,1.0,0.02054794520547945,0.9166666666666666,0.05759162303664921,0.881708833592542
7668,Satu Vaksin Corona yang Dikembangkan Rusia Diklaim Sukses Fase Uji Klinis,Sebuah vaksin COVID 19 yang dikembangkan di China diklaim sejumlah pakar menunjukkan sinyal kesuksesan dalam fase uji klinis Saat ini terdapat sejumlah vaksin yang tengah dikaji di China beberapa di antaranya telah mendapat persetujuan dari otoritas kesehatan Awal November lalu vaksin yang dikembangkan Sinovac Biotech perusahaan farmasi asal China secara cepat memicu imun sekitar 700 relawan dalam fase uji klinis Di seluruh dunia sejauh ini terdapat tiga vaksin COVID 19 yang khasiat atau tingkat efikasinya disebut mencapai lebih dari 90 dalam tahap uji klinis akhir Ketiganya dikembangkan di AS Jerman dan Rusia serta melibatkan lebih dari 10 000 relawan Empat vaksin COVID 19 yang dikembangkan oleh China sudah memasuki fase ketiga dan fase akhir uji klinis Satu dari empat vaksin itu diciptakan Sinovac Biotech perusahaan yang juga menjalin kerja sama dengan pemerintah Indonesia Namun kajian yang diterbitkan di jurnal The Lancet baru menjabarkan hasil pengembangan salah satu vaksin pada fase pertama dan kedua tahap uji klinis Walau diklaim bisa secara cepat menumbuhkan respons imun tubuh kajian yang digelar selama April dan Mei lalu itu tidak menyebut berapa persentase efikasi vaksin tersebut Zhu Fengcai salah satu peneliti yang menulis kajian itu berkata bahwa vaksin buatan Sinovac itu cocok untuk keperluan kegawatdaruratan Fengcai merujuk uji klinis fase pertama yang melibatkan 144 relawan dan fase kedua yang diikuti 600 relawan Data hasil uji klinis fase ketiga sekarang belum diterbitkan Uji klinis tahap akhir empat vaksin China sedang dilakukan di Pakistan Arab Saudi Rusia Indonesia dan Brasil Hampir 60 000 orang telah menerima empat vaksin awal November lalu Uji klinis vaksin Sinovac Biotek di Brasil sempat dihentikan pekan lalu Prosesnya kemudian dilanjutkan setelah kematian seorang relawan dinyatakan tidak terkait dengan vaksin itu Tiga dari empat vaksin China ditawarkan kepada para pekerja di garis terdepan pandemi seperti perawat dan dokter sebagai bagian dari program kesehatan darurat Adapun angkatan bersenjata China sudah setuju akan menggunakan salah satu vaksin untuk personel mereka Bagaimana perbandingan vaksin China dengan vaksin lainnya Vaksin yang dikembangkan dalam program kemitraan Jerman AS oleh Pfizer dan BioNtech dilaporkan lebih dari 90 efektif berdasarkan uji klinis tahap akhir terhadap lebih dari 43 000 relawan Perusahaan farmasi AS lainnya Moderna mengklaim vaksin mereka menunjukkan efikasi hampir 95 juga setelah uji klinis tahap akhir Dua vaksin yang disebut tadi masih dalam tahap awal uji klinis Penggunaannya belum mendapat lampu hijau dari otoritas kesehatan Sementara itu vaksin COVID 19 buatan Rusia dilaporkan efektif 92 dalam uji klinis yang melibatkan 16 000 sukarelawan Setelah mendapatkan persetujuan vaksin ini digunakan untuk keperluan darurat di Rusia Agustus lalu Uji klinis vaksin buatan China dilakukan secara besar besaran di beberapa negara termasuk Indonesia Getty Images Para peneliti di balik tiga vaksin tadi sudah merilis data yang lebih maju daripada vaksin China Namun Sinovac Biotech juga melakukan uji klinis tahap akhir yang sama Walau belum ada rilis terkait hasil tahap akhir itu belum tentu capaian di AS Jerman dan Rusia lebih maju Penggunaan vaksin untuk tenaga medis itu menunjukkan otoritas China memiliki keyakinan besar terhadap temuan mereka Bagaimanapun hingga kini belum jelas vaksin mana yang akan pertama kali diluncurkan dalam skala besar Persetujuan otoritas kesehatan dan proses produksi massal diyakini akan menjadi rintangan Para ahli pun meminta publik tidak mengharapkan program vaksinasi yang masif akhir tahun ini,0.8080622156206716,1.0,0.0,0.0,0.5,0.0,0.0,1.0,0.0,0.5,1.0,0.0,0.5,0.5,0.0,1.0,1.0,1.0,0.5,3.5,0.0,3.5,1.0,0.0,1.0,0.008849557522123894,0.8181818181818182,0.036734693877551024,0.8163764202334157
2916,Dirut RS UMMI Kena COVID Dinkes Akan Tracing Pihak RS sampai Polres,Wali Kota Bogor Bima Arya datang ke Rumah Sakit RS UMMI Bima datang untuk meminta Habib Rizieq Syihab HRS bersedia melakukan swab test Saya terima laporan dari team swab satgas bahwa HRS menolak swab ulang Saya akan datangi langsung ke RS UMMI kata Bima melalui pesan singkat Jumat 27 11 2020 Belum diketahui kapan Bima Arya sampai di RS UMMI Saya sebentar lagi akan ke rumah sakit tandas dia Sebelumnya Dinas Kesehatan Dinkes Kota Bogor datang ke Rumah Sakit RS Ummi tempat Habib Rizieq Syihab dirawat Mereka datang untuk meminta Rizieq agar mau di swab test Ya sore ini atas arahan dari Ketua Satgas kami dari Satgas COVID 19 Kota Bogor datang ke mari ke sini RS Ummi untuk melakukan swab untuk Habib Rizieq kata Kasatpol PP Kota Bogor Agustian Syah di RS Ummi Bogor Jalan Empang II No 2 Bogor Selatan Kota Bogor hari ini Bima Arya sendiri sebelumnya mendapat informasi Habib Rizieq Syihab telah menjalani tes swab Namun Bima mengungkapkan pihaknya belum mengetahui siapa yang melakukan swab kepada Rizieq Saya menjelang Jumat berkomunikasi dengan dokter Andi Dirut RS UMMI Andi Tatat dan disampaikan bahwa tim dokter pribadi sedang dalam perjalanan menuju Rumah Sakit UMMI Setelah itu direncanakan dilakukan swab test kata Bima di Balai Kota Bogor Jumat 27 11 2020 Saat itu saya sampaikan jangan lupa koordinasikan karena harus disaksikan oleh Dinkes Dinas Kesehatan Kota Bogor dan disepakati harus dibawa kemana untuk pemeriksaan dari PCR tersebut Lab nya harus disepakati bersama dan itu disepakati oleh RS UMMI tutur Bima menambahkan Nyatanya kata Bima pihaknya dan Satgas Percepatan Penanganan COVID 19 tidak dikabari soal swab test tersebut Namun kemudian setelah Jumatan saya mendapatkan informasi bahwa Habib Rizieq telah di swab test Tanpa dikabari tanpa mengabari kami ucap Bima Bima mengaku sempat berkomunikasi dengan Dirut RS UMMI Andi Tatat untuk menanyakan kembali siapa yang menyelenggarakan swab test kepada Habib Rizieq Namun sambung dia pihak RS UMMI tidak memberi jawaban pasti Tonton video Habib Rizieq Bersedia Swab Test Usai Konsultasi Dokter Pribadi Gambas Video 20detik,0.8045403064700286,1.0,0.0,0.0,0.5,0.0,0.0,1.0,0.0,0.0,0.5,0.0,0.5,0.5,0.0,0.0,0.0,0.0,0.5,1.5,0.0,1.5,0.0,0.0,1.0,0.010638297872340425,0.7272727272727273,0.04938271604938271,0.6597104758520751
1496,Jabar Bakal Tambah 96 Tempat Tidur di Ruang Isolasi dan ICU,Kepala Bidang Kesehatan Masyarakat Dinas Kesehatan DKI Jakarta Fify Mulyani mengatakan pihaknya berencana menambah kapasitas tempat tidur di ruang isolasi dan Intensive Care Unit ICU untuk pasien Covid 19 Fify merinci akan menambah 94 tempat tidur di ruang isolasi dan 2 tempat tidur di ruang ICU untuk RS rujukan Covid 19 Kapasitas tempat tidur isolasi 4 824 dan ICU 725 tempat tidur dan rencananya akan ditambah 94 tempat tidur di ruang isolasi dan di ICU ditambah 2 ujarnya dalam dialog Update Wisma Atlet Pembukaan Tower 8 Flat Isolasi Mandiri di Youtube BNPB Senin 28 9 Fify berkata penambahan tempat tidur tersebut disebabkan masih ada penambahan pasien positif di Jakarta Pihaknya ingin semua pasien Covid 19 dapat tertangani Menurutnya mayoritas pasien Covid 19 di DKI Jakarta merupakan pasien tanpa gejala yang tidak memerlukan perawatan di rumah sakit Hanya 15 persen merupakan pasien bergejala berat Kalau kita lihat rata rata OTG di Jakarta 45 persen 40 persen gejala sedang 15 persen gejala berat kritis tingkat kematian kita 2 4 persen sembuh cukup tinggi 79 persen ujarnya Ketua Satuan Tugas Penanganan Covid 19 Doni Monardo mengklaim tempat tidur di ruang isolasi dan ICU di DKI saat ini masih tersisa 3 546 Ia menyebut atas kerja keras pemerintah pusat pemerintah provinsi DKI dan seluruh pimpinan RS membuat ketersediaan tempat tidur bagi pasien Covid 19 di DKI masih aman DKI Jakarta memiliki 67 RS rujukan covid 19 Pemerintah Provinsi DKI Jakarta juga berencana menggandeng 26 rumah sakit swasta untuk menjadi RS rujukan Covid 19 Selain itu terdapat pula RS Darurat Covid 19 Wisma Atlet Di sisi lain pasien Covid 19 di DKI Jakarta masih terus bertambah Jika dilihat berdasarkan data laman https corona jakarta go id id data pemantauan tambahan kasus berada di angka 1 000 kasus per hari Tambahan tertinggi terjadi pada 16 September sebanyak 1 505 kasus Selama tiga hari terakhir tambahan kasus positif 1 186 27 9 1 257 kasus 26 9 dan 1 289 kasus 25 9 Akumulasi kasus positif di DKI Jakarta mencapai 71 370 kasus Dari jumlah itu 56 413 orang dinyatakan sembuh dan 1 692 orang meninggal dunia,0.8038913679924375,1.0,0.0,0.0,0.5,0.0,0.0,1.0,0.0,0.5,0.0,1.0,0.6666666666666666,0.0,1.0,0.0,1.0,1.0,0.9791666666666666,3.9791666666666665,0.02083333333333337,3.958333333333333,1.0,1.0,1.0,0.020905923344947737,0.6363636363636364,0.03783783783783784,0.5022992803903427
1798,Yogyakarta Kembali Tutup Puskesmas usai 20 Nakes Positif Covid 19,Pemerintah Kota Pemkot Solo Jawa Tengah menutup sementara Puskesmas Kratonan Kamis 21 1 setelah lebih dari 20 tenaga kesehatan nakes nya terkonfirmasi positif Covid 19 Ketua Pelaksana Harian Satgas Covid 19 Solo Ahyani memastikan puluhan tenaga kesehatan dan karyawan puskesmas itu belum mendapatkan vaksin Covid 19 Mereka belum dapat giliran Malah seharusnya dapat giliran memvaksin katanya Ahyani yang juga menjabat sebagai Sekretaris Daerah Sekda Kota Solo itu mengatakan imbas penutupan tersebut maka pelayanan kesehatan Puskesmas Kratonan dialihkan ke Puskesmas Jayengan Pemkot juga telah mengkoordinasikan pemindahan layanan tersebut dengan BPJS kesehatan Biar mereka menyesuaikan sistemnya katanya Untuk diketahui penutupan puskesmas Kratonan tersebut bukan pertama kalinya dilakukan Pemkot Solo Sejak kasus Covid pertama kali diidentifikasi di Solo pertengahan Maret 2020 lalu setidaknya Pemkot pernah menutup sementara empat puskesmas Terakhir Pemkot menutup Puskesmas Jayengan dan Gajahan dalam waktu yang berdekatan Sekretaris Satgas Covid 19 sekaligus Kepala Dinas Kesehatan Dinkes Kota Solo Siti Wahyuningsih mengatakan terpaparnya tenaga medis merupakan hal yang lumrah Apalagi sambungnya para tenaga kesehatan itu sering berinteraksi dengan pasien suspek maupun konfirmasi Apalagi katanya mereka sudah berhadapan dengan Covid 19 selama 10 bulan terakhir Pandemi berkepanjangan ini berakibat pada menurunnya ketahanan fisik dan mental para petugas Terlebih mereka sering berhadapan dengan warga yang kurang kooperatif Tak jarang petugas mendapat umpatan dan makian saat melakukan contact tracing Tekanan mereka berat sekali Apalagi petugas yang di lapangan Belum lagi kalau berhadapan dengan warga yang ngeyel katanya Sebagai informasi peningkatan kasus Covid 19 di Solo per Kamis 21 1 tercatat mencapai 58 kasus baru Total kasus secara kumulatif mencapai 7 416 orang dengan angka kesembuhan mencapai 4 652 Sementara 2 111 orang menjalani isolasi mandiri 307 dirawat di rumah sakit dan 346 meninggal dunia,0.8013720160261731,0.0,0.0,0.0,0.5,0.0,0.0,1.0,0.0,0.5,0.0,0.0,0.18803418803418803,0.5,0.0,0.0,1.0,1.0,1.0,3.0,0.0,3.0,1.0,0.0,1.0,0.0076045627376425855,0.6,0.03389830508474576,0.4957658816642687
9,Kapolres Jakpus Bogor Juga Dicopot Digantikan AKBP Harun Kombes Hengki,Polri merotasi sejumlah perwira tinggi hingga menengah karena dianggap tidak melaksanakan perintah penegakan protokol kesehatan Tidak hanya Kapolda Metro Jaya Irjen Nana Sudjana yang dicopot dari jabatannya Kapolres Metro Jakarta Pusat Kombes Heru Novianto juga dicopot Dalam Surat Telegram bernomor ST 3222 XI KEP 2020 tanggal 16 November 2020 Kombes Heru Novianto digantikan oleh Kombes Hengki Haryadi Hengki sebelumnya menjabat Analis Kebijakan Madya Bidang Pidana Ekonomi Khusus Bareskrim Polri Selain itu Kapolres Bogor Roland Rolandy dicopot Posisinya diisi AKBP Harun yang sebelumnya menjabat Kapolres Lamongan Polda Jatim Adapun AKBP Roland Rolandi dimutasi sebagai Wadir Krimsus Polda Jawa Barat Posisi AKBP Harun di Polres Lamongan diisi AKBP Miko Indrayana Miko sebelumnya menjabat Kapolres Kediri Sedangkan jabatan Kapolres Kediri dipegang AKBP Eko Prasetyo Sebelumnya Eko menjabat Koorspripim Polda Jatim Kapolda Metro Jaya dan Kapolda Jawa Barat dicopot Selengkapnya di halaman berikutnya Simak juga video Kapolda Metro Jaya dan Kapolda Jabar Dicopot Gambas Video 20detik,0.8000451238238993,0.8333333333333334,0.0,0.0,0.5,0.0,0.0,1.0,0.0,0.5,1.0,0.0,0.5,0.5,0.0,1.0,1.0,1.0,0.5,3.3333333333333335,0.0,3.3333333333333335,1.0,0.0,1.0,0.02127659574468085,0.9,0.09,0.8755138388807768
