priority,id,title,body,true_label,model_pred,model_proba,heuristic_bucket,relation_type,contradiction_subtype,notes
HIGH (unexplained FP),tr00009,Kapolres Jakpus Bogor Juga Dicopot Digantikan AKBP Harun Kombes Hengki,Polri merotasi sejumlah perwira tinggi hingga menengah karena dianggap tidak melaksanakan perintah penegakan protokol kesehatan Tidak hanya Kapolda Metro Jaya Irjen Nana Sudjana yang dicopot dari jabatannya Kapolres Metro Jakarta Pusat Kombes Heru Novianto juga dicopot Dalam Surat Telegram bernomor ST 3222 XI KEP 2020 tanggal 16 November 2020 Kombes Heru Novianto digantikan oleh Kombes Hengki Haryadi Hengki sebelumnya menjabat Analis Kebijakan Madya Bidang Pidana Ekonomi Khusus Bareskrim Polri Selain itu Kapolres Bogor Roland Rolandy dicopot Posisinya diisi AKBP Harun yang sebelumnya menjabat Kapolres Lamongan Polda Jatim Adapun AKBP Roland Rolandi dimutasi sebagai Wadir Krimsus Polda Jawa Barat Posisi AKBP Harun di Polres Lamongan diisi AKBP Miko Indrayana Miko sebelumnya menjabat Kapolres Kediri Sedangkan jabatan Kapolres Kediri dipegang AKBP Eko Prasetyo Sebelumnya Eko menjabat Koorspripim Polda Jatim Kapolda Metro Jaya dan Kapolda Jawa Barat dicopot Selengkapnya di halaman berikutnya Simak juga video Kapolda Metro Jaya dan Kapolda Jabar Dicopot Gambas Video 20detik,0,1,0.87,entity_substitution_missed,,,
HIGH (unexplained FP),tr00117,Menristek Ingin GeNose ITB Rapid Test Unpad Jadi Alat Utama Screening Corona,Menteri Koordinator Bidang Pembangunan Manusia dan Kebudayaan Menko PMK Muhadjir Effendy menerima alat GeNose C19 buatan Univeristas Gadjah Mada UGM dan rapid test antigen produksi Universitas Padjajaran Unpad Dalam acara itu Menteri Riset dan Teknologi Menristek Badan Riset dan Inovasi Nasional BRIN Bambang Brodjonegoro berharap GeNose dan rapid test antigen Unpad jadi alat utama screening virus Corona Kenapa juga kami memberikan ini ke Pak Menko PMK Karena Pak Menko bagian komite harapannya Pak Menko supaya bisa menjadikan baik GeNose dan rapid antigen cepat ini sebagai alat utama untuk melakukan screening rapid test di Indonesia dan pandangan kami rapid test atau screening sangat perlu saat ini di mana kita sangat khawatir peredaran virus cukup cepat ujar Bambang dalam acara konferensi pers penyerahan alat GeNose C19 secara daring Kamis 7 1 2021 Menurutnya apabila Kementerian Kesehatan Kemenkes dan BNPB selaku Satgas COVID 19 memasukkan GeNose dan rapid test antigen Unpad sebagai alat screening virus Corona yang resmi maka semua pihak secara otomatis akan mengikutinya Karenanya Bambang meminta dua alat tersebut menjadi bagian utama dalam screening virus COVID 19 Yang paling penting dari pemerintah dari Kemenkes dari BNPB selaku satgas adalah memasukkan alat ini GeNose dan Cepat rapid tes antigen Unpad sebagai alat untuk melakukan screening atau rapid test yang resmi Karena itu akan jadi rujukan semua pihak baik pemerintah maupun swasta pusat maupun daerah Intinya masuk daftar rapid test atau screening test atau bagian dari tracing yang resmi dan diakui ucapnya Dia mengatakan berdasar hasil uji alat GeNose C19 buatan Universitas Gadjah Mada UGM memiliki sensitivitas tinggi Bambang menyebut sensitivitasnya sudah lebih dari 90 persen Akurasinya menurut uji validasi yang dilakukan terakhir yang sudah disampaikan kepada Kemenkes sebelum dapat izin edar tingkat sensitivitas itu sekitar 92 persen tingkat spesifitas itu 90 persen jadi intinya kita ingin punya alat screening atau rapid test yang mudah katanya Bahwa GeNose ini adalah alat screening cepat dia tidak menjadi alat untuk diagnosa dia benar benar akan menjadi alat screening atau istilahnya Pak Menko tadi dia kategorinya rapid test cuma bedanya kalau ada rapid test antibodi ambil darah rapid test antigen mengambil swab kalau yang ini GeNose ini memakai embusan napas kita tapi dasarnya adalah rapid test sambungnya simak penjelasan lengkapnya di halaman berikutya,0,1,0.484,entity_substitution_missed,,,
HIGH (unexplained FP),tr00213,Alasan Pilkada Dipakai Wabup OKI Mangkir Panggilan KPK,Berkas dugaan korupsi tanah kuburan Wakil Bupati Ogan Komering Ulu OKU Johan Anuar dinyatakan lengkap Namun Johan mangkir panggilan KPK Alasannya adalah pilkada KPK memanggil Johan pada Jumat 4 12 2020 Berkasnya dinyatakan lengkap pada 2 Desember KPK memastikan proses hukum Johan tetap akan berjalan Proses hukum disebut tidak akan tertunda meskipun Johan maju di Pilkada Serentak 2020 Namun Johan tidak hadir dalam panggilan KPK Kuasa hukum Johan Anuar Titis Rachmawati menyebut kliennya tak hadir karena kondisi kesehatan Dalam surat panggilan KPK berkas dan Johan Anuar seharusnya dilimpahkan ke kejaksaan terkait kasus korupsi tanah kuburan kemarin Namun Johan dan kuasa hukum meminta penundaan satu minggu ke depan Johan Anuar disebut hari ini dijadwalkan tes COVID 19 Pertimbangan itulah yang membuat Johan Anuar tidak dapat hadir menghadap ke penyidik KPK Tak hanya itu alasan lainnya adalah Johan sedang menghadapi pilkada menjelang pemilihan 9 Desember yang tinggal menghitung hari Klien kami kan status sekarang sebagai peserta atau calon di Pilkada OKU Tentu beliau butuh konsentrasi menghadapi ini apalagi pencoblosan tinggal hitung hari kata Titis,0,1,0.455,entity_substitution_missed,,,
HIGH (unexplained FP),tr00415,Rapid Antigen di Bandara Ngurah Rai Hari Ini Antrean Lebih Panjang Namun Tertib,Antrean calon penumpang yang rapid antigen di Bandara Juanda Surabaya lebih panjang ketimbang Selasa 22 12 Namun antrean lebih tertib Informasi itu disampaikan seorang calon penumpang bernama Luky Mundiwardani Menurutnya pelayanan yang diterapkan Bandara Juanda lebih baik ketimbang kemarin Ya lebih banyak hari ini cuma agak tertib Petugasnya banyak dan teriak teriak agar yang antre jaga jarak kata Luky kepada detikcom Rabu 23 12 2020 Itu berjalan dengan lancar dan tertib Yang berangkat duluan sampai jam 12 siang didahulukan Yang berangkat besok lain barisan jadi ya tertib sekali imbuhnya Meski begitu ia tetap berharap pihak bandara terus berbenah Terlebih ia masih merasakan antrean yang kurang tertib saat menunggu hasil rapid antigen Cuma yang agak semrawut nunggu hasilnya sudah dipanggil menurut nomor yang amburadul dan gak urut Tadi masa saya berempat yang 2 sudah dipanggil jam 8 30 WIB kok yang 2 sampai jam 10 30 WIB Mana udara panas sekali saya antre rapid antigen sejak jam 5 30 pagi paparnya,0,1,0.551,entity_substitution_missed+no_signal_at_all,,,
HIGH (unexplained FP),tr00426,RSD Wisma Atlet Bantah Gunakan Obat Corona dari Ahmad Dhani,Penyanyi Erdian Aji Prihartanto alias Anji berbincang bincang dengan seseorang yang disebut sebut bernama Profesor Hadi Pranoto di akun Youtubenya Unggahan video yang saat ini sudah dihapus Youtube itu mengundang banyak kontroversi Salah satunya karena Hadi mengaku telah membuat obat untuk Covid 19 yang ia sebut dengan Antibodi Covid 19 “Antibodi Covid 19 adalah obat bisa menyembuhkan dan mencegah ” ujar Hadi dalam video tersebut “Ini berupa cairan yang dalam cairan itu terdapat kandungan untuk membunuh Covid 19 ” imbuhnya Hadi dalam keterangan selanjutnya juga mengatakan bahwa cairan herbal tersebut telah didistribusikan ke beberapa wilayah di Indonesia dari Sumatera hingga ke Jawa Adapun untuk wilayah Jakarta ia menyampaikan cairan tersebut telah didistribusikan ke RS Darurat Wisma Atlet “Kalau di Jakarta iya kita sebagian di Wisma Atlet Kita kemarin mensuplay untuk pengobatan dan penyembuhan pasien yang ada di Wisma Atlet ” terangnya Terkait dengan klaim tersebut Kompas com menghubungi Kepala Kesehatan Komando Daerah Militer Jayakarta Kakesdam Jaya Kolonel Ckm Donny Guntur selaku Koordinator Operasional di RS Darurat Covid 19 Wisma Atlet Saat dikonfirmasi Donny membantah bahwa pihak di Wisma Atlet mendapatkan suplay obat dar Hadi Pranoto,0,1,0.69,entity_substitution_missed+no_signal_at_all,,,
HIGH (unexplained FP),tr00790,Sebaran 3 948 Kasus Baru Corona di RI 9 Desember Terbanyak di DKI,Kasus COVID 19 bertambah 6 058 pada hari ini Provinsi DKI Jakarta menjadi provinsi terbanyak yang menyumbang kasus baru Berdasarkan data dari Satgas Penanganan COVID 19 Rabu 9 12 2020 total jumlah kasus di RI hari ini tercatat 592 900 orang Data ini dihimpun secara berkala setiap hari per pukul 12 00 WIB Penambahan kasus Corona terbanyak pertama berada di Jakarta dengan 1 217 kasus Diikuti di Jawa Barat dengan 908 kasus baru dan Jawa Tengah dengan 735 kasus baru Selain itu dilaporkan ada penambahan pasien sembuh Corona sebanyak 3 948 Dengan demikian hingga hari ini sebanyak 487 445 pasien Corona telah sembuh Sementara itu penambahan pasien Corona meninggal dunia hari ini memecahkan rekor sebelumnya dengan 171 orang Sehingga total pasien Corona di RI yang meninggal dunia berjumlah 18 171 Berikut ini sebaran 6 058 kasus baru di Indonesia per 9 Desember 1 Aceh 6 kumulatif 8 450 2 Sumut 80 kumulatif 16 341 3 Sumbar 125 kumulatif 21 300 4 Riau 235 kumulatif 21 708 5 Jambi 70 kumulatif 2 502 6 Sumsel 40 kumulatif 10 027 7 Bengkulu 8 kumulatif 2 182 8 Lampung 80 kumulatif 4 426 9 Babel 22 kumulatif 1 305 10 Kepri 12 kumulatif 5 961 11 Jakarta 1 217 kumulatif 147 838 12 Jabar 908 kumulatif 62 083 13 Jateng 735 kumulatif 62 612 14 DIY 198 kumulatif 7 421 15 Jatim 718 kumulatif 66 817 16 Banten 166 kumulatif 14 271 17 Bali 139 kumulatif 15 070 18 NTB 57 kumulatif 4 896 19 NTT 27 kumulatif 1 475 20 Kalbar 57 kumulatif 2 663 21 Kalteng 229 kumulatif 7 253 22 Kalsel 83 kumulatif 13 778 23 Kaltim 279 kumulatif 21 643 24 Kaltara 31 kumulatif 1 948 25 Sulut 57 kumulatif 7 531 26 Sulteng 61 kumulatif 2 299 27 Sulsel 157 kumulatif 22 183 28 Sultra 75 kumulatif 7 056 29 Gorontalo 24 kumulatif 3 290 30 Sulbar 8 kumulatif 1 534 31 Maluku 39 kumulatif 4 758 32 Maluku Utara 0 kumulatif 2 487 33 Papua 59 kumulatif 12 302 34 Papua Barat 56 kumulatif 5 490,0,1,0.799,+no_signal_at_all,,,
HIGH (unexplained FP),tr00838,Tambahan Kasus Tertinggi Sepekan Berada di DKI Jabar Jateng,Satuan Tugas Penanganan Covid 19 memaparkan data yang menunjukkan Jawa Tengah Jawa Barat dan DKI Jakarta menjadi tiga provinsi dengan penambahan kasus positif virus corona Covid 19 mingguan terbanyak dalam sepekan ini atau periode 1 8 November 2020 Bila diurutkan posisi pertama ditempati Jawa Tengah kedua Jawa Barat dan ketiga DKI Jakarta Ketiga provinsi ini juga menunjukkan tren lonjakan kasus tertinggi usai pekan sebelumnya menjadi provinsi dengan penambahan kasus yang sedikit DKI Jabar Jateng mengalami peningkatan peringkat menjadi tiga besar penambahan kasus mingguan tertinggi pada pekan ini kata Juru Bicara Satuan Tugas Penanganan Covid 19 Wiku Adisasmito dalam konferensi pers yang disiarkan melalui kanal BNPB Indonesia Kamis 12 11 Padahal Wiku menyebut DKI Jakarta sempat berada di peringkat terakhir atau nomor 34 terkait penambahan kasus positif Covid 19 dalam dua pekan sebelumnya Sementara Jawa Barat berhasil menurunkan peringkat ke 33 pada pekan lalu Jawa Tengah yang didapuk peringkat pertama penambahan kasus pada pekan sebelumnya berada di urutan ke 30 dari 34 provinsi di Indonesia Lebih lanjut dalam cakupan Jawa Bali NTT NTB Wiku masih mengapresiasi dua provinsi dengan kondisi baik dan stabil terkait penambahan kasus positif pada pekan ini mereka berdua yakni Banten dan Bali Banten yang sempat menduduki peringkat dua penambahan kasus positif tertinggi pada pekan ini berhasil berada di peringkat 31 Sedangkan Bali stabil di peringkat 20 terbawah untuk penambahan kasus positif jelas Wiku Sedangkan untuk kasus sembuh mingguan DKI Jakarta kembali masuk kategori tingkat kesembuhan yang menurun bersama dengan Jawa Barat dan Banten Wiku mengatakan DKI Jakarta yang awalnya sempat menduduki peringkat kedua kasus kesembuhan tertinggi pada pekan lalu kini menjadi provinsi dengan penambahan kesembuhan yang paling sedikit yaitu peringkat ke 34 Sementara perkembangan kasus sembuh di Jawa Barat yang awalnya sempat berada di peringkat keempat pada pekan lalu namun turun menjadi peringkat ke 27 pada pekan ini Banten pada pekan ini berada di posisi ke 31 kasus kesembuhan tersedikit padahal pekan lalu sempat berada di peringkat 5 besar peningkatan kasus kesembuhan tertinggi DKI Jakarta Jawa Barat dan Banten mengalami penurunan kasus kesembuhan kata WikuTerakhir untuk perkembangan kasus kematian akibat Covid 19 Jawa Tengah Jawa Timur dan Bali menjadi tiga provinsi yang mencetak lonjakan angka kematian pada pekan ini atau meningkat dari pekan sebelumnya Sedangkan Jawa Barat menjadi satu satunya kota yang berhasil membuat pelandaian jumlah kasus kematian benar benar merosot Saya mengapresiasi Jawa Barat yang mencatat penurunan kasus meninggal yang cukup signifikan Jawa Barat meskipun terdapat perkembangan yang kurang baik pada kasus positif dan kasus sembuh pada kasus meninggal mengalami penurunan signifikan kata Wiku,0,1,0.802,+no_signal_at_all,,,
HIGH (unexplained FP),tr01068,Pemerintah Pulangkan 500 000 WNI dari Luar Negeri Selama Pandemi Corona,Pandemi COVID 19 masih mewabah di sejumlah negara termasuk Indonesia Menteri Luar Negeri Menlu Retno Marsudi mengatakan pemerintah telah memulangkan 180 045 WNI ke Tanah Air Sejak awal pandemi di tahun 2020 kita juga telah mengevakuasi dan memberikan repatriasi kembali ke Indonesia kepada 180 045 WNI kata Retno dalam rapat kerja bersama Komisi I DPR RI di kompleks parlemen Senayan Jakarta Selasa 26 1 2021 Selain itu Retno mengungkapkan pemerintah telah memberikan 500 000 sembako kepada WNI yang terdampak COVID 19 di luar negeri Rinciannya sekitar 451 348 sembako diberikan kepada WNI di Malaysia serta 83 916 sembako diberikan kepada WNI di luar Malaysia Sementara itu lebih dari setengah juta sembako telah kita sampaikan kepada WNI di luar negeri yang terimbas dampak COVID 19 dimana 451 348 kepada WNI di Malaysia sementara yang di luar Malaysia jumlahnya 83 916 ucapnya Retno memastikan isu perlindungan WNI akan terus berjalan di tahun 2021 Bahkan Retno mengatakan Kemlu akan memperkuat sistem perlindungan WNI seperti menganggarkan anggaran penanganan perlindungan WNI serta mempercepat proses pendataan WNI di luar negeri Selain penangan perlindungan di lapangan Kemlu juga akan memperkuat sistem dan pelindungan WNI di seluruh perwakilan antara lain pemberian dukungan anggaran yang memadai mengenai penanganan perlindungan ucapnya Kemudian percepatan pendataan WNI secara serempak dan seragam di 129 perwakilan RI dan KDEI Taipei menggunakan portal Peduli WNI serta pembangunan integrated data operation center atau i DOC di lingkungan Kemlu sambungnya Untuk diketahui hingga hari ini terdapat 2 948 kasus WNI positif virus Corona di luar negeri Rinciannya 2 090 WNI telah sembuh 171WNI meninggal dunia dan 687 WNI masih dalam perawatan Kemlu menyampaikan tambahan WNI yang positif Corona ada di Korea Selatan dan Yordania Sedangkan tambahan WNI yang dinyatakan sembuh ada di Korea Selatan Uni Emirat Arab dan Yordania WNI terkonfirmasi di luar negeri adalah 2 948 2 090 sembuh 171 meninggal dan 687 dalam perawatan tulis Kemlu melalui akun Twitter Kemlu RI pada Selasa 26 1 2021,0,1,0.909,+no_signal_at_all,,,
HIGH (unexplained FP),tr01103,Satgas COVID 19 Kembali Imbau Bepergian Jika Tak Mendesak,Periode libur akhir tahun semakin dekat Pemerintah melalui Satuan Tugas Satgas Penanganan COVID 19 kembali mengingatkan masyarakat untuk menahan diri dalam bepergian jika tidak terlalu mendesak Hal ini dilakukan sebab lonjakan kasus positif COVID 19 selalu terjadi setelah libur panjang Bila terpaksa untuk bepergian masyarakat juga diminta untuk memahami risiko yang dihadapi Juru Bicara Satgas COVID 19 Wiku Adisasmito menjelaskan libur panjang jika tidak dibarengi dengan regulasi yang ketat hanya akan memunculkan banyak kerumunan Hal inilah yang pada akhirnya membuat orang orang abai untuk menjaga jarak dan rendahnya kepatuhan protokol kesehatan Liburan panjang mendatang adalah kali keempat dan seharusnya kita mampu belajar dari pengalaman lalu Apapun yang pemerintah putuskan terkait pelaku perjalanan di libur panjang akhir tahun ini demi keselamatan bersama ujar Wiku dalam keterangan tertulis Jumat 18 12 2020 Peringatan ini tidak dilakukan tanpa alasan mengingat Indonesia sudah mencatat tiga kali lonjakan kasus yang selalu terjadi setelah libur panjang Pertama ketika libur Idul Fitri bulan Mei silam kedua di Tahun Baru Islam pada Agustus dan terakhir libur Maulid Nabi Muhammad SAW pada akhir Oktober Wiku menjelaskan anjloknya kepatuhan masyarakat terhadap protokol kesehatan akan berujung pada peningkatan penularan virus di tengah masyarakat Bila hal ini terjadi maka peningkatan kasus positif COVID 19 yang tidak didukung dengan cukupnya pelayanan kesehatan justru akan menurunkan peluang kesembuhan Sebaliknya angka kematian berpotensi meningkat di level daerah dan berdampak pada tingkat nasional Peningkatan kasus yang signifikan semakin meningkatkan keterisian tempat tidur dan beban kerja di fasilitas kesehatan ungkapnya Namun jika masyarakat memang terpaksa untuk melakukan perjalanan libur akhir tahun Wiku menekankan pentingnya pemahaman mengenai risiko yang dihadapi Menurutnya ada hubungan linear yang jelas antara mobilitas penduduk dengan peningkatan kasus COVID 19 Hal ini sudah terbukti pada tiga periode libur panjang yang sebelumnya terjadi Wiku meminta masyarakat menjalankan tiga hal secara bertanggung jawab jika perjalanan tetap dilakukan yakni patuhi protokol 3M memakai masker menjaga jarak da mencuci tangan memenuhi seluruh syarat perjalanan yang ditetapkan Pemerintah dan mencari tahu kondisi penularan virus Corona serta kecukupan layanan fasilitas kesehatan di daerah tujuan Hindari melakukan perjalanan ke daerah yang kasusnya masih tinggi dan faskesnya terbatas Seperti kita tahu kapasitas tempat tidur isolasi dan ICU COVID 19 pada saat ini masih terbatas terutama di daerah dengan kasus yang masih tinggi Jadikan ini pertimbangan agar tidak sulitkan diri sendiri dan pemda kata Wiku lebih lanjut Masyarakat juga diminta untuk membatalkan perjalanan bila sakit Selain itu perjalanan juga harus dibatalkan bila calon penumpang tergolong suspek atau positif COVID 18 meski tidak memiliki gejala serta jika calon penumpang sempat berada di sekitar seseorang yagn suspek atau positif dalam 14 hari terakhir meski tidak ada gejala dan sedang menunggu hasil tes COVID 19 Kita sudah hadapi pandemi 10 bulan dan saya tahu pandemi ini sangat berat buat kita semua Meski begitu kita harus melatih diri untuk jadi individu yang bertanggung jawab pungkas Wiku,0,1,0.894,+no_signal_at_all,,,
HIGH (unexplained FP),tr01124,Jatim Hari Ini 16 Korban Longsor Ditemukan Tanaman Hias Dibarter Rumah Rp 500 Juta,Sebanyak 16 korban jiwa meninggal dunia ditemukan di hari ke empat usai longsor di Kabupaten Sumedang Selain itu Satgas COVID 19 Jabar mengungkap biang kerok Karawang masuk zona merah selama sebulan Berikut rangkuman Jabar hari ini Menetap di Bandung Selama PSBB Proporsional Wajib Rapid Tes Antigen Isolasi 10 HariPemerintah Kota Bandung mengeluarkan peraturan Wali Kota berkaitan dengan penerapan Pembatasan Sosial Berskala Besar PSBB Proporsional Dalam perwal itu juga disebutkan berkaitan kewajiban pendatang membawa hasil rapid tes antigen bila masuk ke Kota Bandung Aturan tersebut tertuang dalam Pasal 11 Perwal Nomor 1 Tahun 2021 tentang pemberlakuan PSBB Proporsional Perwal itu diteken Wali Kota Bandung Oded M Danial Dalam pasal itu di poin nomor tiga disebutkan setiap orang yang berasal dari luar daerah yang termasuk zona merah dan zona hitam termasuk berasal dari luar negeri berkunjung ke daerah kota menggunakan berbagai moda transportasi diwajibkan membawa rapid tes antigen Menunjukan surat keterangan hasil negatif uji tes rapid antigen tes TV yang berlaku selama tiga hari sejak diterbitkab atau uji tes RT PCR dengan hasil negatif yang berlaku selama tujuh hari sejak diterbitkan tulis isi dalam Perwal tersebut Sementara itu pada poin nomor empat setiap orang yang berasal dari luar daerah dan hendak menetap di Bandung juga diwajibkan membawa hasil rapid tes antigen dengan hasil negatif Selain itu pada poin ini warga yang hendak menetap di Bandung diwajibkan isolasi mandiri Wajib melakukan isolasi mandiri selama 10 hari katanya Sedangkan bagi warga Kota Bandung yang akan melakukan perjalanan ke luar daerah juga wajib menjalankan rapid tes antigen Dalam hal hasil uji rapid tes antigen diperoleh hasil positifCOVID 19 maka harus melakukan uji tes RT PCR Selama waktu tunggu hasil uji tes RT PCR setiap orang wajib menjalani isolasi mandirisampi dengan terbitnya hasil uji tes RT PCR negatif tulisperwal itu,0,1,0.475,+no_signal_at_all,,,
HIGH (unexplained FP),tr01283,Joko Widodo Corona Jadi Momentum Ekonomi Syariah Geser ke Digital,Wakil Presiden Ma ruf Amin menyatakan pandemi covid 19 bisa jadi momentum bagi pelaku ekonomi dan keuangan syariah mengubah fokus bisnisnya menjadi serba digital Pergeseran ini penting agar keberlangsungan kegiatan ekonomi syariah tetap berjalan di tengah krisis corona Bila ingin bertahan dan berkelanjutan menurut saya pandemi covid 19 dengan segala dampaknya harus diikuti dengan perubahan mendasar bagi pelaku ekonomi dan keuangan syariah ungkap Ma ruf dalam video conference Jumat 7 8 Ia mengungkap pelaku ekonomi dan keuangan syariah harus mengembangkan skema transaksi secara daring online Ini mutlak diperlukan karena pandemi mengubah gaya hidup mayoritas masyarakat Pelaku ekonomi syariah harus menyesuaikan diri dengan kondisi tersebut sehingga pemanfaatan teknologi digital dan transaksi online menjadi mutlak diperlukan terang Ma ruf Ma ruf mengatakan situasi ini juga bisa menjadi momentum pelaku ekonomi syariah mengembangkan industri produk halal Menurutnya produk halal harus menjadi pilihan rasional bagi seluruh kalangan Produk halal harus berkualitas enak rasanya sehat bergizi higienis dan thoyyib dan makanan halal adalah merupakan good food Dengan demikian produk halal akan menjadi pilihan konsumen selama pandemi hingga pasca pandemi ini jelas Ma ruf Ia juga mengingatkan pelaku ekonomi syariah untuk terus melihat peluang peluang bisnis selama pandemi Salah satunya adalah produk produk yang berhubungan dengan kesehatan Pelaku ekonomi syariah dapat turut menyediakan berbagai produk dan jasa yang terkait dengan pandemi ucap Ma ruf Senada Gubernur Bank Indonesia BI Perry Warjiyo menambahkan pelaku ekonomi syariah wajib mengembangkan bisnisnya secara digital untuk tetap bertahan di tengah pandemi Ini merupakan peradaban baru ekonomi syariah yang menjadi serba digital Jadi bukan skill down tapi skill up Bukan menurun tapi meningkat ujar Perry Pelaku ekonomi syariah juga perlu melakukan sinergi dengan seluruh pemangku kepentingan Dengan demikian mereka tetap bisa mengembangkan bisnisnya baik di dalam negeri maupun di dalam negeri Gambas Video CNN,0,1,0.548,entity_substitution_missed,,,
HIGH (unexplained FP),tr01351,165 Positif Corona Tambahan Kasus Jateng Tertinggi Hari Ini,Jawa Tengah Jateng mencatat pertambahan kasus positif virus corona Covid 19 sebanyak 261 orang per Rabu 15 7 Lonjakan kasus tersebut menjadikan Jateng sebagai provinsi penyumbang kasus terbanyak hari ini Jawa tengah melaporkan kasus baru sebanyak 261 orang namun juga melaporkan kasus sembuh sebanyak 120 orang kata Juru Bicara Pemerintah untuk Penanganan Covid 19 Achmad Yurianto dalam jumpa pers di Graha BNPB Rabu 15 7 Yuri menyebut selain Jateng kasus positif virus corona juga disumbangkan dari provinsi lain Seperti DKI Jakarta dengan 260 orang Jawa Timur 165 orang Sulawasi Selatan 158 orang dan Kalimantan Selatan 109 orang Kemudian Sumatera Utara dengan 99 orang Jawa Barat 75 orang Bali 63 orang dan Papua 60 orang Sementara sejumlah daerah lain menyumbang kasus baru di bawah 50 orang Untuk kasus sembuh Jawa Timur mencatat tambahan pasien sembuh terbanyak dengan 521 orang Disusul DKI Jakarta dengan 193 orang Jawa Barat 140 orang Jawa Tengah 120 orang dan Sulawesi Selatan 113 orang Kemarin Jawa Timur yang mencatat lonjakan kasus tertinggi Dari beberapa hari belakangan Jatim kerap menjadi provinsi yang menyumbang kasus positif corona terbanyak Hari ini total tambahan kasus positif virus corona sebanyak 1 522 orang Dengan demikian total kasus positif Covid 19 di Indonesia mencapai 80 094 orang Sementara itu pasien sembuh bertambah 1 414 orang sehingga total menjadi 39 050 orang Sedangkan pasien positif yang meninggal dunia bertambah 87 orang sehingga total menjadi 3 797 orang,0,1,0.952,+no_signal_at_all,,,
HIGH (unexplained FP),tr01661,Ini Alasan Polisi Tetapkan Nakes Wisma Atlet Jadi Tersangka Mesum,Polisi menetapkan pasien yang mesum sesama jenis di Rumah Sakit Darurat Wisma Atlet sebagai tersangka sedangkan tenaga kesehatan nakes masih berstatus sebagai saksi Apa alasan polisi menetapkan pasien sebagai tersangka Iya tersangka karena dia adalah penyebarnya dilaporkan adalah penyebar akun Ada tiga akun yang disebarkan video porno ini kata Kabid Humas Polda Metro Jaya Kombes Yusri Yunus di Mapolda Metro Jaya Jakarta Selatan Minggu 27 12 2020 Yusri mengatakan RS Wisma Atlet melaporkan tiga akun yang menyebarkan konten asusila di media sosial Polisi mengatakan nakes yang diduga mesum bersama pasien itu saat ini statusnya sebagai saksi Nakes itu kata polisi dinonaktifkan oleh pihak rumah sakit Karena terlapor ini adalah pasien sendiri yang sampai saat ini positif kemudian saksi satu yang memang kerjanya relawan di situ sebagai perawat dapat informasi yang bersangkutan dinonaktifkan tetapi kita sudah ke pemeriksaan untuk klarifikasi Pagi tadi sudah gelar perkara dan sudah dinaikkan ke penyidikan kita harus bergerak cepat karena memang ada barang bukti yang dilakukan penyitaan jelasnya Yusri mengatakan saat ini pasien Wisma Atlet yang ditetapkan tersangka itu masih menjalani perawatan intensif di Wisma Atlet Polisi juga akan memanggil sejumlah saksi dan ahli untuk menyidik kasus ini Hari ini baru saja gelar perkara dan dinaikkan ke sidik nanti akan kita panggil lagi untuk relawan tersebut untuk kita panggil periksa sebagai saksi termasuk saksi ahli jelasnya Selanjutnya di halaman berikutnya,0,1,0.904,+no_signal_at_all,,,
HIGH (unexplained FP),tr01798,Yogyakarta Kembali Tutup Puskesmas usai 20 Nakes Positif Covid 19,Pemerintah Kota Pemkot Solo Jawa Tengah menutup sementara Puskesmas Kratonan Kamis 21 1 setelah lebih dari 20 tenaga kesehatan nakes nya terkonfirmasi positif Covid 19 Ketua Pelaksana Harian Satgas Covid 19 Solo Ahyani memastikan puluhan tenaga kesehatan dan karyawan puskesmas itu belum mendapatkan vaksin Covid 19 Mereka belum dapat giliran Malah seharusnya dapat giliran memvaksin katanya Ahyani yang juga menjabat sebagai Sekretaris Daerah Sekda Kota Solo itu mengatakan imbas penutupan tersebut maka pelayanan kesehatan Puskesmas Kratonan dialihkan ke Puskesmas Jayengan Pemkot juga telah mengkoordinasikan pemindahan layanan tersebut dengan BPJS kesehatan Biar mereka menyesuaikan sistemnya katanya Untuk diketahui penutupan puskesmas Kratonan tersebut bukan pertama kalinya dilakukan Pemkot Solo Sejak kasus Covid pertama kali diidentifikasi di Solo pertengahan Maret 2020 lalu setidaknya Pemkot pernah menutup sementara empat puskesmas Terakhir Pemkot menutup Puskesmas Jayengan dan Gajahan dalam waktu yang berdekatan Sekretaris Satgas Covid 19 sekaligus Kepala Dinas Kesehatan Dinkes Kota Solo Siti Wahyuningsih mengatakan terpaparnya tenaga medis merupakan hal yang lumrah Apalagi sambungnya para tenaga kesehatan itu sering berinteraksi dengan pasien suspek maupun konfirmasi Apalagi katanya mereka sudah berhadapan dengan Covid 19 selama 10 bulan terakhir Pandemi berkepanjangan ini berakibat pada menurunnya ketahanan fisik dan mental para petugas Terlebih mereka sering berhadapan dengan warga yang kurang kooperatif Tak jarang petugas mendapat umpatan dan makian saat melakukan contact tracing Tekanan mereka berat sekali Apalagi petugas yang di lapangan Belum lagi kalau berhadapan dengan warga yang ngeyel katanya Sebagai informasi peningkatan kasus Covid 19 di Solo per Kamis 21 1 tercatat mencapai 58 kasus baru Total kasus secara kumulatif mencapai 7 416 orang dengan angka kesembuhan mencapai 4 652 Sementara 2 111 orang menjalani isolasi mandiri 307 dirawat di rumah sakit dan 346 meninggal dunia,0,1,0.562,entity_substitution_missed,,,
HIGH (unexplained FP),tr01903,IDI Jateng Tagih Insentif Pemerintah untuk Tenaga Medis Corona,Ikatan Dokter Indonesia IDI Jawa Timur menagih pemerintah segera mencairkan insentif bagi tenaga kesehatan yang berada di garda terdepan penanganan wabah virus corona Covid 19 Ketua IDI Jatim Sutrisno mengatakan pemberian insentif itu penting bagi para tenaga kesehatan dan telah diatur dalam Keputusan Menteri Kesehatan Ia menyayangkan sebab realisasi dan pencairan insentif bagi para tenaga kesehatan itu belum berjalan baik Insentif ini belum lancar dan yang masih terserap baru 1 35 persen secara nasional Padahal insentif itu penting untuk tenaga medis kata Sutrisno saat dikonfirmasi Kamis 2 7 Sutrisno menyebut ada prosedur administrasi dan mekanisme pencairan insentif yang berbelit dan rumit Hal itu menyebabkan terhambatnya pencairan Maka itu ia pun meminta agar Dinas Kesehatan pro aktif melakukan input data dan verifikasi agar proses administrasi berjalan mudah Dengan demikian insentif tersebut segera diterima tenaga medis yang saat ini tengah berjuang keras menangani pasien corona Karena peraturannya sudah ada anggarannya sudah ada sehingga tinggal proses administrasinya saja yang harus dibenahi supaya simpel dan bisa dikerjakan segera di lapangan ujarnya Sutrisno pun mengingatkan bahwa Presiden Joko Widodo telah menginstruksikan agar anggaran di bidang kesehatan untuk penanganan Covid 19 segera disalurkan Kalau dari kata presiden kan mestinya harus dipermudah Tapi semua itu harus didukung oleh proses administrasi ucapnya Menurutnya tenaga kesehatan telah berjuang bertaruh nyawa di garda terdepan Risiko yang mereka dihadapi tak main main Setiap saat mereka harus bekerja untuk merawat pasien positif Covid 19 Maka itu Sutrisno berharap para tenaga kesehatan bisa segera menerima insentif yang dijanjikan pemerintah Ini kan suatu hal yang menggembirakan bagi mereka tenaga medis yang bekerja di lapangan Jadi sejujurnya seperti itu bekerja menghadapi penyakit tertular dan potensi tertularnya besar sangat layak mendapat apresiasi dari pemerintah kata dia Sebelumnya Kementerian Kesehatan telah mengakui ada proses birokrasi yang panjang yang menyebabkan keterlembatan pencairan dana tunjangan bagi tenaga kesehatan dan fasilitas kesehatan daerah Alurnya terlalu panjang sehingga membutuhkan waktu untuk proses transfer ke daerah Keterlambatan pembayaran juga disebabkan antara lain karena lambatnya persetujuan DIPA Daftar Isian Pelaksanaan Anggaran oleh Kementerian Keuangan kata Kepala Badan Pengembangan dan Pemberdayaan Sumber Daya Manusia PPSDM Kemenkes Abdul Kadir seperti dikutip Antara Senin 29 6 Sementara itu Menteri Keuangan Sri Mulyani mengungkapkan tanggung jawab penyaluran insentif pandemi virus corona di sektor kesehatan tak sepenuhnya berada di Kementerian Kesehatan Pasalnya insentif kesehatan juga diberikan dalam bentuk pajak ke rumah sakit secara langsung Ada yang memiliki persepsi anggaran kesehatan baru cair sedikit itu karena tanggung jawab Kementerian Kesehatan itu tidak juga karena ada juga yang bentuknya pajak langsung ke rumah sakit ungkap Sri Mulyani dalam video conference Selasa 30 6 Hari ini Menkes Terawan Agus Putranto tiba tiba mengunjungi Balai Kota Surabaya Kehadiran Terawan sempat membuat Wali Kota Surabaya Tri Rismaharini kaget karena kedatangannya di kantor pemerintahan ibu kota Provinsi Jatim itu tak direncanakan Saat tiba Terawan bersama stafnya sempat hendak langsung masuk ke Gedung Balai Kota Surabaya Risma yang saat itu berada halaman lantas memanggil Terawan Setelah sempat berdialog di sana tak berselang lama mereka berdua langsung meninjau Pasar Genteng Baru Surabaya Kemudian mereka berdua berkunjung ke Rumah Sakit Universitas Airlangga RSUA Surabaya Ia menggelar pertemuan tertutup bersama manajemen rumah sakit dan Kepala Dinas Kesehatan Surabaya Febria Rachmanita Sayangnya Terawan enggan memberikan keterangan apapun kepada awak media yang telah menunggunya Untuk diketahui Jawa Timur kini menjadi provinsi dengan jumlah kasus positif virus corona tertinggi di Indonesia Berdasarkan data Gugus Tugas Covid 19 jumlah kumulatif kasus positi Covid 19 di Jawa Timur hingga kemarin Selasa 1 7 mencapai 12 321 orang Dari jumlah itu sebanyak 5 971 kasus positif berasal dari Surabaya,0,1,0.526,entity_substitution_missed,,,
HIGH (unexplained FP),tr01916,Ruang Isolasi Penuh Dinkes Bandung Minta RS Tambah Daya Tampung,Sejumlah rumah sakit rujukan COVID 19 di Kota Cimahi saat ini sudah terisi penuh Dinas Kesehatan meminta rumah sakit menambah daya tampung ruang isolasi khusus pasien COVID 19 Salah satu rumah sakit yang saat ini sedang melakukan proses penambahan ruang isolasi untuk pasien COVID 19 yakni RSUD Cibabat Beberapa rumah sakit sedang proses menambah ruang isolasi namun untuk gejala ringan terutama zona hijau dan kuning Di RSUD Cibabat tambah ruang isolasi sedang disiapkan peralatannya kata Kepala Dinas Kesehatan Kota Cimahi Pratiwi Selasa 1 12 2020 Pihaknya tengah mengkaji pengadaan tempat isolasi baru untuk COVID 19 apakah perlu menyiapkan bangunan baru maupun mengoptimalkan bangunan yang sudah ada Sedang dianalisa untuk pengadaan ruang isolasi apakah menyiapkan bangunan baru memanfaatkan ruang rawat di puskesmas atau melakukan sewa bangunan Kita lihat hasil analisanya tutur Pratiwi Kota Cimahi memiliki dua rumah sakit rujukan COVID 19 di antaranya RSUD Cibabat dan RS Dustira Sementara rumah sakit lain yaitu RS Mitra Kasih RS Kasih Bunda RS Avicena hanya menyediakan ruang perawatan COVID 19 kategori hijau Kalau kapasitas di Cimahi penuh kita rujuk ke RS di Kota Bandung Kapasitas ruang isolasi terpenuhi sekitar 80 persen secara keseluruhan ucap Pratiwi Plt Direktur Utama RSUD Cibabat Reri Marliah mengatakan pihaknya tengah tahap proses penambahan kapasitas daya tampung pasien COVID 19 dengan ketentuan pemenuhan standar tata ruang dan ventilasi dalam penanganan kasus COVID 19 Sudah koordinasi dengan Dinkes Provinsi Jabar maupun Dinkes Kota Cimahi karena kita perlu menambah bed Tapi harus disiapkan dulu karena ada standar tata ruang dan ventilasi serta penyediaan alat alatnya butuh waktu Diharapkan kami bisa menambah kapasitas isolasi kasus COVID 19 sampai 70 bed tutur Reri Saat ini jumlah pasien terkonfirmasi positif COVID 19 di RSUD Cibabat mencapai 38 orang Mereka tersebar di ruang ICU,0,1,0.602,+no_signal_at_all,,,
HIGH (unexplained FP),tr01952,Komisioner Dagang Uni Afrika Minta Maaf Langgar Protokol Covid,Komisioner Perdagangan Uni Eropa UE Phil Hogan melayangkan permintaan maaf kepada publik terkait pelanggaran protokol pencegahan Covid 19 yang telah ia lakukan Sebelumnya Hogan mendapat tekanan untuk mundur karena menghadiri kegiatan komunitas golf parlemen Irlandia yang dalam pelaksanaannya telah melanggar protokol pencegahan Covid 19 Kegiatan yang dihadiri para menteri kabinet hakim mahkamah agung dan beberapa anggota pembuat undang undang digelar pada Rabu lalu 24 jam setelah pemerintah setempat mengumumkan pembatasan terkait situasi pandemi Covid 19 Total ada 82 orang termasuk Hogan yang hadir dalam acara tersebut Dalam aturan terbaru Irlandia secara spesifik melarang gelaran atau pesta formal maupun informal digelar di restoran hotel Saya meminta maaf dengan penuh kesadaran dan tanpa syarat karena telah hadir dalam pesta komunitas golf parlemen ujar Hogan dalam pernyataannya seperti dikutip dari AFP Minggu 23 8 Saya mengakui tindakan saya telah mengganggu hati orang orang Irlandia sesuatu yang sangat saya minta maaf imbuhnya Menteri Pertanian Irlandia Dara Calleary dan Wakil Ketua Parlemen Jerry Buttimer telah mengundurkan diri dari jabatannya karena turut hadir dalam acara tersebut Hogan mengatakan dirinya telah berkomunikasi dengan Perdana Menteri Irlandia Micheal Martin juga melaporkannya ke Presiden Komisi Eropa Ursula van der Leyen Pada akhir pekan lalu juru bicara Komisi Eropa mengatakan Von der Leyen mengikuti situasi itu dengan rinci serta telah memerintahkan Hogan untuk menyampaikan laporan secara mendetail Penting untuk mengetahui fakta yang terbentuk secara detail untuk memutuskan dengan hati hati atas situasi ini demikian kutipan juru bicara Komisi Eropa Juru bicara Hogan kepada RTE mengatakan tak akan ada pengunduran diri Hogan sendiri sebelumnya menjamin makan malam itu memenuhi protokol pemerintah untuk pencegahan Covid 19 Selain itu pada Jumat lalu kepolisian Irlandia membuka investigasi atas dugaan pelanggaran dalam pelaksanaan kegiatan makan malam tersebut,0,1,0.476,entity_substitution_missed,,,
HIGH (unexplained FP),tr02122,Ke RSUD Cengkareng F PAN DPRD DKI Bicara Kerja Ekstra Nakes Saat Tahun Baru,Fraksi PAN DPRD DKI Jakarta meninjau RSUD Tarakan Jakarta Pusat PAN DKI menyoroti jumlah kasus Corona yang meningkat di Ibu Kota sehingga berimbas kepada beban kerja tenaga kesehatan Saat ini angka COVID meningkat drastis Menurut laporan per 31 Desember kemarin persentase kasus sepekan terakhir 12 3 yang positif sudah 183 ribu ini angka yang besar ujar Penasehat Fraksi PAN DPRD DKI Jakarta Zita Anjani dalam keterangannya Jumat 1 1 2021 Dengan 15 ribu pasien yang saat ini sedang dirawat tentu membuat tenaga medis harus bekerja lebih ekstra Bahkan di tengah masyarakat merayakan tahun baru mereka harus berjuang melawan COVID 19 Rela tidak ikut libur tahun baru Apresiasi dari kami lanjutnya Zita mengatakan kunjungan kerja itu sebagai salah satu langkah pengawasan Zita menyebut pihaknya juga memberi semangat kepada petugas medis Oleh karena itu Fraksi PAN DPRD DKI Jakarta mengunjungi RSUD Tarakan hari ini Selain untuk mengoptimalkan fungsi pengawasan kami juga ingin memberi semangat kepada tenaga medis secara langsung kata dia Alhamdulillah yang datang bukan hanya anggota dewan Fraksi PAN ada juga jajaran pengurus DPW PAN Jakarta Salah satunya Luthfi Agizal sosok pemuda inspiratif saat ini kehadirannya bisa menghibur tenaga kesehatan yang sedang letih sambungnya Selain itu Zita juga meminta agar Pemprov DKI untuk memprioritaskan kesejahteraan tenaga medis Dia menyebut pengorbanan yang dilakukan tenaga medis harus dibalas setimpal Saya tidak bisa bayangkan jika tanpa mereka mungkin ratusan ribu nyawa sudah melayang akibat pandemi Makanya kami berharap Pemprov bisa prioritaskan kesejahteraan tenaga medis harus setimpal dengan pengorbanannya kata dia,0,1,0.778,entity_substitution_missed,,,
HIGH (unexplained FP),tr02504,Polisi Belanda Tangkap 240 Orang dalam Aksi Memprotes Lockdown,Ratusan perusuh menjarah toko toko membakar dan terlibat bentrok dengan polisi di beberapa kota di Belanda pada Minggu 24 1 waktu setempat Media lokal Belanda dan polisi melaporkan ada lebih dari 240 orang ditangkap terkait peristiwa itu Dilansir dari Reuters Senin 25 1 2021 kerusuhan terjadi pada hari kedua pembatasan ketat COVID 19 termasuk aturan jam malam yang memicu demonstrasi Menurut saksi mata polisi menggunakan meriam air anjing dan petugas berkuda untuk membubarkan aksi protes di pusat kota Amsterdam Hampir 200 orang yang melakukan pelemparan batu dan kembang api ditahan di kota itu Lembaga penyiaran nasional NOS mengatakan polisi anti huru hara telah dikerahkan di hampir 10 kota setelah jam malam diberlakukan Kendaraan dibakar polisi dilempari batu dan properti umum dihancurkan lapor NOS Polisi militer mengatakan di Twitter pada Minggu malam 24 1 bahwa mereka dikerahkan untuk membantu polisi lokal di setidaknya dua kota di wilayah selatan Dalam video yang dimuat sebuah televisi lokal Belanda sekelompok anak muda terlihat menjarah toko melempar sepeda dan membakar di kota Eindhoven Sedikitnya 55 orang ditangkap di Eindhoven Demonstrasi di Museum Square yang melanggar larangan pertemuan publik terjadi sehari setelah pemerintah memberlakukan jam malam untuk pertama kalinya sejak Perang Dunia Kedua Polisi membersihkan alun alun setelah orang orang mengabaikan instruksi untuk pergi dan menahan mereka yang menyerang polisi dengan batu dan kembang api di jalan jalan terdekat kata kantor walikota Video dari desa Urk 80 km timur laut Amsterdam menunjukkan para pemuda membobol fasilitas pengujian COVID 19 di dekat pelabuhan desa sebelum dibakar pada Sabtu 23 1 malam waktu setempat Sebelumnya parlemen telah menyepakati aturan jam malam pada pekan lalu di mana varian COVID 19 yang pertama kali diidentifikasi di Inggris akan menyebabkan lonjakan kasus baru Infeksi baru di negara tersebut secara umum telah menurun selama sebulan dan turun lagi pada hari Minggu 24 1 dengan 4 924 kasus baru Sejauh ini total ada 13 540 kematian di Belanda akibat COVID 19 dan 944 000 orang yang terinfeksi virus Corona Sekolah dan toko non esensial di Belanda telah ditutup sejak pertengahan Desember 2020 menyusul penutupan bar dan restoran dua bulan sebelumnya,0,1,0.973,+no_signal_at_all,,,
HIGH (unexplained FP),tr02574,Pemprov DKI Sebut Makam di TPU Tegar Alur Sisa 400 Liang,Lahan pemakaman blok muslim di TPU Tegal Alur telah terisi penuh oleh jenazah pasien COVID 19 Pemakaman hanya melayani sistem tumpang Bisa dengan sistem tumpang Untuk memakai peti hanya muat satu jenazah COVID 19 kata Kasatpel TPU Tegal Alur Wawin Wahyudi saat dihubungi Rabu 13 1 2021 Makam yang hendak ditumpangi lanjut Wawin minimal berusia 3 tahun Nantinya dalam satu liang lahad bisa dikuburkan satu jenazah pasien COVID 19 beserta petinya Kalau kita kedalaman kan satu setengah meter Kalau ditumpang sama COVID kayaknya juga muat satu kecuali sudah termakan waktu petinya udah hancur mungkin bisa lagi Tapi saat ini hanya bisa ditumpang satu Jadi misalnya makam yang udah ada berarti bisa ditumpang satu jenazah COVID Soalnya kalau pakai peti butuh tempat ruang yang cukup jelasnya Penerapan makam tumpang ini memerlukan persyaratan khusus di antaranya mengantongi izin penggunaan tanah makam IPTM serta mendapatkan persetujuan ahli waris makam yang akan ditumpangi Jadi makam yang akan ditumpangi harus miliki surat IPTM yang masih berlaku terus persetujuan ahli waris makam yang akan ditumpangi tuturnya Sebagai informasi Kepala Dinas Pertamanan dan Hutan Kota Pemprov DKI Jakarta Suzi Marsitawati pada Jumat 8 1 lalu menyebut masih ada 400 liang lahad di TPU Tegal Alur Pinciannya 200 liang lahad untuk jenazah muslim Namun Wawin mengakui dalam empat hari terakhir ini rata rata jenazah COVID 19 muslim yang dimakamkan di TPU Tegal Alur mencapai 50 orang per harinya Hal inilah yang menyebabkan blok muslim di TPU ini terisi penuh Empat hari dikali lima puluh jenazah Hari Senin itu malah 53 Jadi statement bu Suzi benar Jumat 200 terangnya,0,1,0.573,+no_signal_at_all,,,
HIGH (unexplained FP),tr02575,Airlangga Hartarto Reformasi Sistem Bisa Tekan Ongkos Logistik,Menteri Keuangan Sri Mulyani mengatakan reformasi sistem logistik nasional melalui National Logistic Ecosystem NLE akan mengurangi beban usaha di masa pandemi covid 19 Pasalnya biaya logistik diprediksi bisa mengalami penurunan hingga lebih dari 6 persen terhadap Produk Domestik Bruto PDB Ani sapaan akrabnya menjelaskan selama ini ongkos logistik di Indonesia mencapai 23 5 persen PDB dan merupakan salah satu yang tertinggi di Asia Tenggara Dengan diluncurkannya NLE ia yakin angkanya akan turun menjadi 17 persen terhadap PDB Tentu kami berharap para pengusaha bisa jauh lebih berdaya tahan Target kami menurunkan biaya logistik dari 23 persen menjadi 17 persen berarti sekitar 6 persen Kalau 6 persen dari GDP yang sekarang Rp15 ribu triliun angkanya sangat signifikan ujarnya dalam konferensi pers Penataan Ekosistem Logistik Nasional Kamis 24 9 Ia melanjutkan penurunan ongkos logistik hingga 6 persen tersebut akan dikontribusikan dari empat kegiatan logistik baik di hulu maupun hilir yakni Delivery Order dan Persetujuan Pengeluaran Petikemas SP2 online e trucking inception dan pengangkutan Sri Mulyani mencontohkan perubahan kegiatan Delivery Order dan SP dari konvensional ke online Proses yang sebelumnya terbatas hanya Senin hingga Jumat itu kini bisa dilakukan dilakukan 7 kali 24 jam nonstop Volume aktivitas dari delivery order serta SP2 in apabila dilakukan secara online 7 kali 24 jam maka bisa efisiensi hingga Rp402 miliar dari para perusahaan yang harusnya mengeluarkan dana untuk pengurusan dan SP2 Dari sisi waktu menjadi 91 persen jauh lebih efisien sebutnya Dengan reformasi ini Sri Mulyani yakin kontribusi dunia usaha juga meningkat karena terciptanya transparansi dan persaingan yang sehat Mengenai apakah usaha logistik ini bisa menjadi penggerak utama ekonomi di tengah ancaman ekonomi ini kami justru melakukan reformasi dalam situasi yang sedang mengalami covid supaya dunia usaha dapat mendapatkan bantuan keringanan beban tandasnya Seperti diketahui terkait dengan integrasi ekosistem ini Presiden Joko Widodo Jokowi telah menandatangani Instruksi Presiden Inpres Nomor 5 Tahun 2020 tentang Penataan Ekosistem Logistik Nasional pada tanggal 16 Juni 2020 Gambas Video CNN,0,1,0.635,entity_substitution_missed+no_signal_at_all,,,
HIGH (unexplained FP),tr02639,23 Sopir Positif COVID 19 Kendaraan Logistik Gagal Menyeberang ke Bali,Ratusan sopir truk logistik dan bus mendapat layanan rapid test antigen gratis oleh Kantor Kesehatan Pelabuhan KKP Kelas II Probolinggo wilayah kerja Wilker Banyuwangi Kegiatan yang menggandeng Pemprov Jawa Timur itu ditemukan 5 sopir truk logistik yang positif COVID 19 Kegiatan rapid test antigen gratis ini digelar di areal Terminal Bus Sritanjung Rabu 23 12 2020 Sopir truk dan bus pun mengantre mendapatkan giliran pemeriksaan Sony Irawan Koordinator KKP kelas II Probolinggo Wilker Banyuwangi mengatakan pihaknya memberikan pelayanan gratis rapid test antigen untuk para sopir truk logistik dan bus Sebab sesuai dengan surat edaran Gubernur Bali terbaru tentang pengguna jasa yang hendak menyeberang ke Pulau Bali wajib menunjukkan dokumen rapid test antigen terhitung sejak tanggal 18 Desember 2020 hingga 4 Januari 2020 Kami fasilitasi sopir logistik dan bus untuk rapid test antigen Ini syarat penumpang masuk ke Bali sesuai dengan edaran Gubernur Bali dan Gugus Tugas Ini hanya untuk sopir logistisk dan bus Untuk masyarakat umum tetap bayar Tapi tidak di tempat kita ditempat yang sudah menyediakan raid antigen ujarnya kepada wartawan Sopir truk logistik dan bus yang ingin mendapatkan pelayanan gratis rapid test antigen kata Sony wajib mendaftarkan diri terlebih dahulu Sopir wajib membawa fotocopy KTP dan STNK kendaraan Hasilnya tambah Sony dari 200 orang sopir truk dan bus yang melakukan rapid test antigen ada 5 orang yang positif COVID 19 Mereka langsung tidak diperbolehkan masuk Bali Pihaknya juga memberikan surat rekomendasi kepada ke Dinas Kesehatan Provinsi dan kabupaten tempat sopir berasal,0,1,0.864,+no_signal_at_all,,,
HIGH (unexplained FP),tr02746,Tambah 5 121 Kasus Corona RI Per 14 Desember Jadi 623 309,Pemerintah kembali memperbarui informasi soal penanganan wabah virus Corona COVID 19 Hari ini dilaporkan kasus COVID 19 di Indonesia lebih dari 623 ribu kasus Berdasarkan data Kementerian Kesehatan Kemenkes dilaporkan ada 5 489 kasus baru Corona pada Senin 14 12 2020 sehingga sejak Maret sudah ada 623 309 kasus COVID 19 di Tanah Air Penghimpunan data ini dilakukan setiap hari per pukul 12 00 WIB Selain itu dilaporkan ada penambahan pasien sembuh Corona sebanyak 5 121 sehingga hingga hari ini total ada 510 957 pasien Corona yang sembuh Sementara itu dilaporkan hingga hari ini total pasien meninggal akibat COVID 19 sebanyak 18 956 orang Dilaporkan juga pemerintah pada hari ini memantau kasus suspek Corona sebanyak 64 067 Kasus Corona telah ditemukan di 34 provinsi pada 510 kabupaten kota Pemerintah terus mengingatkan agar masyarakat mematuhi protokol kesehatan demi mencegah penularan COVID 19 Masyarakat diminta disiplin memakai masker rajin mencuci tangan memakai sabun dan menjaga jarak Tonton video Respons BPOM Bio Farma soal Beredarnya PO Vaksin Corona Gambas Video 20detik,0,1,0.957,entity_substitution_missed+no_signal_at_all,,,
HIGH (unexplained FP),tr02813,Varian Baru Corona Muncul di Inggris Mirip dengan yang Ditemukan di Brasil kumparan com,Varian virus corona baru ditemukan di Brasil Untuk mencegah penyebaran varian itu Inggris melarang penerbangan dan orang orang dari Brasil masuk negaranya Inggris sebagai negara yang paling terdampak varian baru bergerak cepat mendengar kabar dari Brasil PM Boris Johnson bahkan membenarkan dirinya begitu khawatir mendengar informasi tersebut Langkah yang diambil Inggris adalah melarang masuk pendatang dari Brasil dan berbagai negara Amerika Selatan dan Portugal Terkait kenapa Portugal dimasukkan dalam daftar Shapps menjelaskan dua negara itu berhubungan erat Banyak orang Brasil berkunjung ke Portugal begitu pula sebaliknya Selengkapnya simak video di atas kumparanvideo Simak panduan lengkap corona di Pusat Informasi Corona,0,1,0.946,+no_signal_at_all,,,
HIGH (unexplained FP),tr02928,Aa Gym Positif COVID 19 Masjid Al Azhar Ditutup untuk Umum,Penceramah kondang Abdullah Gymnastiar mengumumkan dirinya positif COVID 19 Kabar itu disampaikan pria yang akrab disapa Aa Gym itu melalui saluran YouTube dan Instagramnya pada Selasa 29 12 2020 Bagaimana kondisi terkini di Masjid Daarut Tauhiid yang jadi pusat kegiatan Aa Gym menyiarkan dakwah Masjid Daarut Tauhiid ditutup untuk publik sejak 27 Desember hingga 2 Januari 2021 mendatang Penutupan masjid dilakukan lebih awal atau satu hari sebelum Aa Gym dinyatakan positif terpapar virus Corona Seperti diketahui hasil swab Aa Gym keluar pada Senin 28 12 dan diumumkan pagi ini Pantauan detikcom pintu dua masuk utama menuju masjid ditutup rapat Pengurus masjid pun menempelkan informasi bahwa masjid ditutup dalam waktu satu pekan dalam rangka pembersihan perbaikan dan pemeliharaan masjid Serta dalam rangka memutus mata rantai penularan COVID 19 Insya Allah satu pekan ke depan mulai tanggal 27 Desember 2020 2 Januari 2021 Masjid Daarut Tauhiid Bandung akan ditutup sementara waktu dan tidak digunakan untuk kegiatan ibadah seperti tertulis dalam pengumuman tersebut Suasana masjid pun dari luar tampak sepi hanya ada lalu lalang warga dan pengendara yang melintas Hal yang sama juga terpantau di Pesantren Daarut Tauhiid informasi yang dihimpun pondok pesantren binaan Aa Gym tersebut memulangkan santri santrinya sejak pandemi COVID 19 merebak pada Maret lalu Pengurus Masjid Daarut Tauhiid Aep Saepudin membenarkan penutupan masjid tersebut lebih awal sebelum Aa Gym mengumumkan positif COVID 19 Pasalnya DKM tengah melakukan perbaikan interior masjid Betul lebih awal sebelum Aa Gym positif COVID 19 ujar Aep saat dikonfirmasi detikcom Terkait perpanjangan penutupan masjid Aep mengatakan kewenangan tersebut akan dibahas lebih lanjut oleh jajaran pengurus lainnya Itu keputusannya di pengurus tuturnya Sebelum dinyatakan positif Corona Aa Gym menceritakan ia sempat melakukan perjalanan ke Bandung pada hari Rabu 23 12 2020 Kala itu Aa Gym masih merasa tubuhnya sehat dan bisa beraktivitas seperti biasa bahkan pada hari Kamisnya ia sempat melakukan kemping di Bandung Malam Kamisnya di gunung kemping Kamis pagi masih berenang dan bertugas Hari Jumat pagi mau bersepeda tapi tidak mau terlalu capek Jadi di halaman luar masjid Salman cari yang paling aman di taman yang tidak banyak orang jelasnya Namun menjelang kembali ke Jakarta pada hari Sabtu 26 12 2020 kondisi Aa Gym mulai menurun Bahkan ia harus di infus dan meminum berbagai vitamin agar tubuhnya kembali bugar Saat itu Aa Gym juga melakukan tes Corona berupa rapid test antibodi Di rapid hasilnya hari Sabtu itu non reaktif ujarnya Aa Gym mengatakan ia diduga kelelahan sehingga kondisi tubuhnya menurun Aa Gym pun memilih untuk melakukan isolasi mandiri meski hasil rapid test antibodinya non reaktif Hingga akhirnya pada hari Senin 28 12 2020 ia melakukan tes swab bersama anaknya dan diketahui Aa Gym positif Corona Hari Seninnya juga full menyendiri nunggu giliran di swab Hari Selasa kemarin swab seperti yang dilihat di Facebook ditemani anak kata Aa Gym Diswab termasuk santri yang suka mendampingi dan sesudah di swab tadi malam hasilnya didapat anak negatif tidak kena COVID dan Aa positif COVID lanjutnya,0,1,0.47,entity_substitution_missed,,,
HIGH (unexplained FP),tr02954,Saat Pasien COVID 19 Kaget Lihat Dokter Yahudi Punya Tato Nazi,Seorang dokter Yahudi yang bekerja di California Amerika Serikat kaget melihat tato neo Nazi di tubuh seorang pasien Corona yang ditanganinya Dia berbagi cerita tentang kekagetannya itu Dilansir dari AFP Kamis 3 12 2020 saat timnya termasuk seorang perawat kulit hitam dan spesialis pernapasan keturunan Asia mempersiapkan pasien pria yang akan diintubasi dokter Taylor Nichols mengatakan di Twitter bahwa dia melihat tato Nazi Swastika tampak mencolok di dadanya Tato SS dan lambang lain yang sebelumnya tertutup kemejanya kini terlihat jelas demikian cuitannya di Twitter Diketahui bahwa simbol simbol Nazi menciptakan trauma bagi orang Yahudi Hal ini mengingatkan mereka pada pembantaian terhadap Yahudi di Jerman atau yang dikenal dengan peristiwa Holocaust Kami semua melihat Simbol kebencian di tubuhnya secara lahiriah dan dengan bangga mengumumkan pandangannya Kami semua tahu apa yang dia pikirkan tentang kami Bagaimana dia menghargai hidup kami tutur Nichols Nichols berbicara tentang emosi bercampur aduk yang dia rasakan setelah berbulan bulan menangani pasien COVID 19 dan melihat pasien meninggal saat hidup dalam isolasi untuk menghindari penularan ke orang orang tercinta terus menerus khawatir jatuh sakit Nichols mengatakan pria itu yang dia gambarkan sebagai pria yang lebih tua dan gemuk giginya hilang karena penyalahgunaan metamfetamin selama bertahun tahun telah memintanya untuk menyelamatkan hidupnya Jangan biarkan aku mati dok katanya seperti yang ditirukan Nichols Pria itu dirawat di rumah sakit dekat Sacramento pada pertengahan November Saya meyakinkannya bahwa kami semua akan bekerja keras untuk merawatnya dan menjaganya tetap hidup sebaik yang kami bisa ujar dokter Yahudi itu,0,1,0.854,+no_signal_at_all,,,
HIGH (unexplained FP),tr03238,Survei Kepercayaan Publik Terhadap Anies Atasi Corona Turun,Lembaga survei Indikator Politik mencatat penurunan tingkat kepercayaan publik terhadap Presiden Joko Widodo dan Menteri Kesehatan Menkes Terawan Agus Putranto di bulan Juli 2020 Direktur Eksekutif Indikator Politik Burhanuddin Muhtadi menyebut kepercayaan publik terhadap Jokowi dalam penanganan pandemi corona saat ini menurun dari bulan Mei lalu Trust dan confident publik terhadap kinerja Presiden Jokowi dalam penanganan covid kalau saya jumlahkan antara yang cukup percaya dan sangat percaya itu bulan Mei 67 persen Di bulan Juli ada penurunan sedikit kurang lebih 5 persen kata Burhan dalam rilis survei yang dilakukan secara virtual Selasa 21 7 Burhanuddin menyebut saat ini ada 60 9 persen publik yang masih memiliki kepercayaan terhadap Jokowi Jumlah itu terdiri dari 52 6 persen publik yang menyatakan cukup percaya dan 8 3 persen yang menyatakan sangat percaya Sementara untuk Terawan hanya 58 persen publik yang menyatakan percaya di bulan Mei Jumlah itu terdiri dari 48 4 persen publik menyatakan cukup percaya dan 9 6 persen sangat percaya Kemudian tingkat kepercayaan kepada Terawan turun cukup tajam di bulan Juli mencapai 38 9 persen Hanya 36 7 persen publik yang masih cukup percaya dan 2 2 persen masih sangat percaya kepada Terawan dalam menangani pandemi corona Ini masukan buat Pak Jokowi dan pemerintah Trust terhadap kinerja Jokowi dan penanganan covid ada penurunan meskipun masih tinggi ujarnya Survei dilakukan pada pada 13 16 Juli 2020 terhadap 1 200 responden via telepon Toleransi kesalahan kurang lebih 2 9 persen dengan tingkat kepercayaan 95 persen Kasus positif virus corona Covid 19 di Indonesia per Senin 20 7 bertambah sebanyak 1 693 orang sehingga total menjadi 88 214 orang terinfeksi Covid 19 Dari total jumlah tersebut 46 977 orang dinyatakan sembuh dan 4 239 orang meninggal dunia Sehari sebelumnya angka positif di Indonesia mencapai 86 521 orang Dari total jumlah tersebut 45 401 orang di antaranya sembuh dan 4 143 orang meninggal dunia Angka kumulatif itu berdasarkan data World O Meter melampaui kasus corona di China Pada hari yang sama World O Meter mencatat kasus positif di China sebanyak 83 660 Namun berdasarkan data WHO pada hari yang sama kasus China masih lebih besar dari Indonesia Data WHO per Minggu 19 7 kasus positif di China sebanyak 85 937,0,1,0.826,+no_signal_at_all,,,
HIGH (unexplained FP),tr03322,Prancis tak Akan Dapat 1 16 Juta Dosis Vaksin COVID 19 hingga Akhir Tahun,Prancis akan menerima sekitar 1 16 juta dosis vaksin COVID 19 hingga akhir tahun Perdana Menteri Prancis Jean Castex mengatakan akan menambah 2 3 juta lagi dan akan tiba dalam dua bulan ke depan Seperti dilansir AFP Kamis 17 12 2020 pemberian sekitar 3 9 juta dosis untuk sekitar 1 7 juta dengan prioritas diberikan kepada orang tua orang rentan dan pengasuh Vaksin COVID 19 diberikan dalam dua dosis selama beberapa minggu Jean Castex menyebut pemerintah Prancis akan jauh lebih transparan dalam fase manajemen epidemi ini Hal ini menyusul pihak berwenang mendapat kecaman atas distribusi tes dan masker di awal tahun Kita tidak boleh melewatkan belokan di jalan ini kata Jean Castex Jean Castex mengatakan Prancis akan menerima sekitar 1 16 juta dosis pada akhir tahun 677 000 dosis lagi sekitar 5 6 Januari dan sekitar 1 6 juta dosis pada Februari Prancis telah memesan total sekitar 200 juta dosis yang akan cukup untuk membuat 100 juta orang Negara ini memiliki populasi di bawah 70 juta,0,1,0.988,+no_signal_at_all,,,
HIGH (unexplained FP),tr03409,105 Calon Penumpang Daftar Rapid Test Antigen di Stasiun Senen Per 08 30 WIB,Seluruh calon penumpang kereta api KA jarak jauh diwajibkan untuk melakukan rapid test antigen COVID 19 sebelum menempuh perjalanan Untuk itu pelayanan rapid test antigen sudah mulai dilakukan sejak kemarin di beberapa stasiun termasuk Stasiun Senen Hari ini ada di Stasiun Senen antreannya sudah 564 yang mendaftar rapid antigen itu terakhir pukul 08 30 WIB ujar VP Public Relation PT KAI Joni Martinus saat ditemui di Stasiun Pasar Senen Jakarta Pusat Senin 22 12 2020 Antrean untuk melakukan rapid test antigen di Stasiun Senen sudah dibuka sejak pukul 07 00 WIB Untuk melakukan rapid test antigen setiap calon penumpang dikenakan biaya Rp 105 ribu Untuk melakukan rapid test antigen di Stasiun Pasar Senen calon penumpang diwajibkan untuk mendaftar terlebih dahulu di loket yang sudah disediakan Jadi mereka ini didaftar dulu terus beli alatnya untuk test Rp 105 ribu Lalu setelah itu mereka langsung bayar di tempat terang Joni Joni menjelaskan calon penumpang akan diberikan satu kit alat test rapid antigen setelah membayar Kemudian calon penumpang akan mendatangi tim pemeriksa untuk dilakukan pemeriksaan Calon penumpang harus menunggu sekitar 20 menit untuk mengetahui hasil rapid test antigen Setelah hasilnya keluar calon penumpang akan mendapatkan surat keterangan dari tim pemeriksa Lalu bagaimana jika hasil rapid test antigen nya reaktif COVID 19 Simak di halaman berikutnya,0,1,0.953,+no_signal_at_all,,,
HIGH (unexplained FP),tr03412,Vaksin Corona Sinovac Disimpan di PT Kimia Farma Akan Dites BPOM,Vaksin Corona COVID 19 buatan Sinovac yang tiba di Indonesia kemarin malam langsung dibawa ke PT Bio Farma di Bandung Jawa Barat Setelah itu sampel vaksin Corona Sinovac akan dites tim BPOM dan Bio Farma Dikutip dari siaran pers Sekretariat Presiden Senin 7 12 2020 vaksin Corona Sinovac tiba di Bandara Soekarno Hatta Tangerang pada Minggu 6 12 malam Dari gudang di terminal kargo vaksin yang disimpan dalam 7 Envirotainer diangkut menggunakan 3 truk Pada Senin 7 12 dini hari rangkaian kendaraan pengangkut vaksin mulai berjalan menuju PT Bio Farma Rangkaian kendaraan ini turut dikawal ketat oleh aparat keamanan Rangkaian kendaraan pembawa vaksin Corona Sinovac tiba di PT Bio Farma sekitar pukul 03 45 WIB Vaksin Corona Sinovac kemudian dipindahkan dari Envirotainer untuk disimpan di cool room dengan suhu 2 8 derajat Celsius Ruangan tersebut telah disterilisasi dan disiapkan khusus untuk menyimpan vaksin Corona Vaksin Corona dari Sinovac kemudian akan dilakukan pengambilan sampel untuk pengujian mutu oleh tim BPOM dan Bio Farma Dalam pernyataan yang disampaikan pada saat meninjau simulasi vaksinasi di Puskesmas Tanah Sareal Kota Bogor Presiden Jokowi mengingatkan bahwa setelah tiba vaksin memerlukan sejumlah tahapan sebelum bisa diberikan kepada masyarakat Setelah mendapatkan izin dari BPOM baru kita lakukan vaksinasi Kaidah kaidah saintifik kaidah kaidah ilmiah ini juga saya sudah sampaikan wajib diikuti Kita ingin keselamatan keamanan masyarakat itu harus betul betul diberikan tempat yang paling tinggi ujar Jokowi Selanjutnya soal pernyataan Jokowi terkait vaksin Corona Sinovac,0,1,0.793,+no_signal_at_all,,,
HIGH (unexplained FP),tr03469,Bupati Luwu Timur Sebut Gubernur Sulsel Sudah Negatif COVID Sebelum Wafat,Gubernur Sulawesi Selatan Sulsel Nurdin Abdullah memimpin pelepasan jenazah Bupati Luwu Timur terpilih Thoriq Husler di RS Wahidin Makassar Nurdin menerima laporan RS Wahidin bahwa Thoriq dinyatakan negatif virus Corona COVID 19 sesaat sebelum wafat Beliau kena COVID dan dirawat di beberapa rumah sakit Terakhir dirujuk ke RS Wahidin dan kondisi beliau memang banyak komorbid penyakit penyerta komplikasi Dan sesuai dengan penyampaian rumah sakit bahwa beliau sudah negatif COVID 19 kata Nurdin saat melepas jenazah Husler di RS Wahidin Jalan Perintis Kemerdekaan Makassar Kamis 24 12 2020 Saat melepas jenazah Husler Nurdin didampingi Wakil Bupati Lutim Irwan Bachri Syam Selanjutnya jenazah Husler dibawa ke Luwu Timur untuk dimakamkan Dari informasi yang dihimpun sebelum dirawat di RS Wahidin Husler sempat dirawat di RS Grestelina Makassar Setelah tiga hari dia ada gejala terus ikut tes ternyata dia positif COVID Memang karena kondisi penyakitnya sehingga beliau sangat sulit untuk tertolong imbuhnya Nurdin mengaku kehilangan sosok yang dianggapnya mampu membangun Luwu Timur Oleh karena itu kami atas nama Pemerintah Provinsi Sulawesi Selatan menyampaikan rasa duka yang dalam ucapan belasungkawa kepada seluruh masyarakat Luwu TImur dan seluruh keluarga Semoga diberi ketabahan dan keikhlasan dan almarhum diterima di sisi Allah SWT dan semoga husnul khotimah imbuhnya Simak selengkapnya di halaman selanjutnya,0,1,0.917,+no_signal_at_all,,,
HIGH (unexplained FP),tr03515,Kata Bupati Pati Soal Viral Foto Ganjar Tak Bermasker di Acara Pernikahan,Foto Bupati Pati Haryanto tanpa masker saat menghadiri acara pernikahan viral di media sosial Gubernur Jawa Tengah Ganjar Pranowo angkat bicara Ganjar mengaku sudah mendapatkan klarifikasi yang menyebutkan masker Bupati Pati dilepas hanya saat sesi foto dengan pengantin Yang saya terima yang berita Bupati Pati tidak pakai masker tadi sudah diklarifikasi karena mantennya minta itu dibuka karena mau difoto Yang gini gini ini jangan dilayani lagi kata Ganjar di kantornya Senin 18 1 2021 Saya hanya mengingatkan kita jangan sampai lupa begitu ada kerumunan masker ini tidak dilepas mau foto mau nggak nggak boleh imbuhnya Ganjar juga menceritakan beberapa kali ia terpaksa menolak ajakan foto yang terlalu dekat hingga ada yang mengajak bicara dengan membuka masker Hal hal itu menurut Ganjar bisa jadi edukasi soal protokol kesehatan COVID 19 Saya kemarin juga masih sempet menanam pohon semua yang ngomong dibuka masker kamu tutup atau enggak usah ngomong Pak foto dekat dekat enggak boleh jaga jarak dulu semua masker dipakai Sebenarnya edukasi edukasi semacam ini penting dilakukan karena kita sendiri juga tidak boleh ceroboh jelasnya Ia juga menyampaikan bagi yang sudah mendapat vaksin pun juga tidak boleh lengah protokol kesehatan Saya sendiri sudah divaksin saja enggan berani gembelengan enggak pakai masker seolah olah sudah sehat Vaksin itu salah satu saja tetap pakai masker Saya minta teman reman aapalagi pejabat publik untuk mengikuti semuanya tegasnya Diberitakan sebelumnya Bupati Pati Haryanto menanggapi fotonya yang viral karena tanpa masker saat menghadiri acara pernikahan Haryanto memberi penjelasan lewat akun Instagram pribadi miliknya haryantoshmmmsi Simak juga video Pasien Covid 19 Nikah Virtual dari RSDC Wisma Atlet Gambas Video 20detik Simak selengkapnya di halaman selanjutnya,0,1,0.938,+no_signal_at_all,,,
HIGH (unexplained FP),tr03545,Sri Mulyani Targetkan Transfer BLT Rp2 4 Juta Tuntas Oktober,Menteri BUMN sekaligus Ketua Pelaksana Penanganan Covid 19 dan Pemulihan Ekonomi Nasional Erick Thohir akan mengupayakan agar pencairan Bantuan Langsung Tunai BLT berupa subsidi upah kepada pekerja bisa cair lagi pada akhir Oktober atau awal November 2020 Semula target pencairan tahap kedua pada November Desember 2020 Pencairan ini merupakan tahap kedua dari total subsidi upah Rp2 4 juta kepada pekerja dengan gaji di bawah Rp5 juta yang terdaftar sebagai peserta BP Jamsostek dulu BPJS Ketenagakerjaan Sebelumnya pemerintah telah mencairkan tahap pertama sebesar Rp1 2 juta per penerima pada akhir Agustus kemarin Terbagi dua Rp1 2 juta yang dibagikan untuk gaji September Oktober diberikan pada Agustus September pertengahan September kira kira bisa tembus 13 8 juta Sisanya yang Rp1 2 juta lagi akan dibayarkan Oktober akhir atau November awal ungkap Erick saat konferensi pers virtual Rabu 2 9 Bersamaan dengan target tersebut Erick berharap program stimulus yang cukup baru ini bisa tepat sasaran dan membantu masyarakat Bahkan bisa mendorong pemulihan ekonomi nasional sehingga terhindar dari resesi ekonomi Ini kami harap ada percepatan sehingga kapasitas dan daya beli masyarakat bisa terjaga katanya Saat ini dari pencairan tahap pertama sebesar Rp1 2 juta per penerima bantuan subsidi upah sudah diberikan ke sekitar 2 5 juta penerima Rencananya sebanyak 3 juta penerima akan mendapat dana dengan nominal yang sama pada minggu ini Secara total pemerintah akan memberikan subsidi upah ke 15 7 juta penerima Sementara dari nominal pagu anggaran yang disiapkan mencapai Rp37 8 triliun Gambas Video CNN Dari total target 15 7 juta penerima pemerintah setidaknya sudah mengantongi data dan nomor rekening dari 13 8 juta calon penerima Seluruh data itu terus divalidasi oleh BP Jamsostek untuk kemudian diteruskan ke bank penyalur dana yaitu Himpunan Bank bank Milik Negara Himbara lalu ke rekening penerima Alhamdulillah kami sudah punya 14 juta nomor rekening ini langsung ke individunya Dari 14 juta ini sekitar 11 juta sudah clear sudah valid jadi kami yakin di pertengahan September angka 13 8 juta itu bisa terlewatkan karena sudah ada 14 juta nomor rekening jelasnya Pada program subsidi upah pemerintah hanya memberikan kepada pekerja yang terdaftar menjadi peserta aktif BP Jamsostek dan masih membayar iuran sampai 30 Juni lalu Selain itu syaratnya merupakan Warga Negara Indonesia WNI dan tidak mengikuti program bantuan lain misalnya Kartu Prakerja,0,1,0.451,entity_substitution_missed,,,
HIGH (unexplained FP),tr03784,Tes Corona Turun Saat Libur Pemda Minta Satgas Konsisten Kelola Laboratorium,Satuan Tugas Satgas COVID 19 menyoroti penurunan jumlah tes yang dilakukan pada saat hari libur Satgas meminta pemerintah daerah konsisten terus melakukan penanganan Corona Diketahui pula pada pekan liburan terjadi penurunan jumlah orang yang diperiksa yang mengakibatkan jumlah kumulatif positif serta positivity rate minggu turun kata Juru Bicara Satgas COVID 19 Wiku Adisasmito melalui siaran YouTube Sekretariat Presiden Selasa 24 11 2020 Wiku menyebut penurunan jumlah tes itu harus dilakukan evaluasi Dia meminta pemerintah konsisten mengelola operasional laboratorium tes Corona Hal ini menjadi bahan evaluasi pemerintah pusat maupun daerah untuk terus konsisten dalam mengelola operasional laboratorium testing katanya Selain itu Wiku meminta pemerintah daerah melakukan pengawasan terkait perkembangan Corona di wilayahnya Pengawasan itu akan digunakan sebagai dasar untuk membuat kebijakan strategis Oleh karena ini Satgas berusaha mendorong pemerintah daerah untuk terus melakukan pengawasan kondisi pada tingkat provinsi dan kabupaten kota untuk menganalisa situasi yang lebih rinci sebagai dasar pengambilan kebijakan strategis kata dia Simak video Kasus Corona Indonesia Tertinggi di ASEAN Gambas Video 20detik,0,1,0.862,+no_signal_at_all,,,
HIGH (unexplained FP),tr04062,Puluhan Guru MAN 22 Jaksel Positif Covid 19 Usai Study Tour,Camat Palmerah Firman Ibrahim mengungkapkan sebanyak 33 guru Madrasah Aliyah Negeri MAN 22 Jakarta Barat terdeteksi COVID 19 hingga menjadi klaster diduga usai melakukan perjalanan study tour ke Yogyakarta Klaster guru tersebut terungkap berawal dari laporan pada 28 November 2020 terkait dua guru yang terkonfirmasi positif COVID 19 kemudian dilakukan penelusuran kontak Pas ada kasus konfirmasi langsung sekolah kita semprotin Kita lakukan kewajiban kita untuk tracing dengan data datanya ujar Firman Ibrahim seperti dikutip Antara di Jakarta Kamis 3 12 Firman menjelaskan salah satu guru sempat merasa tidak enak badan dan menunjukkan hasil reaktif setelah dilakukan tes usap cepat antigen pada 27 November 2020 Guru itu merasa tak enak badan setelah perjalanan bersama para guru lainnya selama lima hari 20 25 November 2020 ujar Firman Setelah menjalani dua guru dinyatakan positif Selanjutnya tes usap massal terhadap para guru lainnya dilakukan terpisah Empat guru lain yang melakukan tes usap pada 28 November lalu dinyatakan positif COVID 19 Kemudian pada 30 November 10 guru positif dinyatakan positif Pada Kamis 16 guru terkonfirmasi positif COVID 19 setelah tes usap 30 November 2020 Kemudian dilakukan pemeriksaan pada 43 guru lainnya yang mengalami gejala penyakit tersebut Hasil sementara penelusuran 33 orang positif COVID 19 dan tujuh orang dinyatakan negatif Kami juga kini masih menunggu hasil ketiga guru ungkap Firman Untuk mengantisipasi penyebaran penyakit tersebut Firman memerintahkan lurah dan petugas kecamatan untuk sosialisasi meminta warga meningkatkan protokol kesehatan dan penyemprotan disinfektan dilakukan di areal sekolah,0,1,0.603,entity_substitution_missed,,,
HIGH (unexplained FP),tr04458,PB HMI Serahkan Bantuan untuk Korban Banjir di Tapan Pesisir Selatan,Kabareskrim Komjen Listyo Sigit Prabowo menyerahkan bantuan untuk korban banjir di wilayah Tapan Pesisir Selatan Dia berharap bantuan tersebut bisa meringankan beban masyarakat yang terdampak banjir Bantuan yang diberikan berupa 1 000 paket sembako Bantuan ini disalurkan melalui Badan Koordinasi Nasional Lembaga Ekonomi Mahasiswa Islam Pengurus Besar Himpunan Mahasiswa Islam Bakornas LEMI PB HMI dan Bakornas Lembaga Pariwisata dan Pecinta Alam LEPPAMI PB HMI Alhamdulillah kami bisa sampai di tanah Minang untuk menyalurkan bantuan yang diberikan oleh Kabareskrim Mabes Polri Komjen Listyo Sigit Prabowo untuk korban banjir di Tapan Pesisir Selatan kata Direktur Administrasi Bakornas LEPPAMI PB HMI Rizki dalam keterangan tertulis Senin 7 12 2020 Menurutnya Ada tiga nagari yang terdampak banjir bandang yang diakibatkan oleh intensitas curah hujan yang tinggi yakni nagari Kampung Tengah Simpang Gunung dan Binjai Sementara itu Direktur Eksekutif Bakornas LEMI PB HMI Arven Marta berterima kasih kepada Komjen Listyo Sigit yang telah berkenan membantu korban banjir di wilayah Pesisir Selatan Ini membuktikan jika pak Sigit Kabareskrim adalah sosok polisi yang memiliki jiwa sosial yang tinggi ujar Arven Salah seorang warga yang terdampak banjir Milen mengatakan bantuan yang diberikan oleh Kabareskrim yang disalurkan melalui HMI sangat membantu bagi keberlangsungan hidup keluarganya Apalagi bencana banjir ini terjadi di tengah pandemi COVID 19 Terima kasih banyak saya ucapkan kepada seluruh pihak yang telah membantu kami warga yang terkena banjir Bantuan ini sangat bermanfaat bagi kami katanya Dalam proses penyaluran bantuan ini dihadiri oleh Bakornas LEMI PB HMI Bakornas LEPPAMI PB HMI dan HMI Cabang Pesisir Selatan,0,1,0.972,+no_signal_at_all,,,
HIGH (unexplained FP),tr04615,Dukung Jakarta Bermasker Polres Pelabuhan Tj Priok Bagi bagi 3 779 Masker,Dalam rangka mencegah penyebaran virus COVID 19 Kapolda Metro Jaya Irjen Muhammad Fadil Imran mencanangkan program Jakarta Bermasker Ini selaras dengan Kebijakan program PriokBermasker Kapolres Pelabuhan Tanjung Priok AKBP Ahrie Sonta yang telah diluncurkan dan dijalankan sejak November 2020 lalu Menindaklanjuti program Jakarta Bermasker tersebut AKBP Ahrie Sonta memerintahkan jajarannya untuk makin menggencarkan program PriokBermasker dengan melakukan 3T atau tracing testing treatment Menurutnya ini penting sebab berdasarkan data Pemprov DKI Jakarta penyebaran COVID 19 makin meningkat Di DKI Jakarta Sendiri jumlah pasien positif COVID 19 per hari ini mencapai 227 365 dengan pasien sembuh 201 907 dan pasien meninggal mencapai 3 779 Sebagai tindak lanjut hari ini Minggu 17 Januari 2021 Polres Pelabuhan Tanjung Priok dan polsek jajaran telah membagikan sebanyak 1 500 buah masker secara serentak kepada calon penumpang Pelni kelompok tenaga kerja bongkar muat TKBM pengunjung Makam Mbah Priok Selain itu masker juga kepada warga Muara Baru Muara Angke Rusun Budha Tzu Chi hingga para penumpang kapal di Dermaga Kaliadem Pembagian masker di wilayah wilayah tersebut dilakukan secara serentak Masker diberikan kepada masyarakat secara cuma cuma untuk mencegah penyebaran COVID 19 Selama pembagian masker petugas kepolisian juga memberikan imbauan kepada warga untuk selalu menggunakan masker apabila melaksanakan kegiatan di luar rumah kata AKBP Ahrie Sonta kepada wartawan Minggu 17 1 2021 Kami juga membagikan masker kepada pengunjung pedagang pembeli hingga pengemudi angkutan ikan serta pengendara roda empat dan roda dua yang melintas di wilayah hukum Polres Pelabuhan Tanjung Priok Kegiatan ini dalam rangka mendukung program Jakart Bermasker yang dicanangkan Kapolda Metro Jaya sambungnya Ahrie mengatakan agar ikhtiar memutus mata rantai penularan COVID 19 ini makin maksimal pihaknya juga menggandeng TNI dan Satpol PP tokoh agama dan masyarakat hingga ormas Ini untuk menggelorakan kesadaran masyarakat dalam menggunakan masker Kita berharap agar masyarakat memiliki kesadaran diri yang tinggi untuk menjaga kesehatan dan mencegah penyebaran COVID 19 ini dengan terus mengedukasi akan pentingnya memakai masker mencuci tangan menjaga jarak juga menghindari kerumunan jelas lulusan Akpol 2002 ini Mari kita sama sama tingkatkan kedisiplinan dengan mematuhi protokol kesehatan InsyaAllah dengan begitu kita semua akan bisa terhindar dari COVID 19 sambungnya,0,1,0.622,+no_signal_at_all,,,
HIGH (unexplained FP),tr04648,Pengusaha Pasrah Resesi tapi Berharap Tak Sampai Depresi,Sejumlah pelaku usaha mikro kecil dan menengah UMKM mengaku pasrah dengan ekonomi dalam negeri yang diprediksi mengalami resesi pada kuartal III tahun ini Pasalnya usaha mereka memang sudah terpuruk akibat pandemi Covid 19 sejak kuartal II lalu Salah satu pengusaha percetakan suvernir dan undangan pesta pernikahan di Tangerang bernama Fandi misalnya nyaris tak memiliki persiapan apapun untuk menghadapi ancaman resesi tersebut Maklum ia sudah merasa limbung karena omset usahanya sudah tertekan Sudah empat bulan beberapa mesin cetaknya menganggur karena tak ada pesanan Tak ada pesta pernikahan di tengah pandemi dan itu artinya sumber penghasilannya dari segmen pelanggan tersebut juga terhenti Sekarang cuma layanin pesanan suvernir saja buat toko toko yang bikin promosi ucapnya kepada CNNIndonesis com Selasa 1 9 Ia mengatakan untuk bertahan dari tekanan corona sebenarnya sudah berupaya menjajakan dagangannya secara online di market place Namun tetap saja usahanya sulit mendapat orderan Karena itu pula meski mengetahui adanya bantuan kredit murah untuk UMKM dari pemerintah Fandi tak mau mengambilnya Ia khawatir utang tersebut justru menambah berat beban finansialnya di masa krisis Gambas Video CNN Pasalnya penghasilan bersih sebesar Rp7 juta yang ia biasa terima per bulan kini terjun menjadi Rp1 5 juta Rp2 juta akibat corona Imbasnya uang tabungan yang ia kumpulkan untuk membeli alat produksi terus berkurang untuk menutupi kebutuhan harian Apalagi istrinya yang merupakan guru honorer juga kehilangan insentif harian karena kebijakan belajar dari rumah Kemarin mau bayar kontrakan Rp500 ribu per bulan aja susah ungkapnya Ia berharap pemerintah membantunya dengan memberikan bantuan langsung tunai BLT untuk pelaku UMKM sepertinya tanpa banyak embel embel seperti harus tergabung ke koperasi atau menunjukkan bukti neraca akuntansi usaha Sebab selama ini ia bekerja sendirian dan tak sempat memikirkan pencatatan keuangan yang baik dan benar Apalagi informasinya sampai sekarang terbatas banget Ada yang bilang bisa ke dinas tapi enggak ada layanan pengajuan semacam hotline gitu tuturnya Hal serupa juga dirasakan oleh Lina seorang ibu rumah tangga di Tangerang Suaminya yang bekerja di Bandara Soekarno Hatta sudah dirumahkan sejak sebelum lebaran 2020 lalu Karena tak ada penghasilan ia dan suaminya memutuskan usaha kecil kecilan menggunakan sisa uang tabungan Suaminya melayani pesanan reparasi sepeda sementara dirinya menjadi re seler makanan ringan Problemnya kata Lina ia punya tanggungan cicilan rumah yang belum lunas Akhirnya beberapa barang yang tak terpakai di rumah mulai mereka jual Alhamdulillah ada lah yang beli Mungkin karena memang mau bantu Soalnya dari Pemerintah kan cuma sembako sembako aja tuturnya Kini Lina dan suaminya memutuskan untuk menjual rumahnya dengan cara over kredit agar mendapatkan dana segar dan bisa membuka usaha yang lebih baik Mereka juga memutuskan untuk pindah ke kontrakan yang lebih murah untuk sementara waktu agar uangnya dapat dihemat untuk kembali mencicil rumah Ia mengaku tak sepenuhnya mengerti dengan resesi ekonomi dan bagaimana menghadapinya Yang jelas kata dia kondisi saat ini serba susah dan tak tahu sampai kapan akan berlangsung Mudah mudahan ada rezekinya nanti Sekarang pasrah aja enggak usah neko neko Selama bisa usaha jalanin dulu ucapnya lirih,0,1,0.882,+no_signal_at_all,,,
HIGH (unexplained FP),tr04775,Pengacara Klaim Acara HRS Tak Timbulkan Kondisi Darurat Kesehatan,Habib Rizieq Syihab akhir akhir ini tak lagi muncul untuk berdakwah maupun beraktivitas Lantas bagaimana kondisi Habib Rizieq saat ini detikcom memantau suasana di sekitar kediaman Habib Rizieq di Petamburan III Jakarta Pusat Rabu 18 11 2020 Suasana di sekitar rumah Habib Rizieq tampak sepi sejak acara pernikahan putrinya dan peringatan Maulid Nabi Muhammad SAW akhir pekan lalu Pengacara Front Pembela Islam FPI Aziz Yanuar menjelaskan kondisi Habib Rizieq memang kurang sehat sejak acara Maulid Nabi Saat ini Habib Rizieq lebih banyak istirahat di kediamannya Nggak sakit itu butuh istirahat saja Kan kalau kurang sehat beliau juga ngomong di ceramah itu Ada kok di ceramahnya saya lagi kurang sehat kata Aziz saat dihubungi detikcom Rabu 18 11 2020 Iya istirahat di Petamburan lanjutnya Aziz pun mengungkapkan keluarga telah memeriksakan kondisi kesehatan Habib Rizieq Sudah diperiksa Internal kita sudah Kalau pemeriksaan itu urusan internal keluarga jelasnya Tonton video Pengacara Bantah HRS Timbulkan Kerumunan Gambas Video 20detik,0,1,0.656,+no_signal_at_all,,,
HIGH (unexplained FP),tr05533,2 812 Pelaku Kejahatan Ditangkap di 2020 Kapolda Jatim Naik dari 2019,Kasus kejahatan di tengah pandemi COVID 19 masih bergeliat Bahkan tahun ini sebanyak 2 812 orang pelaku kejahatan di Jawa Barat ditangkap Jumlah tersangka tahun 2020 sebanyak 2 812 orang Dibandingkan tahun 2019 sebanyak 2 774 orang naik 1 36 persen atau 38 orang ujar Kapolda Jawa Barat Irjen Ahmad Dofiri di Mapolda Jabar Jalan Soekarno Hatta Kota Bandung Selasa 29 12 2020 Jumlah tersangka tersebut terdiri dari kasus kejahatan konvensional Curas Curat Curanmor kejahatan transnasional hingga kejahatan narkoba Untuk kejahatan konvensional ada 14 369 perkara selama 2020 Kemudian kejahatan transnasional tahun 2020 sebanyak 52 perkara Kemudian kejahatan narkoba tahun 2020 sebanyak 2 299 perkara katanya Selain tiga kejahatan itu Polda Jabar juga menindak kejahatan di perairan yang dilakukan oleh Direktorat Polisi Air dan Udara Ditpolairud Kasus pidana perairan di tahun 2020 sebanyak 12 perkara Sedangkan kasus kecelakaan laut di perairan sepanjang 2020 sebanyak 140 kasus ucapnya,0,1,0.774,+no_signal_at_all,,,
HIGH (unexplained FP),tr05828,Korea Selatan Mulai Berikan Vaksin Corona Untuk Pasukannya di Korea Selatan,Amerika Serikat memulai kampanye vaksin virus Corona untuk pasukannya yang ditempatkan di Korea Selatan Pasukan AS Korea USFK memberikan dosis awal vaksin Moderna untuk petugas kesehatan militer dan sipil Dilansir AFP Rabu 30 12 2020 Washington memiliki sekitar 28 500 tentara yang ditempatkan di Korea Selatan Para tentara ini ditugaskan untuk mempertahankan diri dari Korea Utara yang bersenjata nuklir dan melindungi kepentingan AS di Asia Timur Laut Vaksinasi ini disebut bersifat sukarela Namun kepala USFK mendorong anggota layanan Amerika untuk menerimanya Saya ingin Anda membuat keputusan berdasarkan informasi untuk Anda dan keluarga Anda tentang vaksin itu katanya dalam pernyataan itu Penyuntikan dilakukan saat gelombang ketiga virus negara Asia Peningkatan kasus berpusat di wilayah Seoul yang telah melaporkan kasus harian naik menjadi lebih dari 1 000 beberapa kali bulan ini meskipun ada tindakan yang lebih ketat Negara itu melaporkan 1 046 kasus baru dan 40 kematian pada hari Selasa jumlah korban harian tertinggi sejak pertama kali mengidentifikasi infeksi pada Januari,0,1,0.98,+no_signal_at_all,,,
HIGH (unexplained FP),tr05968,68 Pegawai RS Arifin Nu mang Pinrang Positif Corona Layanan Tutup Sementara,Sebanyak 68 orang karyawan RS Arifin Nu mang Arnum Kabupaten Sidrap Sulawesi Selatan terkonfirmasi positif Corona Mereka terdiri dari dokter perawat hingga petugas kebersihan Iya ada 68 karyawan kami mulai dokter perawat hingga petugas kebersihan kami yang terkonfirmasi positif COVID 19 kata Direktur RS Arnum Budi Santoso saat dimintai konfirmasi detikcom Minggu 13 12 2020 Para karyawan yang dinyatakan positif Corona tersebut kini sudah ditangani Sudah kita isolasi di RS Arnum ujar Budi Puluhan pegawai itu diketahui positif Corona setelah salah seorang dokter melakukan tes swab Dokter tersebut kemudian dinyatakan positif Corona sehingga tes swab massal pun dilakukan Awalnya kita swab salah satu dokter ternyata hasilnya positif sehingga kita melakukan swab secara massal kita targetkan karyawan yang berjumlah 560 orang akan kita swab semua ujar Budi Atas hal itu layanan di RS Arnum pun akan ditutup sementara Keputusan ini telah dikoordinasikan dengan pihak Pemkab Sidrap Sesuai dengan hasil pertemuan dengan Pemkab mulai besok layanan RS akan ditutup selama 2 minggu sementara kami hanya akan melayani karyawan yang terpapar termasuk pasien COVID 19 di Kabupaten Sidrap kata Budi,0,1,0.644,entity_substitution_missed+no_signal_at_all,,,
HIGH (unexplained FP),tr06069,UPDATE 936 132 Kasus Covid 19 di RI Publik Diminta Cermati Klaim Temuan Obat Herbal,Jumlah Kasus Covid 19 di Indonesia masih terus bertambah sejak diumumkan pertama kali pada 2 Maret 2020 Hingga Kamis 6 8 2020 dari data yang dihimpun Satuan Tugas Penanganan Covid 19 pukul 12 00 WIB ada penambahan 1 882 kasus baru positif Covid 19 Penambahan kasus ini menyebabkan total kasus Covid 19 di Indonesia mencapai 118 753 kasus Data ini diperlihatkan Satgas Covid 19 dalam situs Covid19 go id yang di update pada Kamis sore Adapun dari 1 882 kasus baru Covid 19 ini didapatkan setelah pemerintah melakukan pemeriksaan 29 375 spesimen dari 13 423 orang dalam 24 jam terakhir Secara total pemerintah sudah melakukan pemeriksaan 1 633 156 spesimen dari 936 132 orang yang diambil sampelnya Dengan catatan satu orang bisa menjalani pemeriksaan spesimen lebih dari satu kali Dalam data yang sama pasien yang sembuh dari Covid 19 setelah melakukan dua kali pemeriksaan dengan metode polymerase chain reaction terus bertambah Ada penambahan 1 756 pasien Covid 19 yang baru saja sembuh dalam sehari Sehingga total pasien sembuh Covid 19 menjadi 75 645 kasus Sementara itu ada penambahan 69 kasus pasien yang meninggal dunia akibat Covid 19 sehingga total kasus menjadi 5 521 kasus,0,1,0.98,+no_signal_at_all,,,
HIGH (unexplained FP),tr06131,Pemerintah Soroti Jakarta Kesembuhan Rendah Kematian Tinggi,Menteri Koordinator bidang Perekonomian Airlangga Hartarto mengungkapkan Provinsi Jawa Tengah menjadi daerah dengan angka kesembuhan yang rendah namun memiliki tingkat kematian yang tinggi terkait virus corona Covid 19 Selain Jawa Tengah Provinsi Jawa Barat juga memiliki tingkat kesembuhan yang rendah Ada beberapa Provinsi dengan recovery rate di bawah rata rata nasional yaitu Jawa Tengah dan Jawa Barat dan dua provinsi dengan case fatality rate di atas rata rata nasional yaitu Jawa Tengah dan Jawa Timur kata Airlangga dalam konferensi pers secara virtual Jumat 18 9 Recovery rate dihitung dengan cara membagi jumlah pasien sembuh dengan jumlah total kasus positif lalu hasilnya dikalikan 100 Jika merujuk pada data harian pada 18 September 2020 jumlah pasien positif di Jawa Tengah sebanyak 18 942 kasus dan pasien sembuh mencapai 12 282 orang Dengan data tersebut maka recovery rate di Jawa Tengah per 18 September adalah 6 4 persen Sementara untuk jumlah pasien meninggal akibat Covid 19 sudah mencapai 1 203 Dengan demikian case fatality rate Jawa Tengah sebesar 6 3 persen Merujuk pada data nasional Kasus positif virus corona Covid 19 di Indonesia per Jumat 18 9 bertambah 3 891 orang sehingga total mencapai 236 519 kasus Dari jumlah itu 170 774 dinyatakan sembuh dan 9 336 meninggal dunia Sembilan provinsi mendapat sorotan dan penanganan khusus dari pemerintah dalam upaya menghentikan penularan Covid 19 Sembilan provinsi itu adalah DKI Jakarta Jawa Barat Jawa Tengah Jawa Timur Kalimantan Selatan Sulawesi Selatan Bali Sumatera Utara dan Papua Presiden Joko Widodo telah menugaskan Menteri Koordinator Bidang Maritim dan Investasi Luhut Binsar Pandjaitan dan Kepala BNPB Doni Monardo menurunkan kasus Covid 19 di sembilan provinsi itu Keduanya diberi waktu selama dua pekan terhitung sejak 15 September 2020,0,1,0.802,+no_signal_at_all,,,
HIGH (unexplained FP),tr06136,Pendapat Ahli soal CDC Sebut OTG Perlu Tes Covid 19,Ahli Epidemiolog dan Kesehatan Masyarakat dari Universitas Indonesia Pandu Riono menilai setiap orang yang pernah kontak dekat dengan pasien positif virus corona idealnya menjalani tes Sekalipun orang tersebut tanpa gejala Covid 19 asimptomatik ataupun belum menunjukkan gejala presimtomatik Pendapat Pandu merespons pembaruan panduan tes Covid 19 dari Pusat Pengendalian dan Pencegahan Penyakit CDC Amerika Serikat yang merekomendasikan orang tanpa gejala tak perlu tes sekalipun sudah kontak dekat dengan mereka yang positif Covid 19 Saya nggak tahu kalau CDC kan itu sangat dipengaruhi kebijakan Trump ya Jadi kadang kadang seringkali Trump kan tidak suka testing Jadi mengurangi keharusan testing kata Pandu menduga Padahal kan ini risiko tinggi kalau sudah kontak dengan orang yang positif Covid 19 sambung dia lagi ketika dihubungi CNNIndonesia com melalui sambungan telepon Pandu mengakui memang tak semua orang atau seluruh orang serta merta harus melakukan tes Covid 19 Tetap terdapat kriteria salah satunya menurut dia ketika orang itu tergolong berisiko Dan kontak dekat dengan orang yang positif virus corona atau kontak selama setidaknya 15 menit menjadikan seseorang masuk dalam kategori rentan dan sebaiknya menjalani tes Karena virus corona ini kan penularannya rawan mudah menular begitu Apalagi kalau dibilang oh dia kontak 15 menit di mana di dalam ruang Ya sudah tes Seperti di Korea Selatan itu jadi banyak yang ketahuan tutur Pandu Kendati mengakui kemampuan tes Covid 19 di Indonesia masih terbatas namun ia menyarankan selagi dimungkinkan maka orang yang paling berisiko tetap wajib menjalani tes Kalau memungkinkan tes kata dia Kita merujuknya pada logika Logika kita kan ingin memutus rantai penularan Kalau di DKI di mana testing nya kapasitasnya bagus ya testing saja Atau kalau testing nya terbatas diisolasi langsung ucap Pandu lagi Namun begitu Pandu percaya sebentar lagi keterbatasan kapasitas pengujian atau tes Covid 19 ini bisa diatasi ketika sudah ada tes antigen Ia menjelaskan tes antigen memang tak lebih akurat dibanding tes PCR Tapi tak seperti tes antibodi tes antigen ini bisa mendeteksi virus Nah sebentar lagi ini katanya sudah diproduksi tes antigen di Indonesia kerja sama dengan Korea di Bandung Ini jauh lebih cepat dan lebih murah walaupun less acurat akurasinya nggak sama dengan dari PCR tapi lebih cepat dan mendeteksi virus bukan antibodi terang dia Sebelumnya CDC mengubah pedoman dengan tak lagi merekomendasikan setiap orang untuk menjalani tes Covid 19 Orang yang sudah kontak dekat dengan pasien positif virus corona namun tanpa gejala atau tak menunjukkan gejala maka tak direkomendasikan melakukan tes Kecuali orang tersebut termasuk kelompok rentan di tengah populasi yang berisiko atau mendapat rekomendasi petugas pelayanan kesehatan Jika Anda telah melakukan kontak dekat berjarak 6 kaki dengan orang yang terinfeksi Covid 19 setidaknya selama 15 menit tapi kemudian Anda tak bergejala maka Anda tak perlu melakukan tes kecuali Anda adalah individu yang rentan atau pelayanan kesehatan setempat merekomendasikan Anda untuk melakukan tes terang CDC yang dipublikasikan di laman resmi pada 24 Agustus 2020,0,1,0.671,entity_substitution_missed,,,
HIGH (unexplained FP),tr06348,PA 212 Kukuh Gelar Reuni di Senayan dengan Protokol Covid,Ketua Persaudaraan Alumni PA 212 Bernard Abdul Jabbar mengatakan tetap berencana menggelar Reuni 212 dengan mematuhi protokol kesehatan di Monumen Nasional Monas pada 2 Desember mendatang Hal itu merespons Pimpinan Pondok Pesantren Buntet Cirebon Jawa Barat Adib Rofiuddin Izza yang berharap rencana reuni PA 212 ditunda Kita sih insyallah akan reuni tapi dengan menjaga protokol kesehatan ya dan ini insyallah karena momennya 2 Desember Makanya kita tetap tiap tahun menggelar pada 2 Desember kata Bernard kepada CNNIndonesia com Senin 16 11 Bernard menuturkan pihaknya tengah mencari alternatif lain apabila Monas tak diizinkan oleh Pemprov DKI Jakarta digunakan untuk reuni Agenda reuni 212 diketahui selalu rutin digelar di kawasan Monas tiap tahun Ia memperkirakan massa yang hadir pada reuni 212 mendatang tak sebanyak pada tahun tahun sebelumnya agar protokol kesehatan tetap terjaga Makanya kita sekarang masih cari alternatif tempat lain yang insyaallah bisa memungkinkan Kalau misalnya Monas dapat izin ya kita lakukan di Monas Kalau tidak ya kita cari alternatif lain tambah Bernard Kendati demikian Bernard menyayangkan bila pemprov DKI nantinya tak mengizinkan reuni 212 tahun ini Ia membandingkan dengan pelaksanaan Pilkada Serentak 2020 yang akan tetap digelar pada 9 Desember mendatang Kalau reuni 212 enggak boleh ngapa pilkada diizinin Kan ngumpulin orang juga itu Kalau memang enggak diizinin rata dong adil Pilkada juga jangan diizinkan kata Bernard Sebelumnya PA 212 berencana menggelar reuni 212 di Monas seiring kepulangan Imam Besar Front Pembela Islam FPI Rizieq Shihab ke Indonesia Meski Wakil Gubernur DKI Jakarta Ahmad Riza Patria mengatakan hingga saat ini pihaknya belum memberikan izin karena kawasan Monas belum dibuka selama penerapan Pembatasan Sosial Berskala Besar PSBB transisi PSBB transisi masih berlaku sampai 28 November mendatang Penerapan PSBB ini dapat diperpanjang secara otomatis hingga 6 Desember 2020 apabila kasus positif covid 19 masih terus meningkat Sementara Pimpinan Ponpes Buntet Adib Roifuddin Izza menyarankan rencana reuni itu ditunda demi menghindari potensi kerumunan yang akan muncul,0,1,0.633,entity_substitution_missed,,,
HIGH (unexplained FP),tr06448,Uji Klinis Selesai BPOM Aspek Keamanan dan Mutu Vaksin Moderna Baik,Kepala Badan Pengawas Obat dan Makanan BPOM Penny K Lukito mengatakan nantinya vaksin yang akan diberikan kepada masyarakat merupakan yang memiliki khasiat terjamin keamanan dan efektivitasnya Ia menyebut kini BPOM sedang menganalisa data terkait vaksin Sinovac sebelum diterbitkan izin penggunaan atau emergency use of authorization EUA Sebagaimana diarahkan oleh bapak Presiden menjadi komitmen dari pemerintah dalam hal ini untuk vaksinasi tentunya harusnya dilakukan oleh vaksin yang memenuhi khasiat keamanan dan efektivitasnya sehingga itu akan menjadi komitmen BPOM juga untuk terus menjaga analisa Nanti pada waktunya sekarang proses itu sedang berjalan BPOM nanti akan memberikan emergency use authorization EUA pada waktunya nanti kata Penny usai ratas yang disiarkan di YouTube Setpres Senin 23 11 2020 Penny mengatakan saat ini pihaknya masih menganalisa data data jika telah selesai dianalisa nantinya BPOM baru akan menerbitkan izin EUA terhadap vaksin Sinovac Meski masih menunggu hasil analisa berdasarkan hasil pantauan uji klinik yang telah selesai Penny mengatakan aspek mutu vaksin Sinovac baik Sekarang data data sedang dianalisa Tentunya walaupun uji klinik sudah selesai alhamdulillah aspek keamanan dan uji klinik pantauannya baik aspek mutu dari vaksin Sinovac juga baik ujar Penny Sekarang kita sedang menunggu proses analisa sehingga nanti aspek keamanan bisa kita dapatkan dan kita bisa berikan emergency use authorization sehingga vaksinasi bisa dilakukan ungkapnya Sementara itu Menkes Terawan Agus Putranto mengatakan Kemenkes melakukan upaya penyiapan terkait vaksinasi COVID 19 Adapun Kemenkes menyiapkan mulai dari sumber daya manusia fasilitas sarana prasarana simulasi terkait vaksinasi dan simulasi terkait pendistribusian vaksin Juga melakukan simulasi simulasi mengenai bagaimana pendistribusiannya semua detil supaya kita tahu betul apa yang harus dilengkapi apa yang harus dikerjakan supaya disaat pelaksanaannya tidak terjadi hambatan maupun pelambatan kata Terawan dalam kesempatan yang sama Terawan mengatakan upaya penyiapan dan simulasi vaksinasi akan terus dilakukan agar berjalan lancar Pihaknya akan menyiapkan sarana prasarana terkait vaksinasi Kami menyiapkan semua sarana prasarananya dan mudah mudahan bisa berlangsung dengan baik bila nanti tiba waktunya kita melaksanakan vaksinasi ujar Terawan,0,1,0.461,entity_substitution_missed,,,
HIGH (unexplained FP),tr06616,Satgas Apresiasi Keberanian Lurah Kemang Razia Prokes Waroeng Brothers,Juru bicara Satgas Penanganan COVID 19 Wiku Adisasmito mengapresiasi keberanian Lurah Cipete Utara Nurcahya saat melakukan razia protokol kesehatan prokes Keberanian Nurcahya diharapkan menjadi inspirasi bagi kepala daerah lainnya Satgas pusat mendengar pengeroyokan terhadap lurah di Jaksel saat razia prokes Kejadian ini tak seharusnya terjadi dan jangan terulang kembali kata Wiku dalam siaran di YouTube Sekretariat Presiden Selasa 15 12 2020 Dia mengatakan razia dilakukan untuk melindungi masyarakat dari penularan COVID 19 Wiku menegaskan pihak yang menghalangi kegiatan razia protokol kesehatan bahkan hingga melakukan tindakan penganiayaan terhadap petugas harus ditindak petugas berwenang Dia mengimbau kepada masyarakat untuk melapor kepada Satgas daerah dan pihak berwajib bila mendapati pelanggaran Menurutnya pengawasan pelanggaran protokol kesehatan harus dilakukan bersama agar memberi efek jera sehingga pelanggaran tak berulang Wiku memberi apresiasi kepada Nurcahya yang tetap berani melakukan razia protokol kesehatan Dia berharap kejadian serupa tak terulang Atas nama Satgas saya ucapkan kepada pemimpin daerah dan lingkungan salah satunya Lurah Cipete Utara yang tidak kenal lelah dan takut mengawasi pemberlakuan prokes di lingkungannya Saya berharap adanya kejadian serupa seperti di minggu lalu tak jadi preseden buruk atau jadi ketakutan dalam bertugas ungkapnya Sebaliknya pimpinan daerah dan lingkungan dapat mengambil inspirasi serta motivasi dari keberanian lurah ini dalam melindungi warganya dari bahaya COVID 19 sambung Wiku,0,1,0.596,entity_substitution_missed,,,
HIGH (unexplained FP),tr06763,Update Corona Jabar 13 Agustus 27 683 Positif 17 836 Sembuh,Kasus positif virus corona Covid 19 di DKI Jakarta pada Kamis 13 8 bertambah 621 kasus Dengan demikian total kasus positif di ibu kota sampai saat ini sebanyak 27 863 kasus Dari jumlah tersebut 9 044 berstatus kasus aktif atau masih dalam perawatan di rumah sakit atau menjalani isolasi mandiri Kepala Bidang Pencegahan dan Pengendalian Penyakit Dinas Kesehatan Provinsi DKI Jakarta Dwi Oktavia menjelaskan dari total kasus positif sebanyak 17 836 orang dinyatakan telah sembuh dan 981 orang meninggal dunia Untuk positivity rate atau persentase kasus positif sepekan terakhir di Jakarta sebesar 8 7 persen kata Dwi dalam keterangan tertulisnya Kamis 13 8 Menurut Dwi rasio kasus positif di Jakarta dalam sepekan terakhir ini masih di atas standar Badan Kesehatan Dunia atau World Health Organization WHO yakni 5 persen Kendati demikian angka rasio positif Jakarta masih jauh lebih rendah dibanding skala nasional yang mencapai 15 5 persen Ia memastikan saat ini Pemprov DKI terus meningkatkan kapasitas testing di Ibu Kota Ini dilakukan untuk menemukan kasus baru secara cepat agar dapat segera melakukan tindakan isolasi atau perawatan secara tepat Sehingga memperkecil potensi penularan Covid 19 ungkapnya Berdasarkan data Dinas Kesehatan Jakarta terkini telah dilakukan tes PCR sebanyak 6 087 spesimen Dari jumlah tes tersebut sebanyak 5 049 orang dites PCR hari ini untuk mendiagnosis kasus baru Hasilnya kata Dwi sebanyak 621 positif dan 4 428 negatif Dari 621 kasus positif tersebut 110 kasus adalah akumulasi data hari sebelumnya Untuk rate tes PCR total per 1 juta penduduk sebanyak 45 573 Jumlah orang yang dites PCR sepekan terakhir sebanyak 45 009 ujar Dwi,0,1,0.547,entity_substitution_missed+no_signal_at_all,,,
HIGH (unexplained FP),tr06817,Daftar Harga Swab PCR dan Antigen di Bandara Juanda,PT Angkasa Pura II Persero atau AP II menyediakan layanan tes covid 19 jenis Polymerase Chain Reaction PCR dan rapid test antigen di Bandara Soekarno Hatta Soetta Layanan tersebut untuk memudahkan masyarakat memenuhi syarat bepergian Direktur Utama AP II Muhammad Awaluddin mengatakan tarif PCR test dibanderol sebesar Rp800 ribu Harga tersebut turun dari sebelumnya Rp885 ribu Sementara hasil pemeriksaan keluar setelah 24 jam Sementara itu tarif rapid test antigen senilai Rp200 ribu untuk hasil 15 menit setelah pemeriksaan Serupa tarif ini turun dari sebelumnya Rp385 ribu AP II juga menyediakan layanan rapid test antibodi senilai Rp85 ribu Hasil tes tersebut akan diketahui 15 menit setelah pemeriksaan Kami bersama mitra operator Airport Health Center yakni Farmalab melakukan pembahasan untuk memastikan berbagai hal termasuk terkait suplai alat pengetesan sehingga tarif dapat lebih rendah ucap Awaluddin dalam siaran pers Penurunan tarif PCR test dan rapid test antigen ini tetap berlaku pada periode angkutan Natal dan Tahun Baru 2021 Bandara Soetta membuka layanan selama 24 jam untuk tes covid 19 tersebut Seperti diketahui pemerintah mewajibkan wisatawan yang akan berkunjung ke Bali melalui jalur darat dan laut untuk melakukan rapid test antigen Kebijakan berlaku mulai 18 Desember 2020 sampai 4 Januari 2021 Kebijakan ini diumumkan oleh Menteri Koordinator Bidang Kemaritiman dan Investasi Luhut Binsar Panjaitan Ia meminta rapid test antigen setidaknya dilakukan H 2 atau 2x24 jam sebelum keberangkatan ke Bali Kami minta untuk wisatawan yang akan naik pesawat ke Bali wajib melakukan tes PCR H 2 sebelum penerbangan ke Bali serta mewajibkan tes rapid antigen H 2 sebelum perjalanan darat masuk ke Bali kata Luhut Gambas Video CNN,0,1,0.672,entity_substitution_missed+no_signal_at_all,,,
HIGH (unexplained FP),tr06902,Tembus Rekor Harian 4 850 Kasus Jawa Barat Terbanyak,Penambahan harian kasus positif covid 19 menembus rekor tertinggi 4 850 per Kamis 8 10 Jumlah kumulatif kasus positif menjadi berjumlah 320 564 kasus Tambahan kasus harian ini berbeda tipis dengan catatan rekor sebelumnya pada 25 September lalu yakni 4 823 kasus Tiga daerah dengan sebaran kasus terbanyak yakni DKI Jakarta dengan 1 182 kasus Jawa Barat 597 kasus dan Jawa Tengah 348 kasus Kemudian secara berurutan disusul Jawa Timur dengan 347 kasus baru Riau 244 kasus Kalimantan Timur 238 kasus Sulawesi Selatan 213 kasus Papua Barat 210 kasus dan Sumatera Barat 201 kasus Sementara daerah dengan tambahan kasus di angka 100 yakni Aceh 169 kasus Banten 122 kasus Bali 107 kasus dan Sulawesi Tenggara 100 kasus baru Provinsi lainnya mencatat tambahan kasus baru di bawah 100 Lima daerah dengan tambahan kasus di bawah 10 yakni Bangka Belitung 2 kasus baru Maluku Utara 5 kasus baru Kalimantan Utara dan Sulawesi Barat masing masing mencatat 6 kasus baru dan Gorontalo 9 kasus baru Secara kumulatif kasus positif terbanyak berada di DKI Jakarta yakni 83 372 kasus disusul Jawa Timur 46 095 Jawa Barat 26 259 Jawa Tengah 25 26 Sulawesi Selatan 16 298 Akumulasi kasus sembuh terbanyak dicatat DKI Jakarta 26 280 kasus Jawa Timur 39 607 kasus Jawa Tengah 17 887 kasus Jawa Barat 15 966 dan Sulawesi Selatan 13 581 kasus Sementara catatan kasus meninggal terbanyak ada di Jawa Timur dengan 3 374 kematian DKI Jakarta 1 834 Jawa Tengah 1 472 Jawa Barat 527 dan Sumatera Utara 459 kasus Data nasional mencatat jumlah kasus positif per 8 Oktober 2020 sebanyak 320 564 kasus dengan kasus sembuh 244 060 kasus dan kematian 11 580 kasus,0,1,0.919,+no_signal_at_all,,,
HIGH (unexplained FP),tr06983,Direktur RSI Amal Sehat Sragen Meninggal Terpapar Corona,Wakil Direktur Non Medis RSI Amal Sehat Kabupaten Sragen Jawa Tengah Bambang HP meninggal dunia dengan status positif virus Corona atau COVID 19 Pihak rumah sakit telah melakukan tracing dan sebanyak 18 orang dengan kontak erat dengan almarhum menjalani tes swab Betul Wakil Direktur RSI meninggal dunia Hasil swab almarhum positif Corona ujar Direktur RSI Amal Sehat Sragen Rachmat Basoeki Soetarjo saat dihubungi wartawan Selasa 17 11 2020 Rachmat menjelaskan Bambang meninggal saat menjalani perawatan di RSUD dr Moewardi Solo Senin 16 11 Sebelumnya dokter yang berdomisili di Karanganyar itu sempat dirawat di RS PKU Muhammadiyah Karanganyar Kemungkinan penularan keluarga di Karanganyar Sudah di tracing di rumah hanya dengan istrinya saja Istrinya tadi pagi sama sama di tracing oleh DKK Karanganyar tinggal nunggu hasilnya terangnya Sebagai langkah lanjutan lanjut Rachmat pihaknya telah melakukan tracing para pihak yang kemungkinan berkontak dengan Bambang Hasilnya 18 orang menjalani tes swab di Dinas Kesehatan Kabupaten Sragen hari ini dengan hasil negatif Rachmat juga memastikan pelayanan di RSI Amal Sehat Sragen tetap berjalan seperti biasa Meski begitu sejumlah ruangan yang pernah didatangi oleh almarhum di RSI Amal Sehat Sragen telah disemprot disinfektan Sudah kami lakukan kemarin langsung begitu meninggal jam 14 00 WIB langsung sekitar jam 16 00 WIB ruangan beliau dan sekitar yang didatangi beliau kita sudah fogging disinfektan semuanya Besok pagi diulang lagi urainya,0,1,0.876,+no_signal_at_all,,,
HIGH (unexplained FP),tr07006,Safari Kapolda Metro Fadil Imran dari Pangdam ke Basuki Tjahaja Purnama,Setelah dilantik sebagai Kapolda Metro Jaya Irjen Fadil Imran langsung tancap gas Mengawali masa jabatannya sebagai orang nomor 1 di Polda Metro Jaya ia melakukan safari dengan mengunjungi Pangdam Jaya Mayjen TNI Dudung Abdurachman hingga Gubernur DKI Jakarta Anies Baswedan Tiga hari pasca dilantik sebagai Kapolda Metro Jaya tepatnya Senin 23 11 kemarin Irjen Fadil Imran bertandang ke Markas Kodam Jaya Mantan Kapolda Jawa Timur ini bersilaturahmi dengan Pangdam Jaya Mayjen TNI Dudung Abdurachman Dalam sambutannya Fadil berbicara mengenai tantangan TNI Polri ke depan yang tidak ringan untuk dihadapi Kedatangan saya ke sini yang pertama memperkenalkan diri sebagai pejabat Kapolda yang baru yang kedua Kodam Jaya dan Polda Metro Jaya dalam pelaksanaan tugas ke depan menghadapi tantangan yang tidak ringan kata Fadil kepada wartawan di Markas Kodam Jaya Jalan Mayjen Sutoyo Cililitan Jakarta Timur Senin 23 11 2020 Seusai berkunjung ke Pangdam Jaya Fadil Imran menemui Gubernur DKI Jakarta Aniews Baswedan di Balai Kota DKI Jakarta Jl Medan Merdeka Selatan Jakarta Pusat Kedatangannya disambut hangat oleh Anies Baswedan Irjen Fadil Imran mengatakan kunjungannya ke Balai Kota untuk bersilaturahmi memperkenalkan dirinya sebagai Kapolda Metro Jaya yang baru sekaligus membahas masalah situasi kamtibmas di wilayah DKI Jakarta Hari ini saya bersilaturahim ke Pak Gubernur DKI sebagai pejabat Kapolda Metro Jaya yang baru saya memperkenalkan diri kata Fadil Imran kepada wartawan di Balai Kota DKI Jakarta Jl Medan Merdeka Selatan Jakarta Pusat Senin 23 11 2020 Apa saja yang dibahas antara Kapolda Metro Jaya dengan Anies Apa pula bahasannya dengan Mayjen TNI Dudung Abdurachma Simak di halaman selanjutnya Selanjutnya Halaman 1 2 3 kapolda metro jaya kapolda metro jaya irjen fadil imran anies baswedan mayjen tni dudung abdurachman round up,0,1,0.866,entity_substitution_missed,,,
HIGH (unexplained FP),tr07112,Tim Gabungan di Solo Apel Kesiapsiagaan Tangani Bencana Musim Hujan,Tim gabungan di Tuban menggelar apel kesiapsiagaan terpadu Apel digelar untuk menghadapi musim hujan serta ancaman bencana hidrometeorologi Kapolres Tuban AKBP Ruruh Wicaksono mengatakan Tuban merupakan salah satu wilayah di Jawa timur yang memiliki lautan dan aliran Sungai Bengawan solo Sehingga Bumi Wali memiliki risiko bencana tinggi Kecamatan yang menjadi lintasan Bengawan Solo yakni Soko Rengel Plumpang dan Widang Di empat wilayah ini ada potensi bencana banjir baik yang diakibatkan intensitas hujan maupun luapan air dari hulu Ada empat wilayah kecamatan yang berpotensi banjir saat musim hujan karena dekat dengan bantaran Bengawan Solo jelas Kapolres Ruruh Senin 16 11 2020 Selain potensi banjir karena luapan Bengawan solo potensi bencana hidrometeorologi lainnya yakni banjir bandang angin puting beliung cuaca ekstrem dan tanah longsor Gelombang tinggi juga menjadi ancaman di wilayah Tuban Apel ini sebagai bentuk kesiapsiagaan dalam rangka mengantisipasi terjadinya bencana alam serta penanggulangannya khususnya di masa pandemi COVID 19 imbuhnya Apel kesiapsiagaan digelar di lapangan Polres Tuban dan dipimpin langsung oleh AKBP Ruruh Serta dihadiri oleh Forkopimda Para PJU dan melibatkan ratusan personel gabungan dari polisi TNI Satpol PP BPBD Damkar dan Dishub,0,1,0.924,+no_signal_at_all,,,
HIGH (unexplained FP),tr07152,MUI Ungkap Alasan Penyelenggara Acara Megamendung Mangkir Diperiksa,Dua orang panitia penyelenggara acara yang menimbulkan kerumunan di Megamendung Bogor mangkir dari pemeriksaan Polda Jabar Apa alasan kedua orang diduga penyelenggara itu mangkir Ada agenda yang sudah terjadwal sebelumnya ujar Wakil Sekretaris Umum FPI Aziz Yanuar kepada detikcom Rabu 9 12 2020 Dua orang berinisial UA dan HMA tersebut sedianya bakal diperiksa di tingkat penyidikan pada Selasa 8 12 kemarin Pemeriksaan dilakukan di Bogor Namun keduanya tak memenuhi panggilan polisi Polisi pun akan kembali melayangkan surat panggilan yang kedua Apakah dua penyelenggara akan hadir pada panggilan kedua Nanti kita lihat saja kata Azis Polda Jabar meningkatkan status hukum berkaitan dugaan pelanggaran Pembatasan Sosial Berskala Besar PSBB saat acara yang dihadiri Habib Rizieq Syihab di Megamendung Bogor Perkara tersebut naik penyidikan Sekadar diketahui Habib Rizieq menghadiri peletakan baru pertama pembangunan Pondok Pesantren Ponpes Alam Agrokultural Markaz Syariah DPP FPI di Desa Kuta Kecamatan Megamendung Kabupaten Bogor Jumat 13 11 Kegiatan tersebut menimbulkan kerumunan massa di tengah situasi pandemi COVID 19 Terlebih Pemkab Bogor melalui keputusan bupati kepbup menyebutkan area Bogor masih menjalani PSBB pra adaptasi kebiasaan baru AKB Dalam kepbup itu tertuang sejumlah aturan terkait batasan kerumunan massa Simak juga video 6 Pengikut HRS Mati Ditembak Polisi FPI Ungkap Kondisi Jenazahnya Gambas Video 20detik,0,1,0.764,entity_substitution_missed,,,
HIGH (unexplained FP),tr07349,Terungkap Pelesiran Pinangki ke Paman Sam Hanya soal Hidung Dioperasi,Jaksa Pinangki Sirna Malasari menggunakan sebagian uang suap yang diberikan Djoko Tjandra di Amerika Serikat AS Jaksa Pinangki menggunakan uang tersebut dari mulai melakukan operasi plastik hingga kontrol payudara Hal tersebut diungkap adik Pinangki Pungki Primarini yang bersaksi dalam persidangan yang digelar di PN Tipikor Jl Bungur Raya Jakarta Pusat Senin 30 11 2020 Pungki mengaku ikut bersama Pinangki ke AS kala itu bersama anak Pinangki dan kedua orang tuanya menggunakan pesawat Emirates Airlines Saya dan terdakwa bersama ibu saya dan Bima anak terdakwa usia empat tahun ujar Pungki dalam kesaksiannya Seingat Pungki Pinangki sudah 3 kali ke Negeri Paman Sam Menurut Pungki Pinangki ke AS untuk keperluan operasi hidung dan kontrol payudara Setahu saya waktu itu untuk ke dokter operasi hidung untuk sinusnya terdakwa kemudian cek kontrol payudara cancer mungkin imbuhnya Selama di AS Pungki mengaku menginap di Trump Tower Semua biaya penginapan dan biaya hidup di sana disebut Pungki dibayar oleh Pinangki Kakak saya yang bayar kata Pungki Jaksa lantas membacakan berita acara pemeriksaan BAP Pungki Dalam BAP itu tertulis keterangan Pungki saat proses penyidikan bahwa Pinangki setiap beberapa bulan sekali mengirimkan uang kepadanya yang nilainya ratusan juta rupiah Dalam BAP Saudara mengatakan terkadang terdakwa kirim uang ke rekening saya 3 bulan 5 bulan 6 bulan sekali Nilai yang dikirim paling sedikit Rp 100 juta paling besar Rp 500 juta ke rekening BCA apa benar tanya jaksa ke Pungki Betul Saya tahu nominal pas diperiksa Kejagung Karena saya ditunjukkan rekening koran saya jawab Pungki Simak video Adik Ungkap Tujuan Pinangki ke AS Kontrol Payudara Gambas Video 20detik,0,1,0.791,+no_signal_at_all,,,
HIGH (unexplained FP),tr07599,Prabowo Pastikan RI Beli Vaksin Corona yang Terdaftar di WHO,Presiden Joko Widodo Jokowi menargetkan vaksin virus Corona COVID 19 bisa tiba di Indonesia pada akhir November atau Desember Jokowi menegaskan Indonesia akan membeli vaksin Corona dari perusahaan yang masuk list atau daftar Organisasi Kesehatan Dunia WHO Tadi saya sampaikan bahwa kita akan membeli vaksin itu dari perusahaan merek yang ada di dalam daftar listnya WHO kata Jokowi di Puskesmas Tanah Sareal Kota Bogor seperti disiarkan di Youtube Sekretariat Presiden Rabu 18 11 2020 Saya nggak berbicara mereknya apa asal sudah ada di dalam listnya WHO itu yang akan kita beli lanjutnya Jokowi juga mengatakan pemerintah akan terus melakukan sosialisasi terkiat vaksin Corona tersebut Menurutnya nanti proses vaksinasi Corona bisa dilakukan melalui program atau secara mandiri Terus kita lakukan sosialisasi pemberitahuan agar nanti yang ikut vaksin itu sebanyak banyaknya baik nanti yang ikut vaksinasi lewat program vaksinasi program maupun vaksinasi mandiri Jadi ada yang tidak membayar gratis vaksinasi program ada yang membayar yaitu vaksinasi mandiri Ini dua hal yang akan berjalan beriringan nantinya tuturnya Pagi ini Presiden Joko Widodo berkunjung ke Puskesmas di Tanah Sereal Bogor Jawa Barat Puskemas Tanah Sereal sebelumnya menjadi tempat simuliasi vaksinasi Jokowi berkunjung ke Puskesmas Tanah Sereal Bogor Jawa Barat Rabu 18 11 2020 pagi Ia datang dengan didampingi Wali Kota Bogor Bima Arya dan Menkes Terawan Jokowi bicara soal vaksinasi Corona saat berkunjung ke Puskemas Tanah Sareal itu Simak selengkapnya di halaman berikutnya,0,1,0.487,entity_substitution_missed,,,
HIGH (unexplained FP),tr08015,Kemenhan Jadi Klaster Covid Terbesar di DKI,Kantor Kementerian Perhubungan Kemenhub menjadi klaster Covid 19 dengan kasus aktif terbesar di DKI Jakarta Berdasarkan data pada laman https corona jakarta go id id data visualisasi hingga 30 September Kemenhub masih memiliki 76 kasus konfirmasi positif dan merupakan kasus aktif Kasus aktif sendiri merupakan kasus positif yang berada dalam pemantauan karena masih membutuhkan perawatan baik itu isolasi mandiri maupun perawatan di rumah sakit Klaster lainnya yang masih menyumbang angka kasus aktif adalah Asrama Cendrawasih Papua di Jakarta total kasus aktif di asrama ini berjumlah 60 kasus Kemudian klaster Kementerian Pertahanan Kemenhan mencatat 147 orang terkonfirmasi positif Dari angka itu 40 orang masih merupakan kasus aktif sisanya sudah closed case yang dinyatakan sembuh atau meninggal Lalu ada klaster Kantor Metro TV menyumbang kasus aktif sebanyak 23 kasus kantor Kompas TV menyumbang kasus aktif 19 kasus Selanjutnya klaster Kementerian Pemuda dan Olahraga Kemenpora mencatat kasus positif sebanyak 65 kasus Dari angka itu 18 orang diketahui masih merupakan kasus aktif Klaster penyumbang kasus aktif tinggi juga berasal dari panti asuhan yakni Panti Laras Harapan Sentosa menyumbang 15 kasus aktif Klaster pernikahan RW 12 Kelurahan Penggilingan juga tercatat masih menyumbang kasus aktif sebanyak 15 kasus Ada juga klaster BATAN yang menyumbang 20 kasus positif sebanyak 14 diantaranya masih merupakan kasus aktif Klaster Takziah Duren Sawit juga menyumbang 14 kasus aktif Berdasarkan data pada https corona jakarta go id id data pemantauan yang diakses pada Senin 5 10 pukul 10 15 WIB DKI masih memiliki 11 091 orang yang masih melakukan isolasi mandiri dengan 2 043 pasien dalam perawatan rumah sakit Artinya masih ada 13 134 kasus aktif di Jakarta Akumulasi kasus positif di DKI sebanyak 79 214 kasus jumlah sembuh di Jakarta sebanyak 64 319 kasus dan kasus kematian berjumlah 1 761 kasus,0,1,0.876,+no_signal_at_all,,,
HIGH (unexplained FP),tr08034,Dokter Sebut Virus Corona tak Bisa Sebabkan Diabetes,Hubungan yang terbangun antara diabetes dan Covid 19 masih belum selesai diperdebatkan Sejumlah dokter mengatakan kasus infeksi virus corona dapat sebabkan diabetes Sebelumnya telah terbukti dan diketahui secara umum bahwa diabetes dapat meningkatkan risiko komplikasi akibat Covid 19 Orang dengan diabetes menjadi kelompok paling berisiko untuk mengalami komplikasi Namun seiring berjalannya waktu semakin banyak bukti yang memperlihatkan bahwa Covid 19 dan diabetes juga memiliki hubungan patologis dua arah Artinya pasien positif Covid 19 dapat mengembangkan diabetes tipe 1 atau tipe 2 meski mereka tak memiliki faktor risiko pada umumnya seperti kelebihan berat badan Sejumlah dokter dan ilmuwan hingga saat ini masih mencoba mencari jawaban dari kemungkinan tersebut Diabetes sendiri merupakan gangguan metabolisme yang terjadi saat kadar gula darah berada di atas normal Melansir Fortune para dokter menduga virus SARS CoV 2 dapat memengaruhi pankreas penghasil insulin yang bertugas mengatur kadar gula darah Sebuah tim dokter yang dipimpin oleh Francesco Rubino dari King s College London mencoba mengungkapkan hubungan antara diabetes dan Covid 19 Dia bekerja sama dengan banyak dokter dari seluruh dunia yang diminta untuk berbagi cerita tentang pasien yang mengembangkan diabetes setelah terinfeksi virus corona Pada Agustus lalu Rubino dan sejumlah ahli lainnya menguraikan pengamatan awal mereka dalam jurnal NEJM Mereka menggambarkan Covid 19 dan diabetes sebagai hubungan dua arah Diabetes dapat meningkatkan risiko komplikasi Covid 19 Tapi di sisi lain Covid 19 juga dapat meningkatkan risiko diabetes Di satu sisi diabetes dikaitkan dengan peningkatan risiko Covid 19 yang parah Di sisi lain beberapa jenis diabetes atau komplikasi metabolik seperti ketoasidosis dan hiperosmolaritas yang membutuhkan dosis insulin tinggi juga ditemukan pada pasien Covid 19 tulis para peneliti Pengamatan terakhir tentang ketoasidosis diabetik sangat lah penting Peradangan yang disebabkan oleh virus SARS CoV 2 ini dinilai dapat memperburuk kemungkinan seseorang mengalami ketoasidosis Ketoasidosis sendiri merupakan salah satu bentuk komplikasi diabetes di mana tubuh memproduksi kadar asam darah berlebih yang disebut keton Kondisi ini dapat menimbulkan gejala kelelahan nyeri otot rasa haus yang ekstrem sering buang air kecil kesulitan bernapas mual dan kebingungan Orang dengan kondisi ketoasidosis umumnya memerlukan penanganan darurat Para peneliti menduga kemampuan virus corona mengikat enzim menjadi penyebabnya salah satunya angiotensin converting enzyme 2 ACE2 ACE2 sendiri ditemukan di banyak organ tubuh khususnya paru paru Namun enzim ini juga disebut ditemukan di organ lain seperti pankreas yang berperan penting dalam kasus diabetes,0,1,0.859,+no_signal_at_all,,,
HIGH (unexplained FP),tr08489,Warga Pertanyakan Pengawasan tak Pakai Masker di Dalam Rumah,Sejumlah masyarakat mempertanyakan bentuk pengawasan protokol kesehatan terkait Covid 19 yang mewajibkan setiap orang memakai masker di dalam rumah Meskipun sebagian masyarakat setuju dengan protokol kesehatan di lingkungan keluarga Vanya Fahira seorang mahasiswa di Tangerang Selatan Banten mengaku dirinya sudah menerapkan protokol kesehatan ketika tinggal di rumah kakek dan neneknya Karena takut menjadi karier Covid 19 ia selalu memakai masker di dalam rumah Karena aku masih suka keluar keluar jadi kalau keluar kamar di rumah pakai masker Karena grandpa dan grandma sudah tua kalau Covid kan pasti nyerangnya bisa fatal Jadi inisiatif aja katanya kepada CNNIndonesia com melalui sambungan telepon Sabtu 26 9 Upaya ini juga dilakukan oleh anggota keluarga lain yang masih beraktivitas di luar rumah Namun ia mengatakan hal ini dilakukan karena ada anggota keluarga yang rentan Menurutnya hal serupa sulit dilakukan jika masyarakat tidak memahami pentingnya menggunakan masker di rumah Terlebih karena tidak ada yang mengawasi seperti di ruang publik Diwajibin pakai masker nih di rumah Tapi dengan enggak pakai masker emang siapa yang tahu gitu Dan siapa yang periksa Jadi enggak ada poinnya lanjutnya Dinda Suhendra seorang pegawai firma hukum di Jakarta Selatan pun berpendapat serupa Ia termasuk mawas diri ketika menerapkan protokol kesehatan Menurutnya protokol kesehatan seharusnya diterapkan hingga di dalam rumah Karena di Jakarta kan sudah benar benar parah Dan buat menekan laju penyebaran ya benar famili itu faktor utama Karena kita gampang menyepelekan gampang percaya kalau di rumah enggak ada virus ujarnya kepada CNNIndonesia com Ia bercerita keluarganya cukup disiplin dalam upaya meminimalisasi terpapar corona Ini karena salah satu kakaknya berprofesi sebagai dokter sehingga mengerti situasi dan bahaya pandemi Namun tak jarang ia menemukan rekan yang tak menyadari betul bahaya corona Ia bercerita mereka masih sering keluar rumah tanpa menggunakan masker Menurutnya orang orang seperti itu akan sulit diminta mengikuti protokol memakai masker di rumah Menurutku ujung ujungnya harus kesadaran diri sendiri Pemerintah juga harus menyampaikan dengan baik Jangan seolah ini sebuah keharusan tapi lebih mengajak lanjutnya Dinda menilai upaya ini bisa dilakukan dengan menggandeng influencer dan mensosialisasikan dengan gencar di sosial media Karena ia berpendapat masyarakat akan lebih mudah terdorong dengan pendekatan seperti ini Sedangkan Bientono Soedjito seorang kepala keluarga dari enam orang anak di Jakarta Selatan khawatir protokol kesehatan yang kaku dan tegas di lingkungan keluarga sulit diterapkan di rumahnya Ia tinggal bersama delapan anggota keluarga lain sehingga komunikasi dan mobilitas di rumah pun tinggi Satu kamar tak jarang dihuni lebih dari dua orang Artinya jika diwajibkan menggunakan masker di dalam rumah anggota keluarga di rumahnya harus menggunakan masker seharian Hal ini menurutnya tidak memungkinkan Kan mengganggu juga untuk komunikasi Tidak bisa bebas bernapas Kalau 24 jam ya sepertinya sulit Tapi kalau satu atau dua jam it s okay lah katanya kepada CNNIndonesia com Bientono sendiri kini sudah berusia 75 tahun Dirinya termasuk kalangan yang rentan terhadap bahaya corona sehingga sehari hari ia rajin mengingatkan anak anaknya menaati protokol kesehatan Protokol yang ia tekankan misalnya membersihkan badan dan pakaian setelah pergi menyemprot desinfektan ketika menerima paket serta menjaga jarak dan memakai masker ketika di luar rumah Sebelumnya Menteri Pemberdayaan Perempuan dan Perlindungan Anak I Gusti Bintang Ayu Dharmawati mengimbau agar masyarakat memakai masker di dalam rumah untuk meminimalisasi potensi klaster keluarga Tetap harus memakai masker masker ini tidak hanya dilakukan di luar rumah di dalam rumah pun harus kita lakukan Apalagi ketika ada di keluarga kita kelompok rentan seperti balita demikian juga lansia ujarnya dikutip melalui Youtube Sekretariat Presiden Jumat 25 9 Ia juga mengatakan pemerintah tengah menggodok protokol kesehatan di lingkungan keluarga Ini dilakukan karena belakangan klaster keluarga jadi penyumbang kasus corona yang cukup besar,0,1,0.8,+no_signal_at_all,,,
HIGH (unexplained FP),tr08970,Beredar Slide Seleb Prioritas Penerima Vaksin Jubir Bukan Resmi Kemkes,Beredar slide sejumlah nama influencer masuk daftar awal penerima vaksin COVID 19 Gerindra menilai influencer dapat mengajak masyarakat mendukung berjalannya program pemerintah Untuk mengajak masyarakat dan mendukung berjalannya program pemerintah saya kira nggak masalah melibatkan influencer atau public figure karena mereka bagian dari masyarakat yang mempunyai follower yang cukup banyak kata Waketum Gerindra Putih Sari kepada wartawan Selasa 12 1 2021 Anggota Komisi IX DPR RI itu menyebut vaksin COVID 19 harus diprioritaskan untuk orang yang berada di garda terdepan Menurutnya hanya influencer yang sangat berpengaruh yang bisa mendapat vaksin awal di masa vaksinasi Hanya untuk beberapa orang influencer yang dirasa cukup berpengaruh bukan untuk semua artis Karena prioritas harus tetap kepada mereka yang berada di garda terdepan penanganan pandemi tuturnya Lebih lanjut Putih Sari mengingatkan pemerintah untuk terbuka terkait informasi vaksin COVID 19 Ia menilai masyarakat akan menerima vaksin COVID 19 jika sudah memahami tujuan dari vaksin tersebut Tapi yang terpenting adalah dari pemerintahnya sendiri harus terbuka dan bisa menyampaikan jika vaksin ini aman dan menyampaikan dengan lugas maksud dan tujuan vaksin ini ucapnya Kalau rakyat sudah memahami tujuan vaksin dan dirasa aman dan bermanfaat rakyat tidak usah di suruh tapi pasti akan berbondong bondong akan minta divaksin imbuhnya Diberitakan sebelumnya nama sejumlah influencer seperti Raffi Ahmad dan Bunga Citra Lestari muncul berdasarkan slide yang memuat daftar nama orang orang yang akan disuntik vaksin Sinovac pertama kali Dalam slide yang bertulisan Rencana Penyuntikan Perdana 13 15 Januari 2021 itu ada juga nama beberapa public figure Di slide tersebut tertulis kelompok kedua yang merupakan Pengurus Asosiasi Profesi dan Key Opinion Leader Kesehatan Di kelompok kedua itu tertulis nama Najwa Shihab dr Tirta Bunga Citra Lestari dan Raffi Ahmad Slide nya bukan rilis resmi Kemkes ya dan Informasi tersebut tidak dapat dijadikan rujukan karena hingga saat ini pelaksanaan dan tokoh tokoh yang akan mengikuti vaksinasi COVID 19 perdana masih dalam tahap pembahasan dan kita masih menunggu keluarnya EUA ya ujar Juru bicara vaksinasi COVID 19 dari Kemkes dr Siti Nadia Tarmizi kepada detikcom Jumat 8 1 Pihak manajer artis Raffi Ahmad Prio membenarkan hal tersebut Namun ia masih belum dapat menjelaskan dengan pasti Sementara iya tapi gue belum dapat update nya kayak gimana Gue nggak tahu Cuma udah terdaftar ujar Prio saat dihubungi Jumat 8 1,0,1,0.548,+no_signal_at_all,,,
HIGH (unexplained FP),tr09006,Rupiah Melorot ke Rp14 128 Terseret Lonjakan Kasus Covid 19,Nilai tukar rupiah berada di posisi Rp14 120 per dolar AS pada perdagangan pasar spot Senin 30 11 sore Mata uang Garuda melemah 0 21 persen dibandingkan perdagangan Jumat 27 11 sore di level Rp14 090 per dolar AS Sementara itu kurs referensi Bank Indonesia BI Jakarta Interbank Spot Dollar Rate JISDOR menempatkan rupiah di posisi Rp14 128 per dolar AS atau melemah tipis dibandingkan posisi Jumat pekan lalu yakni Rp14 145 per dolar AS Sore ini mayoritas mata uang di kawasan Asia terpantau melemah terhadap dolar AS Tercatat yen Jepang turun 0 10 persen won Korea Selatan melemah 0 27 persen peso Filipina melemah 0 10 persen yuan China menguat 0 04 persen Selanjutnya dolar Taiwan melemah 0 13 persen rupee India melemah 0 22 persen dan ringgit Malaysia melemah 0 12 persen Sebaliknya dolar Singapura menguat 0 01 persen dan bath Thailand terpantau menguat 0 02 persen Sementara itu mata uang di negara maju bergerak menguat terhadap dolar AS Dolar Australia menguat 0 30 persen franc Swiss menguat 0 47 persen dan dolar Kanada menguat 0 12 persen Hanya poundsterling Inggris yang bergerak melemah 0 07 persen Kepala Riset Monex Investindo Ariston Tjendra mengatakan rupiah ikut terseret oleh anjloknya Indeks Harga Saham Gabungan IHSG pada perdagangan sesi kedua hari ini Pukul 14 12 JATS indeks saham terjun 3 26 persen ke posisi 5 595 Tren penurunan sudah terjadi sejak pembukaan perdagangan Indeks saham dibuka turun ke 5 779 lalu IHSG sempat naik ke level 5 796 namun setelah itu kembali longsor Posisi terendah sepanjang perdagangan hari ini terekam di posisi 5 567 yakni pukul 14 05 JATS Rupiah terpengaruh terkait dengan kejatuhan dalam IHSG hari ini Seperti pemberitaan kemungkinan karena kekhawatiran pasar terhadap kenaikan kasus covid 19 di Indonesia tuturnya kepada CNNIndonesia com Seperti diketahui dalam pembukaan rapat kabinet pagi tadi Presiden Joko Widodo Jokowi mengingatkan para menterinya terkait dengan maslaah covid 19 yang kian memburuk Ia juga menuturkan dua provinsi yang perlu perhatian khusus karena peningkatan yang cukup drastis terkait kasus harian covid 19 yakni Jawa Tengah dan DKI Jakarta Berdasarkan data yang saya ia terima per 29 November kasus aktif kembali meningkat menjadi 13 41 persen Meskipun lebih baik dari angka rata rata dunia tapi angka tersebut masih lebih buruk dari pekan yang lalu yang berbeda di angka 12 48 persen Tingkat kesembuhan pun menurun dari pekan lalu lalu 84 03 persen menjadi 83 44 persen saat ini Ya mungkin masih menjadi pertimbangan pelaku pasar untuk besok Kita menunggu sentimen baru juga di pasar AS malam ini Potensi besok rupiah di kisaran Rp14 050 14 200 per dolar AS tandas Ariston Gambas Video CNN,0,1,0.732,+no_signal_at_all,,,
HIGH (unexplained FP),tr09111,Anies Baswedan Penuhi Panggilan Bareskrim terkait Kerumunan Habib Rizieq,Gubernur Jawa Barat Jabar Ridwan Kamil memenuhi panggilan Bareskrim Polri Kang Emil sapaan akrabnya dipanggil untuk dimintai klarifikasi terkait kegiatan acara Habib Rizieq di Bogor yang menimbulkan kerumunan beberapa waktu lalu Pantauan detikcom Ridwan Kamil tiba di lobi Bareskrim Mabes Polri Jalan Trunojoyo Jakarta Selatan pukul 09 40 WIB Jumat 20 11 2020 Emil hadir mengenakan baju kemeja biru berbalut rompi biru dongker dengan didampingi sejumlah orang Hadir ke Bareskrim Sebagai kewajiban warga negara untuk dimintai keterangan Nanti hasilnya insyaallah saya sampaikan setelah pemeriksaan dan klarifikasi kata Emil Diberitakan sebelumnya Karopenmas Divisi Humas Polri Brigjen Awi Setiyono menyampaikan Ridwan Kamil akan dimintai klarifikasi terkait Pergub penanganan COVID 19 di Jabar Selain itu Ridwan Kamil bakal ditanya terkait upaya dalam mengantisipasi kerumunan di Jabar Terkait pemanggilan gubernur Jawa Barat di Bareskrim beliau tentunya dipanggil kapasitasnya sebagai Gubernur Jawa Barat tahu persis karena beliau yang mengeluarkan Pergub terkait penanganan pandemi COVID 19 di wilayah Jawa Barat Bagaimana implementasinya ke bawah apa perintahnya ke bawah kemudian beliau mengetahui kejadian kemarin apa reaksinya apa upayanya tentunya ini yang akan digali penyidik kata Awi di Mabes Polri Jakarta Selatan Jumat 20 11 Ridwan Kamil sebelumnya sudah buka suara terkait pemanggilan dirinya ke Bareskrim Ridwan Kamil siap memenuhi undangan klarifikasi tersebut Jadi bahasanya bukan diperiksa tapi dimintai tambahan keterangan terkait acara di Bogor tentunya saya sebagai warga negara yang taat hukum seperti ini wajib kita penuhi dengan sebaik baiknya kata Ridwan Kamil di Gedung Sate Kota Bandung Kamis 19 11 Ridwan Kamil lantas berbicara mengenai perbedaan kewenangan di DKI dan Jawa Barat Menurut Ridwan Kamil hubungan antara gubernur dan bupati atau wali kota bersifat koordinatif Kalau di luar Jakarta semua kewenangan teknis itu ada di wali kota dan bupati ucapnya Ada ribuan kegiatan setiap tahun di seluruh Jawa Barat itu dikelola oleh bupati dan wali kota Karena hubungan antara bupati wali kota dan gubernur itu koordinatif yang tidak wajib melaporkan hanya sifatnya koordinasi Lain halnya dengan polisi atau Kodam yang sifatnya komando di mana laporan harus langsung sambung dia,0,1,0.492,entity_substitution_missed,,,
HIGH (unexplained FP),tr09518,Anita Kolopaking Bantah Minta Dibuatkan Surat Bebas COVID,Djoko Tjandra diperiksa sebagai saksi silang dalam kasus surat jalan palsu Dalam keterangannya Djoko Tjandra mengaku tidak pernah meminta dibuatkan surat bebas COVID 19 Saya tidak pernah meminta buat dokumen COVID karena saya memiliki surat tes di Malaysia Jadi saya tidak pernah meminta ujar Djoko Tjandra dalam persidangan di PN Jakarta Timur Jumat 27 11 2020 Djoko Tjandra membantah karena dia telah memiliki surat yang dibuatnya di Malaysia Djoko Tjandra menyebut surat ini bisa berlaku secara internasional Bahwa saya punya surat tes dari Malaysia dan berdasarkan info yang kami dapat surat tes itu berlaku di internasional kata Djoko Tjandra Djoko Tjandra sebelumnya menceritakan baru mengenal Anita Kolopaking setelah dikenalkan oleh Pinangki Sirna Malasari Pada saat itu Djoko menyebut Anita dikenalkan sebagai pengacara untuk kasus PK dan OJK Saya kenal dengan Bu Anita tanggal 19 November 2019 beliau dikenalkan oleh Pinangki ke saya sebagai pengacara saya kata Djoko Sedangkan terkait Prasetijo dan Johny Andrijanto Djoko Tjandra mengaku baru mengenal saat Anita menjemput dirinya di Bandara Supadio Pontianak Djoko Tjandra menyebut Anita mengenalkan Prasetijo sebagai Kepala Biro Koordinasi dan Pengawasan PPNS Bareskrim Polri Waktu dikenalkan Pak Pras itu Karo PPNS Terus terang saya saat itu tidak tahu apa itu Karo PPNS sambungnya Kembali ke perihal surat jalan palsu Djoko mengaku mengirimkan foto KTP kepada Anita Namun ia membantah foto tersebut untuk kepentingan pembuatan surat bebas COVID 19 Yang saya ingat pengiriman yang foto KTP expired itu untuk memperlihatkan kepada lurah bahwa ini masa berlakunya habis untuk dibuatkan e KTP Jadi tidak untuk kepentingan COVID kata Djoko Djoko Tjandra mengetahui kalau Johny lah yang mengurus dokumen dokumen tersebut Namun Djoko mengatakan tidak pernah berhubungan dengan Johny dan tidak mengetahui dokumen tersebut Saya tidak pernah lihat dokumennya apa saja Pada saat itu Anita yang memberikan dokumen dokumen ke saya tuturnya,0,1,0.486,+no_signal_at_all,,,
HIGH (unexplained FP),tr09674,Ini Sebaran 4 192 Kasus Sembuh Corona di RI pada 24 November,Pasien sembuh dari Corona bertambah 2 927 pada hari ini Tambahan pasien sembuh virus Corona tersebut paling banyak di DKI Jakarta dan Jawa Barat Berdasarkan data dari Satgas Penanganan COVID 19 Selasa 24 11 2020 total pasien sembuh hingga hari ini 425 313 Data ini dihimpun secara berkala setiap hari per pukul 12 00 WIB Pasien sembuh Corona terbanyak dari DKI Jakarta yakni sebesar 1 060 Diikuti di bawahnya ada Jawa Barat dengan 428 pasien sembuh dan Jawa Tengah dengan 300 pasien sembuh Jumlah spesimen terkait Corona yang diperiksa hari ini mencapai 39 971 Dari spesimen tersebut didapatkan penambahan kasus positif Corona 4 192 sehingga total saat ini menjadi 506 302 kasus Kasus meninggal juga bertambah 109 dan total sampai saat ini menjadi 16 111 Berikut ini sebaran 2 927 kasus sembuh Corona pada 24 November 1 Aceh 0 kumulatif 6 410 2 Bali 105 kumulatif 12 151 3 Banten 6 kumulatif 8238 4 Bangka Belitung 5 kumulatif 770 5 Bengkulu 19 kumulatif 1 244 6 DI Yogyakarta 40 kumulatif 3 997 7 DKI Jakarta 1060 kumulatif 11 7969 8 Jambi 7 kumulatif 1 203 9 Jawa Barat 428 kumulatif 40 452 10 Jawa Tengah 300 kumulatif 36 051 11 Jawa Timur 157 kumulatif 52 546 12 Kalimantan Barat 60 kumulatif 1 733 13 Kalimantan Timur 132 kumulatif 15 903 14 Kalimantan Tengah 30 kumulatif 4 437 15 Kalimantan Selatan 15 kumulatif 11 775 16 Kalimantan Utara 15 kumulatif 379 17 Kepulauan Riau 16 kumulatif 911 18 Nusa Tenggara Barat 9 kumulatif 3 632 19 Sumatera Selatan 40 kumulatif 7 424 20 Sumatera Barat 113 kumulatif 15 258 21 Sulawesi Utara 33 kumulatif 5 163 22 Sumatera Utara 77 kumulatif 12 446 23 Sulawesi Tenggara 31 kumulatif 4 769 24 Sulawesi Selatan 88 kumulatif 18 128 25 Sulawesi Tengah 11 kumulatif 969 26 Lampung 8 kumulatif 1 689 27 Riau 88 kumulatif 16 413 28 Maluku Utara 5 kumulatif 1 971 29 Maluku 0 kumulatif 3 680 30 Papua Barat 27 kumulatif 4 449 31 Papua 0 kumulatif 5007 32 Sulawesi Barat 1 kumulatif 1 009 33 Nusa Tenggara Timur 1 kumulatif 652 34 Gorontalo 0 kumulatif 2 956,0,1,0.709,+no_signal_at_all,,,
HIGH (unexplained FP),tr09791,POPULER NUSANTARA Pasien Corona yang Meninggal Alami Happy Hypoxia | Kiai Muhammadiyah dan Istri Wafat di Hari Yang sama,Sebanyak tujuh pasien Covid 19 di Banyumas meninggal dunia Tiga pasien terakhir yang meninggal disebut tidak memiliki gejala Covid 19 Menurut Bupati Banyumas Achmad Husein tiga pasien tersebut alami Happy Hyhpoxia Sementara itu di Bantaeng seorang kiai NU Idrus Makkawaru 76 meninggal dunia satu jam setelah sang istri wafat Sebelum meninggal Idrus sempat menuntun istrinya Sitti Saniah Haruna 74 mengucapkan kalimat syahadat sebelum ia meninggal dunia Dua berita tersebut menjadi perhatian pembaca Kompas com dan berikut lima berita populer nusantara selengkapnya Sebagai orangtua kami sangat bangga karena ada wajah anak kami dalam uang kertas pecahan Rp 75 000 ungkap Telly di Kupang Selasa 18 8 2020 Telly menyebut uang tersebut akan menjadi sejarah dari generasi ke generasi Kami orangtua sangat bangga dan terlalu bersyukur karena anak kami sudah terpilih dan ada fotonya di dalam pecahan uang yang diluncurkan dalam rangka memperingati kemerdekaan Indonesia yang ke 75 kali ini ujar Telly Ia bercerita terlibatnya sang anak berawal sejak setahun lalu Saat itu Ananda terpilih mewakili Kantor Perwakilan Bank Indonesia NTT Pada 7 Agustus 2019 perwakilan Perum Peruri datang ke Kupang untuk memotret anaknya Saat itu Telly sempat menanyakan tujuan pemotretan tersebut Waktu itu kami belum tahu tujuan pemotretan itu untuk apa karena katanya rahasia ujarnya,0,1,0.765,entity_substitution_missed,,,
HIGH (unexplained FP),tr10507,63 768 Kasus Suspek Corona Dipantau pada 19 Desember,Puluhan ribu kasus suspek Corona COVID 19 kembali dipantau Hari ini ada 64 071 kasus suspek Corona yang dipantau 64 071 suspek tulis laporan Satgas Penanganan COVID 19 Sabtu 19 12 2020 Selain kasus suspek Corona terdapat 63 768 spesimen terkait Corona yang diperiksa Dari total spesimen terdapat 7 751 tambahan kasus positif Corona sehingga total kasus Corona di Indonesia menjadi 657 948 Selain itu ada tambahan 4 265 kasus sembuh Corona dan 145 kasus meninggal akibat Corona Total kasus sembuh dan meninggal menjadi 536 260 dan 19 659 Data kasus Corona diperbarui setiap hari pukul 12 00 WIB Kini kasus Corona sudah menyebar di 34 provinsi dan 510 kabupaten kota Adapun pengertian kasus suspek Corona adalah sebagai berikut Seseorang yang memiliki salah satu dari kriteria berikut a Orang dengan Infeksi Saluran Pernapasan Akut ISPA dan pada 14 hari terakhir sebelum timbul gejala memiliki riwayat perjalanan atau tinggal di negara wilayah Indonesia yang melaporkan transmisi lokal b Orang dengan salah satu gejala tanda ISPA DAN pada 14 hari terakhir sebelum timbul gejala memiliki riwayat kontak dengan kasus konfirmasi probable COVID 19 c Orang dengan ISPA berat pneumonia berat yang membutuhkan perawatan di rumah sakit DAN tidak ada penyebab lain berdasarkan gambaran klinis yang meyakinkan,0,1,0.798,entity_substitution_missed,,,
HIGH (unexplained FP),tr10516,42 Orang Wisatawan ke Aceh Positif Corona Selama Libur Natal,Satgas Penanganan COVID 19 Jawa Barat melakukan rapid tes antigen acak terhadap wisatawan yang masuk ke Jabar Dari tiga ribu wisatawan yang dites 42 di antaranya positif COVID 19 Saya laporkan ada tiga ribu turis yang dites kemarin diberbagai titik Terdapat positif 42 orang ujar Gubernur Jawa Barat Ridwan Kamil di Makodam III Siliwangi Jalan Aceh Kota Bandung Senin 28 12 2020 Kang Emil sapaannya mengatakan rapid tes antigen ini dilakukan dengan menyasar wisatawan yang masuk ke Jabar Selain di area wisata rapid tes antigen ini juga dilakukan di sejumlah rest area Menurut Emil mereka yang dinyatakan positif langsung dirujuk untuk dilakukan tes PCR sekaligus isolasi mandiri Langsung dirujuk PCR sambil isolasi mandiri kata Emil Menurut Kang Emil total ada 60 ribu stok rapid tes antigen yang dimiliki Jabar Jumlah bertambah seiring adanya bantuan dari BNPB sebanyak 20 ribu Sehingga rapid tes antigen akan terus dilakukan Kami bangga karena telah menggunakan produk dalam negeri yang buatan Unpad Itu andalan kami melengkapi pergeseran dari antibodi menjadi antigen kata dia,0,1,0.915,+no_signal_at_all,,,
HIGH (unexplained FP),tr10726,Diiringi Lantunan Tahlil Syekh Ali Jaber Dimakamkan di Ponpes Tebuireng,Jenazah Syekh Ali Jaber tiba di Pondok Pesantren Ponpes Daarul Quran Tangerang Banten Prosesi pemakaman pun dimulai Pantauan di lokasi jenazah Syekh Ali Jaber sudah tampak tiba di area pemakaman sekitar pukul 16 40 WIB Kamis 14 1 2021 Tampak keluarga dan para pelayat mengantarkan jenazah Syekh Ali Jaber Hadir juga Ustaz Yusuf Mansur yang merupakan pemilik ponpes Area ponpes sendiri tampak dibatasi Hanya pihak tertentu yang mendapatkan izin dari Yayasan Daarul Quran yang diperbolehkan masuk ke area ponpes dan pemakaman Area Ponpes pun tampak dijaga oleh anggota TNI dan Polri Lantunan tahlil terdengar menggema di area pemakaman mengiringi jenazah Syekh Ali Jaber yang diangkat untuk dimakamkan Jenazah kemudian tampak diazankan oleh pihak keluarga Syekh Ali Jaber sebelum liang kubur ditutup Seperti diketahui Syekh Ali Jaber meninggal dunia hari ini di RS Yarsi Syekh Ali Jaber meninggal setelah 19 hari dirawat di rumah sakit Syekh Ali Jaber sebelumnya dirawat di rumah sakit karena terpapar COVID 19 Namun sebelum meninggal Syekh Ali Jaber sudah dinyatakan negatif COVID 19 Sebelum dimakamkan di Ponpes Daarul Quran jenazah Syekh Ali Jaber terlebih dahulu dimakamkan di kediamannya di kawasan Pulogadung Jakarta Timur,0,1,0.941,+no_signal_at_all,,,
HIGH (unexplained FP),tr10775,Update COVID 19 Jabar 718 Kasus Baru Sembuh 358,Kasus terkonfirmasi positif COVID 19 di Jawa Timur bertambah 718 kasus baru Sehingga total ada 66 817 kasus kumulatif Pasien sembuh bertambah 358 Data yang diterima detikcom dari Satgas COVID 19 Jatim tambahan 718 kasus baru yakni 119 dari Jember 55 dari Kab Kediri 49 dari Banyuwangi 43 dari Kota Surabaya 38 dari Tuban 35 dari Situbondo 34 dari Kota Probolinggo 29 dari Ponorogo 26 dari Trenggalek 22 dari Kota Malang 19 dari Lumajang 19 dari Kab Probolinggo 17 dari Jombang 16 dari Bondowoso 15 Dari Sumenep 15 dari Pamekasan 14 Kab Tulungagung 14 Kab Blitar 13 dari Sidoarjo 10 dari Kota Blitar 10 dari Lamongan 10 dari Kab Malang 10 dari Gresik 10 dari Nganjuk 10 dari Bangkalan 9 dari Kab Pasuruan 9 dari Bojonegoro 9 dari Magetan 8 dari Kota Pasuruan 7 dari Kab Mojokerto 6 dari Kota Mojokerto 5 dari Kota Kediri 4 dari Ngawi 3 dari Kota Madiun 3 dari Sampang 1 dari Kab Madiun 1 dari Pacitan 1 dari Kota Batu Total kasus kumulatif terkonfirmasi positif COVID 19 di Jatim berjumlah 66 817 kasus 4 015 kasus di antaranya masih aktif dalam masa perawatan Pasien sembuh dari COVID 19 di Jatim bertambah 358 Yakni 46 dari Banyuwangi 39 dari Kota Surabaya 35 dari Jember 23 dari Kab Kediri 23 dari Lumajang 21 dari Sumenep 16 dari Kota Mojokerto 15 dari Jombang 14 dari Kab Probolinggo 13 dari Kab Blitar 12 dari Sidoarjo 11 dari Kab Malang 11 dari Gresik 10 dari Kota Batu 7 dari Tulungagung 7 dari Kab Mojokerto 6 dari Bojonegoro 6 dari Bondowoso 6 dari Trenggalek 5 dari Nganjuk 5 dari Kota Probolinggo 4 dari Kota Blitar 4 dari Pamekasan 3 dari Lamongan 3 dari Magetan 3 dari Sampang 2 dari Kab Pasuruan 2 dari Pacitan 2 dari Kota Kediri 2 dari Situbondo 1 dari Kab Madiun 1 dari Kota Pasuruan Tambahan 38 pasien meninggal 5 dari Kab Kediri 2 dari Kota Blitar 1 dari Kab Madiun 4 dari Banyuwangi 1 dari Jember 1 dari Lamongan 1 dari Bojonegoro 1 dari Tulungagung 2 dari Kota Surabaya 3 dari Situbondo 1 dari Lumajang 3 dari Jombang 1 dari Bondowoso 1 dari Kota Madiun 1 dari Trenggalek 2 dari Tuban 1 dari Kab Blitar 2 dari Kab Probolinggo 1 dari Kota Pasuruan 2 dari Nganjuk 1 dari Sidoarjo 1 dari Kota Probolinggo Total pasien meninggal dunia di Jatim akibat COVID 19 berjumlah 4 705 kasus atau 7 04 persen dari total kasus kumulatif,0,1,0.844,+no_signal_at_all,,,
HIGH (unexplained FP),tr10792,Soroti Kelompok Pelanggar Aturan Mahfud Negara Tak Boleh Kalah,Sepekan terakhir selepas kedatangan Habib Rizieq Syihab kerumunan massa tercipta di mana mana Pemerintah pun mengaku tidak menutup mata akan hal itu Menteri Koordinator Bidang Politik Hukum dan Keamanan Menko Polhukam Mahfud Md menegaskan pemerintah akan menindak tegas siapapun yang melanggar protokol kesehatan COVID 19 Dia tidak segan pula menyebut para pelanggar protokol kesehatan itu sebagai pembunuh para kelompok rentan terhadap virus itu Orang yang sengaja melakukan kerumunan massa tanpa mengindahkan protokol kesehatan berpotensi menjadi pembunuh potensial terhadap kelompok rentan ujar Mahfud di kantornya Jalan Medan Merdeka Barat Jakarta Pusat Senin 16 11 2020 Mahfud menyampaikan keterangan pers sikap pemerintah usai rapat bersama dengan Panglima TNI Marsekal Hadi Tjahjanto Wakapolri Komjen Gatot Eddy Pramono Kepala BIN Budi Gunawan dan Ketua Satgas Penanganan COVID 19 Doni Monardo Mahfud menyinggung kerumunan khususnya pada tanggal 10 hingga 13 November termasuk acara pesta pernikahan dan peringatan Maulid Nabi Muhammad SAW yang digelar Habib Rizieq Syihab di DKI Jakarta Mahfud menyebut praktik pelanggaran protokol kesehatan termasuk perusakan fasilitas umum dikeluhkan sejumlah pihak Mereka mengeluh Seakan perjuangan mereka itu dianggap tidak dihargai sama sekali Bahkan mereka mengatakan negara tidak boleh kalah dan tidak boleh melakukan pembiaran terhadap aksi aksi pelanggar aturan pembangkangan premanisme dan pemaksaan kehendak serta tindakan tindakan lain yang dapat mengoyak persatuan dan kesatuan bangsa dan negara ujar Mahfud Oleh karena itu oleh karena itu pemerintah memperingatkan kepada para kepala daerah pejabat publik aparat dan masyarakat di seluruh Indonesia bahwa pemerintah akan menindak tegas dan melakukan penegakan hukum bila masih melakukan pengumpulan massa dalam jumlah besar Khusus kepada tokoh agama dan tokoh masyarakat diharapkan untuk memberikan contoh dan teladan kepada semua warga agar mematuhi protokol kesehatan imbuh Mahfud Simak video Kapolri Kerumunan Massa Tanpa Protokol Kesehatan Timbulkan Keresahan Gambas Video 20detik Berikut pernyataan lengkap pemerintah yang disampaikan Mahfud Selanjutnya Halaman 1 2 habib rizieq pelanggaran protokol kesehatan mahfud md kerumunan,0,1,0.627,+no_signal_at_all,,,
HIGH (unexplained FP),tr11303,Pontianak Kubu Raya dan Mempawah Dapat Vaksin Corona Duluan Ini Alasannya kumparan com,Hi Pontianak Pelaksanaan pencanangan vaksinasi Sinovac di Kalimantan Barat akan dilakukan pertama oleh 10 orang pejabat dan tokoh masyarakat di Pendopo Gubernur pada Rabu 14 Januari 2021 “Pelaksanaan ini akan dimulai pada 13 Januari 2021 untuk tingkat nasional kemudian tingkat Provinsi pada 14 Januari 2021 Nanti ada 10 orang pimpinan dan tokoh masyarakat yang akan divaksin Tempat pelaksanaan ada di Pendopo Kalbar ” jelas Kepala Dinas Kesehatan Provinsi Kalbar Harisson Selasa 13 Januari 2021 Harisson juga mengungkapkan untuk Kabupaten Kota di Kalbar juga diharapkan untuk melakukan hal yang sama terkait pencanangan vaksinasi ini yang dapat dilakukan terhadap 10 orang pejabat hingga tokoh masyarakat Sebelumnya Harisson juga mengungkapkan pendistribusian vaksin corona ini akan dilakukan pada 13 Januari 2021 di 3 wilayah Kalbar yakni Kota Pontianak Kabupaten Kubu Raya dan Mempawah dengan jumlah 15 880 vial vaksin Sebanyak 2 480 vial vaksin disimpan di Dinas Kesehatan Provinsi Kalbar untuk menjadi stok Hingga saat ini jumlah vaksin yang sudah didistribusikan ke Provinsi Kalbar yakni berjumlah 18 360,0,1,0.547,+no_signal_at_all,,,
HIGH (unexplained FP),tr11512,Mayoritas Warga Jerman Dukung Pembatasan Corona Tapi Tidak di Masa Natal,Menteri Luar Negeri Jerman Heiko Maas memberikan saran bahwa aturan pembatasan COVID 19 harus dilonggarkan untuk warga negara yang telah disuntik vaksin COVID 19 demikian dilaporkan surat kabar Jerman Bild am Sonntag Orang yang divaksinasi harus dapat menggunakan hak dasarnya lagi kata Maas seraya menambahkan bahwa mereka harus bisa kembali pergi ke restoran dan bioskop Jika yang berada di restoran atau bioskop adalah orang yang sudah divaksinasi mereka tidak dapat lagi membahayakan satu sama lain ujarnya kepada surat kabar tersebut Namun saran yang dilontarkan Maas kontras dengan langkah langkah yang disetujui oleh kabinet dari partai Kanselir Jerman Angela Merkel Uni Demokrat Kristen CDU dan mitra koalisi mereka Partai Sosial Demokrat SPD Pemerintah federal Jerman menentang pelonggaran pembatasan bagi mereka yang telah menerima suntikan vaksin COVID 19 buatan farmasi Jerman Amerika Serikat BioNTech Pfizer Menteri Dalam Negeri Jerman Horst Seehofer sebelumnya memperingatkan bahwa pelonggaran pembatasan bagi orang yang sudah disuntik vaksin dapat menyebabkan perpecahan dalam masyarakat Namun Maas yang juga seorang politisi Partai SPD berargumen bahwa Ya itu akan menimbulkan ketimpangan dalam masa transisi tapi selama ada alasan yang objektif itu bisa dibenarkan secara konstitusional Dia menambahkan sarannya bukan soal keistimewaan Seseorang yang sudah disuntik vaksin tidak mengambil ventilator dari siapa pun Ini berarti bahwa setidaknya salah satu alasan utama untuk membatasi hak hak dasar tidak lagi berlaku Jerman telah memperpanjang langkah langkah pengunciannya lockdown untuk mengekang penyebaran virus corona setidaknya hingga akhir Januari Kanselir Merkel dan perdana menteri negara bagian akan membahas aturan pembatasan lebih lanjut pada hari Selasa 19 01 terkait jam malam dan kewajiban untuk bekerja dari rumah Jerman sejauh ini mencatat sedikitnya 2 019 636 kasus COVID 19 dan 45 974 kematian menurut data dari pusat pengendalian penyakit nasional Jerman Robert Koch Institute RKI Meskipun ada tindakan lockdown yang ketat jumlah kasus virus corona tetap tinggi di Jerman Pihak berwenang telah memulai program vaksinasi awal bulan ini pkp Reuters AFP dpa,0,1,0.715,+no_signal_at_all,,,
HIGH (unexplained FP),tr11605,Peringatkan Fase Baru Pandemi Penasihat Covid Dikritik Biden,Presiden Donald Trump mengkritik penasihat virus corona Gedung Putih Deborah Birx usai dia memperingatkan Amerika Serikat telah masuki fase baru pandemi Trump menyebut kondisi sebaliknya bahwa pandemi virus corona di AS sudah dapat dikendalikan Dia bahkan berpikir untuk membuka kembali sekolah dan bisnis Yah saya pikir kami baik baik saja dan kami telah melakukan dengan baik seperti halnya negara lain kata Trump kepada wartawan pada jumpa pers Senin 3 8 sore seperti dikutip dari CNN Trump menilai pernyataan Birx yang juga koordinator gugus tugas virus corona Gedung Putih itu bisa menjadi bumerang bagi pemerintah yang tengah berupaya melawan pandemi virus corona Birx diketahui mendapat serangan dari Ketua DPR Nancy Pelosi dan menganggapnya menyebarkan disinformasi Menurut Pelosi Trump selalu menyebarkan informasi yang salah tentang virus corona karena itu dia tidak percaya dengan Birx Jadi Crazy Nancy Pelosi mengatakan hal hal buruk tentang Deborah Birx menyerangnya karena dia terlalu positif pada tugas kami dalam memerangi Virus China termasuk vaksin dan terapi Namun untuk melawan Nancy Deborah justru menyambut umpan dan menyerang kami Menyedihkan kata Trump di Twitter Ini merupakan kali pertama Trump mengkritik Birx Sebelumnya dia dan sejumlah pejabat Gedung Putih lainnya lebih sering menyerang pakar penyakit menular Anthony Fauci Birx sebelumnya memperingatkan bahwa AS telah memasuki fase baru pandemi virus corona Dia mengatakan virus corona tak hanya mengancam kota kota besar tetapi juga ke daerah pedesaan Menurut dia apa yang terjadi saat ini berbeda dari Maret dan April Pandemi ini tersebar luas masuk ke daerah pedesaan begitupun daerah perkotaan Untuk semua orang yang tinggal di daerah pedesaan Anda tidak kebal atau terlindungi dari virus ini ujar Birx Kami berada dalam fase baru katanya menambahkan Dia menegaskan bahwa berpegang pada pedoman kesehatan dan keselamatan seperti mengenakan masker menjaga kebersihan pribadi dan menjaga jarak sangatlah penting AS menjadi negara paling terpapar parah virus corona di dunia Berdasarkan data statistik Worldometer hingga Selasa 4 8 AS memiliki 4 861 987 kasus virus corona dan 158 914 kematian,0,1,0.523,entity_substitution_missed,,,
HIGH (unexplained FP),tr11645,Tim WHO Tiba di Shanghai untuk Selidiki Asal usul Virus Corona,Panel tim ahli internasional Organisasi Kesehatan Dunia WHO tiba di kota Wuhan Provinsi Hubei pada hari ini Kamis 14 1 untuk meneliti asal usul virus corona Media China CGTN mewartakan jika Komisi Kesehatan Nasional mengharuskan tim WHO untuk mengikuti prosedur karantina selama dua pekan Setelah menyelesaikan karantina tim ahli WHO baru diizinkan terjun ke lapangan Tim WHO tiba di Wuhan setelah menempuh perjalanan dari Singapura Peter Ben Embarek ketua tim untuk misi WHO mengatakan jika mereka akan terlebih dahulu melakukan karantina di sebuah hotel sesuai dengan persyaratan imigrasi China Dan kemudian setelah dua minggu kami akan dapat berpindah pindah dan bertemu dengan rekan rekan China kami secara langsung dan pergi ke tempat tempat berbeda yang ingin kami kunjungi ujar Embarek seperti dilansir AFP Dia mengatakan jika perjalanan yang akan ditempuh tim WHO bisa menjadi sangat panjang sebelum mendapatkan pemahaman penuh tentang apa yang selama ini terjadi Selama ini China berpendapat bahwa meskipun Wuhan menjadi tempat yang pertama kali melaporkan kasus corona belum tentu virus itu berasal dari sana Saya tidak berpikir kami akan mendapatkan jawaban yang jelas setelah misi awal ini tetapi kami akan melanjutkannya ujarnya Idenya adalah untuk memasukkan sejumlah studi yang telah dirancang dan diputuskan beberapa bulan lalu agar kami lebih memahami apa yang terjadi China akhirnya mengizinkan tim pakar WHO untuk masuk negaranya demi meneliti virus yang telah menginfeksi lebih dari 91 juta orang di seluruh dunia Kunjungan ini sempat tertunda karena pemerintahan Presiden Xi Jinping belum menerbitkan izin masuk bagi tim gabungan yang berisi 10 orang tersebut Saat itu Direktur Jenderal WHO Tedros Adhanom Ghebreyesus beberapa sempat mengungkapkan kekecewaannya karena pemerintah China belum menerbitkan izin masuk bagi timnya itu Namun pemerintah China menampik hal itu dan menyebutnya sebagai sebuah kesalahpahaman Pada Agustus 2020 lalu tim pendahulu WHO telah merampungkan penyelidikan asal usul kemunculan Covid 19 di China Untuk itu WHO akan mengerahkan tim internasional ke Wuhan untuk melanjutkan penyelidikan bersama China,0,1,0.541,entity_substitution_missed,,,
HIGH (unexplained FP),tr11958,Golkar Kirim Bantuan Rp 4 75 M untuk Korban Bencana di Jakarta hingga Sulbar,Partai Golkar mengirim bantuan bencana yang terdiri dari bahan pangan hingga kebutuhan lainnya senilai Rp 4 75 Miliar Penyerahan bantuan itu ditujukan pada korban bencana banjir di Kalimantan Selatan Kalsel dan gempa di Sulawesi Barat Sulbar Saya mendorong bahwa seluruh bantuan yang diserahkan hari ini akumulatif yang sudah kita salurkan sebesar Rp 4 75 miliar nilainya kata Ketua Umum Partai Golkar Airlangga Hartarto di Gedung Studio Golkar Jakarta Jumat 22 1 2021 Airlangga menyebut Golkar sudah mengirim tim pertama di Sulawesi Barat dan Sulawesi Selatan Mereka sudah membuka posko dan menyediakan makanan untuk korban bencana Partai Golkar juga sudah mengirimkan tim pertama Jadi Golkar khusus yang di Sulbar dan Sulsel sudah membuka posko menyediakan makanan lebih dari 1 000 orang kata Airlangga Untuk pengiriman bantuan hari ini Golkar sudah menyiapkan bantuan untum Kalsel antara lain 4 ton beras 500 kilogram gula pasir minyak goreng sebanyak 500 kilogram telur 2 000 butir mie instan 500 kardus dan sarden 500 kaleng Untuk Sulbar antara lain tikar 200 terpal 200 selimut dan popok anak dan dewasa 150 dan tentu bahan makanan Selain bahan pangan Airlangga menyebut Golkar juga mengirimkan 2 mobil penjernih air ke Sulbar selama 5 hari Mobil penjernih air ini diperuntukkan untuk korban yang kesusahan mendapatkan air bersih Di sini dikirim mobil ammdes Alat Mekanis Multiguna Pedesaan bahwa kami mendengar di sana membutuhkan air Kami kirim 2 mobil penjernih air jadi dalam waktu lima hari ujar Airlangga,0,1,0.952,+no_signal_at_all,,,
HIGH (unexplained FP),tr12124,Jemaat Pastor Dites COVID Begini Penerapan Prokes di Katedral Jaksel,Gereja Katedral Jakarta Pusat melaksanakan ibadat misa Natal tatap muka Pelaksanaan misa Natal tatap muka di Katedral hanya dibatasi hingga 20 persen atau sekitar 309 jemaat Juru bicara Keuskupan Agung Katedral Susyana Suswadie memastikan seluruh jemaat yang hadir hari ini dalam kondisi sehat Mereka sudah mendaftar terlebih dahulu secara online Kalau untuk umat itu dipastikan bahwa umat dalam keadaan sehat saja ujar Susyana saat ditemui di Gereja Katedral Jumat 25 12 2020 Selain itu seluruh petugas hingga pastor diwajibkan melakukan tes swab antigen dan PCR Mereka yang bertugas selama Natal dipastikan bebas COVID 19 Tapi seluruh petugas lainnya terutama pastor itu melakukan swab antigen minimal Bahkan para pastor biasa melakukan PCR Dan dipastikan kami semua yang bertugas itu harus dalam keadaan bebas COVID 19 tuturnya Adapun jemaat harus melakukan sejumlah tahapan protokol kesehatan sebelum memasuki gereja Mulai mengecek suhu tubuh mencuci tangan disemprot disinfektan hingga terus menggunakan masker Sebagai contoh yang bisa mengikuti misa itu dibatasi rentang usia yaitu sekitar 18 59 tahun Kemudian yang kedua harus dalam keadaan sehat Umat melakukan tahap asesmen juga memiliki penyakit penyerta lebih baik tidak datang ke misa tatap muka tandas Susyana Sebanyak 12 gereja di Jakarta Pusat melaksanakan ibadat Natal tatap muka Polisi memastikan pelaksanaan ibadat misa Natal di 13 gereja tersebut dengan menerapkan protokol kesehatan dan kapasitas hanya 20 persen Ada 12 gereja yang melaksanakan ibadat tatap muka Tadi malam kita sudah lakukan pengecekan mereka melaksanakan protokol kesehatan isinya maksimal 20 persen dari kapasitas yang ditentukan kata Kapolres Metro Jakarta Pusat Kombes Heru Novianto saat dihubungi detikcom Jumat 25 12 Kegiatan ibadat tatap muka di gereja gereja hanya diisi 20 persen dari kapasitas Selebihnya mengikuti ibadat secara online yang disediakan oleh pihak gereja Seperti Katedral yang kapasitasnya 2 000 jemaat hanya laksanakan 250 jemaat kemudian Immanuel hanya melaksanakan 50 orang yang lainnya daring Ini cukup efektif karena gereja gereja kan sejak COVID 19 kan ditutup dan mereka laksanakan ibadat online Mereka menaati aturan gereja sendiri dan benar benar aman sambung Heru,0,1,0.715,entity_substitution_missed,,,
HIGH (unexplained FP),tr12140,Ini 24 Pemenang Lomba Jurnalistik Pertamina Wilayah Sumatra Bagian Barat,Pertamina mengumumkan daftar Anugerah Jurnalistik Pertamina AJP 2020 untuk wilayah Jawa Bagian Barat JBB Usai melalui proses seleksi ketat ditetapkan sebanyak 24 karya jurnalistik menjadi juara dalam 8 kategori lomba Executive General Manager Pertamina Regional JBB Werry Prayogi mengatakan sejak ajang AJP JBB 2020 diumumkan para jurnalis dari berbagai media mengirimkan karya terbaik mereka Proses seleksi karya disambut antusiasme yang luar biasa oleh insan pers di wilayah kerja Jawa Barat dan Banten AJP JBB 2020 kali ini mengusung tema Ketulusan Untuk melayani Melalui ajang ini PT Pertamina Persero melalui Regional Jawa Bagian Barat memberikan apresiasi terhadap insan pers khususnya di wilayah Jawa Barat dan Banten yang telah berkontribusi terhadap pemberitaan mengenai pelayanan Pertamina untuk masyarakat Terkumpul 318 karya jurnalistik dalam AJP 2020 khusus untuk wilayah Jawa Bagian Barat Semuanya berasal dari media cetak online radio maupun televisi Werry memberikan apresiasinya kepada insan pers yang sudah mengirimkan karya terbaiknya dalam mengikuti AJP 2020 untuk wilayah Jawa Bagian Barat Pencapaian Pertamina hingga saat ini tidak terlepas dari peran dari insan pers yang selalu mendukung dan mengkomunikasikan pelayanan dan kebijakan perusahaan dengan baik kepada masyarakat AJP 2020 ini menjadi bentuk apresiasi Pertamina kepada stakeholders perusahaan yaitu insan pers Selamat kepada para juara kata Werry dalam keterangan tertulis Sabtu 12 12 2020 Ia menyebut akhirnya ditetapkan sebanyak 24 karya jurnalistik menjadi juaranya Para juara berhak menerima hadiah berupa uang tunai Rp 7 juta untuk Juara 1 Rp 5 juta untuk juara 2 dan Rp 3 juta untuk Juara 3 Adapun total hadiah pemenang AJP JBB 2020 mencapai Rp 120 juta Dalam AJP 2020 ini Pertamina melibatkan dewan juri dari berbagai kalangan dan tentunya memiliki kemampuan mumpuni di bidangnya Mereka adalah Mamit Setiawan dari Direktur Eksekutif Energy Watch Endah Saptorini selaku Praktisi Media dan Beawiharta sebagai Visual Storyteller Selamat untuk para pemenang Semoga kita bisa berjaya dalam AJP di tingkat nasional ungkap Mamit Setiawan Sementara itu sebagai Praktisi Media Endah Saptorini memandang apa yang dilakukan Pertamina melalui AJP 2020 ini merupakan satu kesempatan bagi insan pers untuk membuktikan pengalamannya selama ini Sebagai veteran jurnalis saya harap para jurnalis bisa memanfaatkan lomba karya jurnalistik yang diselenggarakan Pertamina ini untuk memberikan karya terbaiknya tambah Endah Pesan lain juga disampaikan oleh Beawiharta Dia memberikan sedikit tips bagi para insan pers yang ingin mengikuti kompetisi karya jurnalistik seperti yang diselenggarakan Pertamina setiap tahun ini Pertama hal yang wajib diperhatikan adalah detail Detail tentang tulisan tanda baca hingga warna gambar yang akan disajikan Kedua kelancaran dalam menulis dan menggambarkan objek menjadi kunci pesan diterima oleh pembaca Lalu yang ketiga jurnalis harus lebih imajinatif Selamat belajar Ingat kita tidak hanya bekerja tetapi kita juga harus mengembangkan diri kita untuk bisa menjadi pribadi yang lebih baik pungkasnya Berikut Daftar Juara AJP 2020 untuk wilayah Jawa Bagian Barat 1 Kategori Hardnews Media CetakJUARA 1Nur Via Pahlawanita PERTASHOP PENUHI KEBUTUHAN ENERGI DESA Radar CirebonJUARA 2Lilis Sri Handayani PETROCHEMICAL COMPLEX DAPAT SERAP RIBUAN TENAGA KERJA RepublikaJUARA 3Epih Pahlapi KETERSEDIAAN ENERGI TANPA HENTI DI TENGAH PANDEMI Kabar Cirebon2 Kategori Feature Media CetakJUARA 1 Jejep Falahul Alam WARGA ANTUSIAS SAMBUT PROGRAM OVOO PERTAMINA Kabar CirebonJUARA 2Iing Casdirin SULAP KAMAR SUPER VIP JADI RUANG ISOLASI Rakyat CirebonJUARA 3Gana Buana MENJAGA ENERGI DI TENGAH PANDEMI Media Indonesia3 Kategori Media OnlineJUARA 1Noer Panji Prayitno CERITA KERJA KERAS DI BALIK NYALA KOMPOR GAS Liputan6 comJUARA 2Abdullah Fikri Ashri ARUNGI ARUS PANDEMI DEMI ANTAR ENERGI Kompas idJUARA 3Zulkarnain Finaldi MYPERTAMINA MY WISHFUL Kabarpriangan com4 Kategori Feature RadioJUARA 1Yulianti PEJUANG TANGGUH DARI LEPAS PANTAI RRI CirebonJUARA 2Nico Aquaresta PERTASHOP MEMBANTU PEREKONOMIAN MASYARAKAT DESA DAYEUHWANGI Radio Elshinta BandungJUARA 3Azi Satriya SEMANGAT PELAYANAN PRIMA SANG OPERATOR SPBU DI MASA PANDEMI COVID 19 RRI Cirebon5 Kategori Feature TVJUARA 1 Muhamad Syahri Romdhon MENGALIRKAN ENERGI DI TENGAH PANDEMI Kompas TVJUARA 2Dian Hardiana MENGANTAR BBM KE KONSUMEN LAYANAN PRIMA DARI PERTAMINA LKBN AntaraJUARA 3Fahrani MEMOMPA MIGAS UNTUK RAKYAT TVRI Jawa Barat6 Kategori Foto EssayJUARA 1Raiza Septianto BELI BBM TAK PERLU KE SPBU Radarbekasi idJUARA 2Adeng Bustomi PROGRAM PEMBERDAYAAN PETANI TENUN SUTRA LKBN AntaraJUARA 3Syamsuddin Syaban Nasoetion PROGRAM MENGAJAR DI SEKOLAH BERKEBUTUHAN KHUSUS Inilah com7 Kategori Publikasi CSRJUARA 1Debbie Sutrisno MEMBANGUN KEMANDIRIAN ANAK BERKEBUTUHAN KHUSUS DI TANAH PASUNDAN IDN TimesJUARA 2Tardiarto MELIHAT GELIAT PELESTARIAN TARI TOPENG SANGGAR MIMI RASINAH DI TENGAH COVID 19 Rakyat CirebonJUARA 3Tois Iskandar MANFAAT LIMBAH SERBUK KAYU BUDIDAYA JAMUR TIRAM RAUP UNTUNG PULUHAN JUTA MNC Group8 Kategori Program KemitraanJUARA 1Nur Via Pahlawanita DARI TANAH ABANG HINGGA KELILING KE LUAR NEGERI Radar CirebonJUARA 2Arif Budianto KAMPOENG RAJOET BINONG JATI MERAJUT MIMPI DI LUBANG ARON Sindonews comJUARA 3Kemal Setia Permana FESYEN KHAS IBUN DARI LAMPEGAN Tribun Jabar,0,1,0.579,entity_substitution_missed,,,
HIGH (unexplained FP),tr12273,DKI Pecah Rekor Lagi Ini Sebaran 66 619 Kasus Corona RI 8 Januari,Kasus positif Corona COVID 19 di DKI Jakarta pecah rekor lagi Tercatat 2 959 kasus positif baru yang ditemukan hari ini Data tersebut berasal dari Kementerian Kesehatan Kemenkes dan dipubilkasikan BNPB pada Jumat 8 1 2020 Selain DKI kasus positif baru yang tertinggi hari ini ada di Jawa Barat sebanyak 1 824 kasus dan Jawa Tengah sebanyak 1 071 kasus Pemerintah melaporkan kasus baru positif Corona secara nasional mencapai 10 617 kasus Jumlah kumulatif kasus positif Corona di Indonesia adalah 808 340 hingga hari ini Kemudian angka pasien sembuh Corona hari ini 7 446 kasus sehingga total keseluruhan 666 883 kasus Selanjutnya kasus meninggal dunia akibat Corona bertambah 233 kasus sehingga angka kematian pasien Corona di Indonesia hingga hari ini 23 753 kasus Pemerintah melaporkan sebanyak 66 619 spesimen terkait Corona COVID 19 telah diperiksa hari ini Jumlah spesimen yang diperiksa berasal dari 42 605 orang Jumlah kumulatif spesimen yang diperiksa hingga hari ini adalah 7 779 926 Kemudian jumlah kumulatif orang yang diperiksa 5 193 413 Data mencatat 33 provinsi melaporkan adanya temuan kasus baru positif Corona hari ini Hanya Maluku yang nihil kasus baru positif Corona hari ini Pemerintah hari ini juga memantau 69 121 kasus suspek Corona Virus Corona sudah menyebar di 34 provinsi dan 510 kabupaten kota Berikut sebaran 8 854 kasus positif baru Corona di RI per 8 Januari 2021 1 Aceh 42 kumulatif 8 878 2 Sumatera Utara 92 kumulatif 18 848 3 Sumatera Barat 167 kumulatif 24 322 4 Riau 192 kumulatif 26 032 5 Jambi 72 kumulatif 3 526 6 Sumatera Selatan 102 kumulatif 12 382 7 Bengkulu 32 kumulatif 3 974 8 Lampung 122 kumulatif 6 997 9 Bangka Belitung 75 kumulatif 2 838 10 Kepulauan Riau 26 kumulatif 7 212 11 DKI Jakarta 2 959 kumulatif 200 658 12 Jawa Barat 1 824 kumulatif 94 371 13 Jawa Tengah 1 071 kumulatif 89 637 14 DI Yogyakarta 379 kumulatif 14 346 15 Jawa Timur 1 025 kumulatif 90 615 16 Banten 253 kumulatif 19 966 17 Bali 231 kumulatif 18 874 18 Nusa Tenggara Barat 37 kumulatif 5 998 19 Nusa Tenggara Timur 51 kumulatif 2 450 20 Kalimantan Barat 33 kumulatif 3 727 21 Kalimantan Tengah 114 kumulatif 10 298 22 Kalimantan Selatan 89 kumulatif 15 861 23 Kalimantan Timur 512 kumulatif 29 724 24 Kalimantan Utara 63 kumulatif 4 694 25 Sulawesi Utara 77 kumulatif 10 158 26 Sulawesi Tengah 158 kumulatif 4 373 27 Sulawesi Selatan 588 kumulatif 35 348 28 Sulawesi Tenggara 62 kumulatif 8 245 29 Gorontalo 15 kumulatif 3 949 30 Sulawesi Barat 47 kumulatif 2 100 31 Maluku 0 kumulatif 5 826 32 Maluku Utara 12 kumulatif 2 875 33 Papua 70 kumulatif 13 555 34 Papua Barat 25 kumulatif 6 138 Tonton video Jubir Kemenkes Bicara soal Denda Tolak Vaksin Corona Gambas Video 20detik,0,1,0.877,+no_signal_at_all,,,
HIGH (unexplained FP),tr12296,Sambut Tahun Baru 2021 Ma ruf Amin Harap Kehidupan Sosial Ekonomi Cepat Pulih,Pergantian tahun 2020 ke 2021 tinggal beberapa jam lagi Pemerintah melarang masyarakat untuk merayakan momen tahun baru 2021 dengan berkerumun karena masih pandemi COVID 19 Wakil Presiden RI Ma ruf Amin meminta kepada masyarakat untuk menjadikan pergantian tahun baru sebagai momen instrospeksi diri Menurutnya perayaan baru sebaiknya dilakukan secara sederhana Tafakur untuk berintrospeksi atas kekurangan dan kelemahan diri Bersyukur atas keberhasilan yang diraih dan atas keselamatan diri keluarga dan bangsa dan berdoa untuk memohon petunjuk serta lindungan Allah subhanahu wa ta ala Tuhan Yang Maha Esa agar harapan dan rencana langkah ke depan dapat memberikan hasil manfaat dan maslahat yang lebih baik lagi dari sebelumnya ujar Ma ruf melalui keterangan tertulisnya Kamis 31 12 2020 Wapres Ma ruf mengajak seluruh masyarakat untuk senantiasa bekerja sama menghadapi tahun 2021 Sebab kata dia 2021 merupakan tahun penuh tantangan Mari kita kuatkan niat dan semangat untuk bekerja lebih baik dalam memasuki tahun 2021 yang penuh tantangan dengan keyakinan bahwa segala rintangan akan berhasil kita atasi dengan baik melalui kerja sama sinergi dan kolaborasi yang lebih erat antar semua elemen masyarakat dan bangsa katanya Ma ruf berharap pada 2021 mendatang pandemi COVID 19 dapat segera berakhir Selain itu dia berharap kondisi ekonomi juga dapat segera pulih Semoga dalam tahun 2021 pandemi COVID 19 ini dapat segera kita atasi sehingga kehidupan sosial ekonomi masyarakat segera pulih dan bangsa Indonesia mampu bangkit kembali untuk mewujudkan cita cita meraih kesejahteraan kemandirian keadilan dan kemajuan katanya Ma ruf kemudian mengimbau kepada masyarakat untuk senantiasa menerapkan protokol kesehatan Penerapan itu dilakukan dengan cara 3M mencuci tangan dengan sabun memakai masker dan menjaga jarak Tetap terapkan 3M Mencuci tangan menggunakan masker menjaga jarak serta menghindari kerumunan Dan dukung pelaksanaan program vaksinasi untuk menghentikan penularan Covid 19 imbuh Wapres Ma ruf,0,1,0.834,+no_signal_at_all,,,
HIGH (unexplained FP),tr12340,Wagub DKI Ahmad Riza Ajak Masyarakat Doakan Doni Monardo Sembuh dari COVID 19,Ketua Satuan Tugas Covid 19 Doni Monardo mengatakan pihaknya sudah meminta Gubernur DKI Jakarta Anies Baswedan untuk menerapkan peraturan daerah Perda terkait protokol kesehatan terhadap kerumunan massa di acara pimpinan FPI Rizieq Shihab Kami sudah hubungi Wagub Wakil Gubernur DKI Riza Patria dan tadi siang Gubernur Anies untuk betul betul bisa menerapkan perda sebagaimana yang telah tertuang aturan yang dibuat pemerintah DKI kata dia dalam konferensi pers secara daring Sabtu 14 11 Tak ketinggalan Doni juga mengajak para tokoh untuk bekerja sama dalam penegakan protokol kesehatan di acara tersebut Kami juga berharap semua tokoh tokoh yang ada bisa kerja sama agar kepatuhan porotkol kesehatan ini bukan karena ada sanksi tapi kesadaran kolektif untuk melindungi sendiri dan lainnya urainya Hal ini dikatakannya saat menjawab pertanyaan soal protokol kesehatan di acara Maulid Nabi Muhammad SAW sekaligus pernikahan putri Rizieq Shihab di Petamburan Jakarta malam ini Doni menyebut pihaknya sudah memberi bantuan kepada panitia acara berupa masker kain dan hand sanitizer Bantuan itu bukan hanya untuk menegakkan protokol kesehatan di lingkungan tersebut tapi bagian upaya untuk mengajak seluruh komponen sekitar menggunakan masker untuk dipakai lanjutnya Doni pun mengingatkan bahwa Covid 19 berbahaya terutama bagi kalangan lansia dan juga mereka yang sudah memiliki penyakit sebelumnya Mungkin bagi mereka yang berusia muda sehat apabila terpapar Covid relatif bisa sembuh tidak lama katanya Namun pengalaman kita ketika yang terpapar lansia dan penderita komorbid risikonya fatal Tidak sedikit saudara kita kelompok rentan akhirnya wafat imbuh dia Pihak Pemprov DKI lewat Kepala Satuan Polisi Pamong Praja Satpol PP DKI Jakarta Arifin sudah meminta Rizieq Shihab mematuhi protokol kesehatan saat menggelar pesta pernikahan putrinya Syarifh Najwa Shihab Sabtu 14 11 Sekali lagi saya selalu sampaikan saya imbau kegiatan aktivitas yang dilakukan masyarakat Jakarta harus berpedoman pada protokol Covid Harus begitu kata Arifin saat dihubungi Jumat 13 11 Sebelumnya dalam jumpa pers Sabtu 14 11 Kapolri Idham Azis mengeluarkan imbauan soal kepatuhan protokol kesehatan terkait kerumunan massa meskipun tidak menyinggung sanksi tegas terhadap pelanggar protokol kesehatan Insiden kerumunan massa yang bersifat massal dan tak menerapkan protokol kesehatan sendiri sudah terjadi sejak penyambutan kedatangan Rizieq Shihab dari Arab Saudi dan sejumlah acaranya DKI Jakarta sendiri masih memberlakukan Pembatasan Sosial Berskala Besar PSBB Transisi dengan dasar Perda yang mencantumkan sejumlah aturan terkait kepatuhan pada protokol kesehatan dan sanksinya,0,1,0.488,entity_substitution_missed,,,
HIGH (unexplained FP),tr12366,POPULER GLOBAL Qatar Ambil Langkah Berani Menormalisasi Hubungan dengan Israel | Sayap Ayam Beku Impor dari Brasil Positif Virus Corona,Populer global masih didominasi oleh pengumuman bersejarah antara Israel dan Uni Emirat Arab yang menormalisasi hubungan diplomatik mereka Selengkapnya dapat Anda simak berikut ini Uni Emirat Arab mengatakan pada Kamis 13 8 2020 bahwa bertekad untuk mengambil langkah berani yaitu menormalisasi hubungan dengan Israel sebagai solusi untuk Israel Palestina yang berkonflik sejak lama Sebagian besar negara akan melihat ini sebagai langkah berani untuk mengamankan solusi dua negara Israel Palestina memberikan waktu untuk negosiasi kata Menteri Luar Negeri UEA Anwar Gargash pada konferensi pers seperti yang dilansir dari AFP pada Kamis 13 8 2020 Ditanya kapan kedua negara akan membuka kedutaan dia mengatakan tidak ingin berspekulasi mengenai jangka waktu tapi ini pasti bukan waktu yang lama Sampel sayap ayam beku yang diimpor dari Brasil dinyatakan positif virus corona di kota Shenzhen China Pihak berwenang mengumumkannya pada Kamis 13 8 2020 dan menjadi kasus terbaru dalam serangkaian laporan produk makanan impor yang terkontaminasi Virus corona terdeteksi pada Rabu 12 8 2020 pada sampel permukaan yang diambil dari sekumpulan sayap ayam dalam pemeriksaan makanan beku impor di distrik Longgang Shenzhen,0,1,0.897,entity_substitution_missed,,,
HIGH (unexplained FP),tr12425,2 325 Kasus Baru Covid 19 Indonesia Kembali Catat Rekor Tertinggi,Indonesia kembali mencatat rekor penambahan harian pasien positif virus corona atau kasus baru Covid 19 Berdasarkan data pemerintah yang masuk hingga Jumat 28 8 2020 pukul 12 00 WIB tercatat ada penambahan pasien positif Covid 19 sebanyak 3 003 orang dalam 24 jam terakhir Angka tersebut merupakan penambahan kasus paling tinggi sejak pasien pertama Covid 19 diumumkan Presiden Joko Widodo pada 2 Maret lalu Penambahan 3 003 kasus baru merupakan hasil dari pemeriksaan 33 082 spesimen Dalam periode yang sama ada 16 649 orang yang diambil sampelnya untuk pemeriksaan spesimen Dengan demikian pasien Covid 19 di Indonesia kini mencapai 165 887 orang Informasi tersebut sampaikan Satuan Tugas Penanganan Covid 19 melalui data Badan Nasional Penanggulangan Bencana BNPB yang dikutip Kompas com Jumat sore Berdasarkan catatan Kompas com rekor penambahan kasus dalam sehari terjadi kemarin Kamis 27 8 2020 dengan 2 719 orang Serta juga terjadi pada 9 Juli 2020 dengan 2 657 orang dengan total kasus 70 736 orang Meski jumlah kasus Covid 19 terus bertambah pemerintah menumbuhkan harapan dengan mengungkapkan semakin banyaknya pasien yang sembuh Pada periode yang sama diketahui bahwa ada penambahan 2 325 pasien Covid 19 yang sembuh dalam sehari,0,1,0.915,+no_signal_at_all,,,
HIGH (unexplained FP),tr12428,Kapolda Jatim Siapkan Personel Gabungan Wujudkan Aman dan Patuh Prokes,Sebanyak 16 789 personel gabungan dari Polri TNI dan instansi terkait disiagakan dalam Operasi Lilin Semeru 2020 Operasi tersebut disiagakan dalam rangka menyambut Natal dan Tahun Baru Nataru 2021 Adapun rincian personel gabungan itu yakni Polda Jatim sebanyak 8 823 personel TNI menerjunkan 1 863 personel Pemda 3 346 personel serta elemen masyarakat 2 757 personel Seluruh personel tersebut akan ditempatkan pada 1 607 pos pengamanan di sejumlah tempat strategis Dalam apel Operasi Lilin Semeru itu hadir Forkopimda yakni Gubernur Jatim Khofifah Indar Parawansa Pangdam V Brawijaya Mayjen TNI Suharyanto dan Kapolda Jawa Timur Irjen Pol Dr Nico Afinta Sedangkan apel tersebut digelar di lapangan Mapolda Jatim Kapolda Jatim Irjen Nico Afinta dalam sambutannya gelar apel ini bertujuan untuk pengecekan seluruh personel Ia juga mengimbau agar masyarakat tetap bisa berperan dalam menjaga protokol kesehatan di tengan pandemi COVID 19 Apel gelar pasukan operasi lilin semeru 2020 ini untuk pengecekan akhir pengamanan Nataru Selain itu diharapkan semua pihak termasuk masyarakat bisa berperan aktif mematuhi Prokes sehingga kesehatan kita semua tetap bisa dijaga dengan baik ujar Nico Senin 21 12 2020 Sementara itu Gubernur Jatim Khofifah Indar Parawansa menyebutkan apel Operasi Lilin 2020 diselenggarakan secara serentak Adapun gelar pasukan ini merupakan pengecekan terakhir yang dilakukan sebelum Nataru Ini pengecekan akhir gelar pasukan sebelum pengamanan libur Nataru dari unsur TNI Pemda dan Mitra kantibmas kata Khofifah Khofifah menambahkan pada perayaan Nataru pada 2021 potensi penyebaran COVID 19 akan besar Untuk itu ia mengimbau agar masyarakat tetap mematuhi protokol kesehatan Tentunya dengantetap menerapkan protokol kesehatan guna mencegah penyebaran COVID 19 sehingga masyarakat dapat merayakan Natal dan Tahun Baru dengan rasa aman dan nyaman tandas Khofifah Operasi Lilin Semeru 2020 akan dilaksanakan selama 15 hari sejak tanggal 21 Desember 2020 Dan akan berakhir pada tanggal 4 Januari 2021,0,1,0.794,+no_signal_at_all,,,
HIGH (unexplained FP),tr12609,Cerita Prof Abdul Suntikkan Vaksin Corona ke Jokowi Bapak Tak Merasa Sakit,Momen Prof dr Abdul Muthalib Wakil Ketua Tim Dokter Kepresidenan RI menyuntikkan vaksin corona Sinovac ke Presiden Joko Widodo menjadi sorotan Tayangan yang fokus menyorot lengan presiden yang akan disuntik memperlihatkan tangan sang dokter yang gemetar Getaran tersebut lumayan hebat apalagi ketika sang profesor sempat menjatuhkan kapas yang ia gunakan untuk membersihkan lengan sang Presiden dengan alkohol Namun itu adalah hal biasa karena manusia memang wajar mengalami gemetaran alias tremor Tremor adalah kondisi gerakan gemetar yang tidak bisa dikendalikan dan terjadi secara berulang tanpa disadari dan terjadi di satu atau beberapa bagian tubuh Tremor paling sering terjadi di bagian tangan Adapun pemicunya biasanya adalah lelah lapar kedinginan marah takut gugup atau sedang mengalami kondisi emosional lain Tremor juga sering terjadi pada orang lanjut usia karena ini adalah salah satu tanda penuaan alami Bisa jadi yang dialami oleh Abdul Muthalib adalah rasa gugup karena menyuntik vaksin orang nomor satu di Indonesia dan disaksikan masyarakat Meskipun begitu Abdul Muthalib mengatakan bahwa proses penyuntikan berjalan lancar Menyuntik orang pertama di Indonesia ada rasa gemetar juga Tapi masalah itu tak jadi halangan buat saya untuk menyuntikkannya kata Prof Muthalib Waktu menyuntikkannya tidak masalah pertamanya saja agak gemetaran Bapak tidak ada pendarahan sama sekali di bekas suntikannya ceritanya Di sisi lain Presiden Jokowi juga mengatakan dirinya tidak merasa sakit sama sekali ketika disuntik Enggak terasa sama sekali ujar Jokowi sambil tertawa,0,1,0.781,+no_signal_at_all,,,
HIGH (unexplained FP),tr12709,Satgas Minta Kunjungan ke Pantai di Anyer Dibatasi Sampai Pukul 18 00 WIB,Polisi sudah berkoordinasi dengan pengelola pantai di Anyer Banten untuk membatasi kunjungan wisatawan sampai pukul 18 00 WIB Aparat gabungan bakal berpatroli di sepanjang Pantai Anyer Kapolres Cilegon AKBP Sigit Haryono mengatakan bakal patroli sore hari mengimbau wisatawan agar berhenti berenang dan nongkrong di pinggir pantai tepat pukul 18 00 WIB Untuk pantai nanti jam 6 petang sudah harus bersih artinya kami imbau kepada pemilik pengelola pantai dibatasi kunjungannya Soalnya kalau sudah gelap itu kan kita ngawasinnya susah kata Sigit saat dimintai konfirmasi Kamis 31 12 2020 Pembatasan jam berlibur wisatawan di pantai mengingat pandemi COVID 19 belum berakhir Polisi menilai pembatasan itu bakal efektif mengurangi kerumunan massa di pantai Polres Cilegon menerjunkan personel di sepanjang pantai Anyer untuk mengamankan wisatawan yang berlibur Selain itu wisatawan yang berlibur wajib menerapkan protokol kesehatan Dalam pelaksanaan di Anyer kami melaksanakan pengecekan kemudian penerapan protokol kesehatan kemudian nanti kalau ada kerumunan kerumunan dilakukan pembubaran pembubaran kata dia Polres Cilegon menurunkan 213 personel untuk mengamankan libur tahun baru 2021 Sigit menegaskan warga yang berada di wilayah hukum Polres Cilegon tidak boleh merayakan malam tahun baru seperti pesta kembang api konser musik dan aktivitas yang membuat kerumunan massa Untuk pengamanannya kita dari Polres dibantu Polda dari Polres menurunkan 213 personel kemudian dibantu BKO Polda ujarnya,0,1,0.796,entity_substitution_missed,,,
HIGH (unexplained FP),tr12845,Kalimat Ini Membuat Warga Malang Dijerat UU ITE,Polisi menangkap warga Paciran Kabupaten Lamongan karena menyebarkan berita hoaks Tersangka adalah Abdul Cholik yang sudah berusia 52 tahun Identitas tersangka bisa terungkap dari penyelidikan polisi Tersangka ditangkap di kampung halamannya di Paciran Lamongan Pesan hoaks itu sendiri menyebar luas sejak 14 Desember 2020 lalu Berikut isi pesannya Pemberitahuan Buat Saudara2 smua Untk Bsok mulai Tgl 15 25 Desember jangan Berpergian Dlu ke Kota Malang Himbauan Bpk Kapolresta Malang Siapapun yg Bukan Orang Malang klo Ada yg Masuk Ke kota Akan Dikarantina selama 14 hri Krn Malang masuk Zona Hitam skrg 🤦♂️🤦♂️ Mohon disebarkan Ke Tetangga dn Saudara2 Anda atau Tmn2 terdekat Di grup Anda 🙏🏻🙏🏻 Kapolresta Malang Kota Kombes Pol Leonardus Simarmata menuturkan tersangka dianggap telah melakukan tindak pidana berkaitan tentang setiap orang dengan sengaja dan tanpa hak mendistribusikan dan atau mentransmisikan dan atau membuat dapat diaksesnya informasi elektronik dan atau dokumen elektronik yang memiliki muatan penghinaan dan atau pencemaran nama baik Tersangka dijerat Pasal 14 Undang Undang Republik Indonesia Nomor 1 Tahun 1946 tentang berita bohong subsider Pasal 45 ayat 3 Undang Undang Republik Indonesia Nomor 19 Tahun 2016 tentang perubahan atas Undang Undang Nomor 11 Tahun 2008 tentang informasi dan transaksi elektronik dengan ancaman hukuman 6 tahun penjara tegas Leonardus dalam konferensi pers di Mapolresta Senin 21 12 2020 Berita bohong tersebut disebarkan melalui akun facebook pribadi tersangka Amar Senengan Ku pada 16 Desember 2020 Berita bohong disebarkan lewat akun facebook milik tersangka pada 16 Desember 2020 lalu tandas Leonardus,0,1,0.505,entity_substitution_missed,,,
HIGH (unexplained FP),tr12882,Mensos Juliari Tersangka Korupsi KPK Minta Program Bansos COVID Dibenahi,Indonesia Corruption Watch ICW menilai pengungkapan perkara korupsi yang menjerat Menteri Sosial Mensos Juliari Batubara sebagai momentum pemerintah memperbaiki program bansos COVID 19 ICW meminta agar pemerintah memperbaiki Pengadaan Barang dan Jasa PBJ terkait penanganan COVID 19 Peneliti ICW Almas Sjafrina mengatakan sejak awal telah memetakan potensi masalah dalam program bansos COVID tersebut Masalah tersebut setidaknya terkait PBJ yang dilakukan dengan metode penunjukan langsung dan distribusinya Terkait bansos masalah distribusi misalnya adanya pemotongan pungutan liar inclusion dan exclusion error akibat pendataan yang tidak update hingga politisasi kata Almas kepada wartawan Senin 7 12 2020 Salah satu dorongan kami adalah dengan membuat PBJ direncanakan serta dikelola secara transparan misalnya menginformasikan perencanaan pengadaan di Sistem Informasi Rencana Umum Pengadaan SIRUP dan mempublikasikan realisasi pengadaan imbuh Almas Dengan begitu kata dia publik dapat mengawasi apakah pengadaan dilakukan dengan mematuhi ketentuan pengadaan atau tidak Menurutnya kondisi darurat pada dasarnya bukan alasan untuk kemudian menutup informasi dan melakukan pengadaan di ruang gelap Sebab menurutnya pengadaan darurat mempunyai potensi terjadinya korupsi kolusi dan nepotisme yang cukup tinggi Almas mengungkap setidaknya terdapat empat masalah utama terkait dengan PBJ di tengah COVID 19 Masalah pertama kata Almas pemetaan atau identifikasi kebutuhan yang tidak berdasarkan kebutuhan lapangan Kedua terkait soal proses penunjukan vendor Kedua terjadi jual beli penunjukan penyedia dan Surat Perintah Kerja SPK dari Pejabat Pembuat Komitmen PPK Hal ini mengakibatkan penunjukan penyedia tidak sesuai dengan ketentuan penunjukan penyedia dalam keadaan darurat yaitu penyedia yang telah berpengalaman atau pernah menyediakan barang sejenis di instansi pemerintah atau penyedia dalam e katalog Penunjukan penyedia kemudian didasarkan suap atau adanya konflik kepentingan yang membawa keuntungan baik untuk PPK maupun pejabat terkait jelasnya Ketiga terkait potensi penyedia yang ditunjuk oleh PPK hanya penyedia yang mempunyai modal dan kemudian melakukan sub con pekerjaan utama kepada pihak atau perusahaan lain Almas menilai hal itu bisa menimbulkan pemahalan harga tak wajar atau mark up Fenomena ini tak hanya potensial terjadi dalam pengadaan darurat melainkan telah umum terjadi dalam PBJ kondisi normal Keempat melakukan pelunasan pembayaran padahal penyedia belum menyelesaikan pekerjaan atau belum dilakukan pemeriksaan yang memadai terhadap hasil pekerjaan katanya ICW mendesak kasus itu diusut tuntas Simak selengkapnya di halaman berikutnya,0,1,0.55,entity_substitution_missed,,,
HIGH (unexplained FP),tr12962,Satgas Sebut Kerumunan Perburuk Sebaran COVID 19 di Jawa Barat,Empat daerah di Banten yaitu Cilegon Kabupaten Serang Tangerang Selatan Tangsel dan Kota Tangerang kembali menjadi zona merah penyebaran COVID 19 Perubahan zona tersebut salah satunya karena semakin tidak disiplinnya masyarakat terhadap protokol kesehatan dan diperburuk kebiasaan berkerumun Masyarakat belum disiplin mematuhi protokol kesehatan hal ini diperburuk oleh perilaku masyarakat yang berkerumun sehingga meningkatkan risiko penularan kata Jubir Satgas COVID 19 Banten Ati Pramudji Hastuti Selasa 1 12 2020 Sejak diumumkan pandemi Corona pada sepuluh bulan lalu masyarakat juga semakin lengah dan mengabaikan protokol kesehatan Masyarakat kata dia seolah tidak memiliki empati padahal semakin banyak korban karena terpapar virus mematikan tersebut Sampai ruang isolasi dan ICU COVID RS dan tempat karantina pun sudah penuh tegasnya Ati menegaskan faktor berubahnya zona penyebaran juga disebabkan mobilitas masyarakat yang semakin massif Ia mencatat bahwa libur panjang dan cuti bersama bulan lalu jadi salah satu penyebab penyebaran di tengah masyarakat Di samping itu ditemukan kondisi bahwa masyarakat takut untuk melakukan tes Khususnya saat mereka mengalami gejala yang diindikasi Corona Padahal jika masyarakat dites dan positif akan dilakukan isolasi dan mencegah penularan kepada orang lain tegasnya Pada Senin 30 11 2020 pukul 18 00 WIB Satgas COVID 19 mengumumkan perubahan zona penyebaran virus Padahal hanya tinggal beberapa hari lagi akan diselenggarakan Pilkada Serentak 2020 Berdasarkan data Satgas khusus Kota Cilegon sudah dinyatakan zona merah sejak hampir dua pekan ke belakang Namun penambahan zona merah terjadi di Serang dan Tangsel setelah sebelumnya di zona oranye dalam beberapa pekan terakhir Hanya Kabupaten Pandeglang yang saat ini masih di zona oranye bagi daerah yang menyelenggarakan Pilkada Daerah ini memiliki pasien corona yang masih dirawat sebanyak 72 orang sembuh 260 orang dan meninggal 11 orang Di Kabupaten Serang jumlah pasien masih dirawat masih 262 orang Kota Cilegon 78 orang dan Tangsel di angka 453 orang Jumlah total kasus COVID 19 se Banten sendiri dari delapan kabupaten kota yaitu 13 339 kasus dengan jumlah pasien masih dirawat sebanyak 2 021 orang,0,1,0.556,entity_substitution_missed,,,
HIGH (unexplained FP),tr13136,Menu Motor Matik Bekas di Bawah Rp 10 Juta belum Dapat Unit Tahun Muda,Penjualan sepeda motor bekas diklaim pedagang mengalami peningkatan dibandingkan saat awal pandemi Covid 19 Akan tetapi untuk harga jual sepeda motor seken belum bisa pulih yakni masih di bawah harga normal Sejak awal pandemi harga motor bekas memang mengalami penurunan yakni mulai Rp 2 juta hingga Rp 4 juta Penurunan yang terjadi ini disebabkan karena banyaknya stok dan juga banyak pemilik kendaraan yang memilih menjualnya Nugroho Dwi Prastiko pemilik diler motor bekas di Solo mengatakan kondisi penjualan motor bekas memang sudah lebih baik jika dibandingkan sebelumnya “Sudah ada peningkatan tetapi kalau dibandingkan sebelum ada Corona tetap masih masih di bawahnya Harganya juga sudah mulai stabil tapi ya tetap di bawah harga normalnya ” ujar Nugroho kepada Kompas com Rabu 11 8 2020 Nugroho juga mengatakan tipe motor yang masih banyak dibeli konsumen adalah jenis matik Sepeda motor ini memang begitu diminati calon pembeli terutama yang sudah injeksi dan harganya di bawah Rp 10 juta Nugroho mengatakan ada banyak pilihan jenis motor yang di bawah Rp 10 juta Seperti Yamaha Mio Z 125 keluaran 2016 harganya hanya berkisar Rp 7 juta “Dulu harga normalnya bisa sampai Rp 9 juta tetapi sekarang turun Rp 2 juta Untuk Yamaha Fino juga harganya menjadi Rp 8 5 juta padahal dulu masih Rp 10 5 juta ” ucapnya Ada juga dari pabrikan Suzuki yakni Nex II keluaran tahun 2018 2019 harga jual maksimal Rp 7 8 juta saja,0,1,0.765,+no_signal_at_all,,,
HIGH (unexplained FP),tr13180,Sekolah Buka Lagi 2021 Tito Jangan Sampai Anak anak Euforia,Gubernur Sumatera Utara Gubsu Edy Rahmayadi belum mengizinkan sekolah menggelar sistem belajar tatap muka Pemprov Sumut mempertimbangkan situasi pandemi Corona yang semakin memburuk Edy khawatir bila sekolah tatap muka tetap dipaksakan maka penyebaran virus Corona akan tidak terkendali Ia tak ingin mengambil risiko Tolong beri tahu ini ini menjadi polemik Kesehatan ini sangat berbahaya apabila anak anak kita sekolah kata Edy di SMAN 1 Medan Rabu 20 1 2021 Edy mengomentari para orang tua siswa yang sulit sekali mematuhi protokol kesehatan Salah satunya terkait masker Ia menduga bila para orang tua saja enggan menerapkan 3M menjaga jarak memakai masker dan mencuci tangan maka anak anak mereka akan sangat berisiko terpapar COVID Orang tuanya saja susah diatur untuk disiplin 3M itu protokol kesehatan apalagi anak anaknya Pakai masker nanti tidak pakai dia dia main main di sini dia kena terpapar pulang kena orang tua kena kakeknya kena temannya habis nanti kita ujar Edy Jumlah kasus di Sumatera Utara hampir menembus 19 ribu kasus Edy khawatir rumah sakit tak mampu lagi menampung pasien Corona Edy dan jajarannya akan terus membahas terkait sekolah tatap muka Pemprov Sumut akan mengevaluasi kebijakan itu kembali pada Maret 2021 Tolong pahami semua Sabar dulu nanti di bulan Maret saya akan evaluasi kembali Soal pendidikan jangan tanya sama orang politik jangan sama orang ekonomi Sama ahli ahlinya Dokter anak psikologi anak sehingga dia mempelajari pasti dampak dari tidak dilakukannya 3M itu tutur Edy Sebelumnya sempat beredar kabar Edy memarahi ulama asal Mandailing Natal Madina karena meminta sekolah dibuka untuk belajar tatap muka Edy pun menepis dirinya memarahi ulama Dia mengatakan dirinya hanya menjelaskan alasan belum memberi izin sekolah dibuka Kondisi COVID 19 di Sumatera Utara itu perlu perhatian khusus sampai sampai pemerintah menggelontorkan vaksin kepada tenaga kesehatan kita Ini yang sedang berjalan Sehingga bisa kita bayangkan ini kalau sekolah dibuka orang tua kita saja masih sulit melakukan protokol kesehatan khususnya menggunakan masker apalagi anak anak kita Itulah yang saya jelaskan ucapnya Senin 18 1 Tetapi masih tidak terima Kalau tidak terima pulang ini adalah wewenang saya sambung Edy,0,1,0.476,entity_substitution_missed,,,
HIGH (unexplained FP),tr13279,KPU Minta Yuri Tetap Pakai Tinta Celup Tak Tularkan Corona,Direktur Jenderal Pencegahan dan Pengendalian Penyakit Kementerian Kesehatan Achmad Yurianto mengkritik langkah Komisi Pemilihan Umum KPU yang mengganti tinta celup dengan tinta oles dalam Pilkada serentak 2020 Tinta biasa digunakan petugas TPS untuk menandakan warga telah menggunakan hak pilihnya dalam pemilihan Dari sekian kali penyelenggaraan warga menyelupkan jari tangannya ke dalam wadah yang berisi tinta Awalnya Yurianto mengikuti simulasi Pilkada serentak 2020 di Kantor KPU Rabu 22 7 Ia mengecek protokol kesehatan pencegahan virus corona Covid 19 yang diterapkan dalam pesta demokrasi kali ini Yurianto ditemani Juru Bicara Satuan Tugas Penanganan Covid 19 Wiku Adisasmito Mereka pun mengikuti alur dalam pemilihan hingga keluar TPS Di pengujung simulasi Yurianto menilai KPU salah kaprah dalam mengganti tinta celup dengan tinta yang dioleskan oleh petugas di TPS Virus itu hanya masuk lewat saluran pernapasan tidak masuk lewat jari kata Yurianto kepada dua Komisioner KPU RI Ilham Saputra dan I Dewa Raka Sandi Menanggapi Yurianto Dewa mengatakan pihaknya sengaja mengganti pemberian tanda menggunakan tinta yang dioleskan di tengah pandemi virus corona Ia mengaku pihaknya ingin menghindari potensi penularan yang mungkin terjadi saat pemilih menggunakan tinta celup yang sama Takutnya juga orang jadi tidak mau mencelupkan jarinya kata Dewa Namun Yurianto menyatakan langkah mengganti tinta celup dengan tinta yang dioles lebih rentan terjadi penularan virus corona Menurutnya jumlah petugas di dalam TPS akan bertambah karena harus mengoleskan tinta Mantan juru bicara pemerintah untuk penanganan Covid 19 itu menyarankan KPU agar kembali menggunakan tinta celup Di saat yang sama KPU diminta menggencarkan sosialisasi bahwa hal itu tak akan jadi media penularan virus Mungkin disiapkan saja kayak yang model lama yang dicelupkan tapi dari awal sudah kita sampaikan bahwa tidak akan menular melalui tinta ujarnya Hari ini KPU RI menggelar simulasi Pilkada Serentak 2020 dengan menerapkan protokol kesehatan pencegahan Covid 19 Simulasi dilakukan dengan 500 peserta yang berasal dari pegawai KPU pemantau pemilu media massa dan perwakilan pemerintah Pilkada serentak 2020 akan digelar 9 Desember mendatang Pemilihan ini akan jadi pilkada terbesar sepanjang sejarah pemilu Indonesia karena menyerentakkan 270 daerah,0,1,0.58,entity_substitution_missed+no_signal_at_all,,,
HIGH (unexplained FP),tr13317,PSBB Total Dinilai Jelas Anies Gagal Rangkul Bodetabek,Wali Kota Bogor Bima Arya mengungkapkan belum ada kesepakatan apapun dalam rapat antara sejumlah kepala daerah wilayah penyangga dengan Gubernur DKI Jakarta Anies Baswedan mengenai PSBB total di ibu kota Dalam rapat itu kata Bima Kepala daerah se Jabodetabek meminta agar DKI terlebih dulu berkoordinasi dengan pemerintah pusat untuk menyempurnakan konsep dan rumusan PSBB Total tersebut Jadi sebetulnya belum ada langkah langkah detail dari Pak Gubernur yang disampaikan ke kita Jadi pak gubernur sepertinya harus berkoordinasi dulu dengan pemerintah pusat hari Sabtu Baru kemudian Senin Pak Gubernur koordinasi lagi dengan kita ucap Bima lewat sambungan telepon kepada CNNIndonesia com Kamis 10 9 malam Anies menggelar rapat dengan para kepala daerah penyangga pada Kamis 10 9 sehari setelah ia mengumumkan rencana menerapkan PSBB secara total di ibu kota Rapat bertujuan agar ada sinkronisasi kebijakan antara DKI dan daerah penyangga dalam penanggulangan wabah virus corona Covid 19 Rapat itu dihadiri Gubernur Jawa Barat Ridwan Kamil Gubernur Banten Wahidin Halim Bima Arya dan kepala daerah Bekasi Bogor Depok Tangerang Bima berdasarkan apa yang dibicarakan dalam rapat tersebut menilai bahwa PSBB total yang akan diterapkan Anies di ibu kota tak punya rencana yang jelas Dari Jakarta sendiri belum jelas PSBB total seperti apa Apakah lockdown total itu yang belum clear Masih perlu difinalisasi lagi Jadi setelah konsepnya jelas baru berkoordinasi lagi ujar Bima Bima mengatakan hasil rapat belum mengambil keputusan apapun termasuk kemungkinan daerah penyangga Ibu Kota bakal mengikuti langkah serupa dengan menerapkan PSBB Total Karena ketidakjelasan itu Anies diminta berkoordinasi dengan pemerintah pusat Sedianya koordinasi akan dilakukan Sabtu 12 9 esok kemudian dilanjutkan dengan kembali menggelar rapat se Jabodetabek pada Senin 14 9 CNNIndonesia com telah menghubungi Gubernur Jawa Barat Ridwan Kamil untuk mengkonfirmasi hasil pertemuan dengan Anies namun pesan singkat kepadanya belum mendapat respons Sekda Jawa Barat Setiawan Wangsaatmaja juga belum merespons Sikap serupa juga dari Wakil Gubernur DKI Jakarta Ahmad Riza Patria Riza belum merespons pesan singkat CNNIndonesia com ihwal hasil rapat koordinasi kemarin Sementara itu Wali kota Tangerang Selatan Benyamin Davnie belum akan mengikuti Pemprov DKI kembali menerapkan PSBB secara total Untuk PSBB di Tangsel sudah diatur dalam peraturan Wali Kota walau tidak seketat di DKI Masih bisa dikendalikan ujar Benyamin kepada CNNIndonesia com Kamis 10 9 Namun Pemerintah Kota Pemkot Bekasi Jawa Barat tidak menutup kemungkinan untuk mengikuti kebijakan Pemprov DKI Jakarta yang kembali menerapkan Pembatasan Sosial Berskala Besar PSBB Pemkot Bekasi tidak akan menutup kemungkinan akan melakukan hal serupa seperti di DKI Jakarta yang memperketat PSBB kata Wali Kota Bekasi Rahmat Effendi dalam keterangan tertulis Bima sendiri dengan tegas menolak Kota Bogor mengikuti PSBB Total seperti DKI Alasan Bima PSBB total seperti ditempuh Anies tidak efektif menekan laju kasus Covid 19Politisi PAN itu menyebut pihaknya memiliki konsep lain untuk mengatasi penyebaran Covid 19 di Kota Hujan Cara itu yakni Pembatasan Sosial Berskala Mikro dan Komunitas PSBMK yang kini diterapkan di Kota Bogor Alasan lain penolakan dari Kota Bogor mempertimbangkan anggaran pemerintah Kika sejumlah daerah terutama se Jabodetabek kembali menerapkan PSBB Total ia pesimis pemerintah pusat memiliki cukup anggaran Pemerintah pusat siap enggak mengucurkan tambahan bansos APBD siap enggak TNI Polri siap enggak Kalau enggak siap enggak usah kata Bima tegas Anies pada Rabu 9 9 mengumumkan rencananya kembali menerapkan PSBB di Jakarta PSBB yang akan diterapkan secara total itu disebutnya mulai berlaku per 14 September PSBB secara total merupakan respons Anies atas perkembangan kasus Covid 19 di Jakarta yang mengkhawatirkan Anies bilang dalam beberapa pekan terakhir kasus positif Covid 19 dan kematian mengalami lonjakan Dengan penerapan PSBB total tersebut Pemprov DKI Jakarta rencananya akan kembali menutup sejumlah fasilitas publik seperti perkantoran tempat hiburan atau wisata restoran termasuk tempat ibadah PSBB total akan mengembalikan kondisi Jakarta seperti pada masa awal pandemi ketikaAnies pertama kali menerapkan PSBB pada 10 April Saat itu PSBB di Jakarta diikuti oleh daerah penyangga Sejumlah fasilitas umum pun ditutup kegiatan sekolah dan perkantoran dilakukan dari rumah pembatasan transportasi dan hanya mengizinkan 11 sektor untuk beroperasi selama PSBB Pemprov DKI hanya mengizinkan 11 sektor usaha yakni itu adalah kesehatan bahan pangan energi komunikasi dan teknologi informasi keuangan logistik perhotelan konstruksi publik dan industri yang ditetapkan sebagai objek vital nasional dan objek tertentu serta kebutuhan sehari hari,0,1,0.873,entity_substitution_missed,,,
HIGH (unexplained FP),tr13342,Muradi Nilai Kinerja Risma dan Budi Gunadi tak Akan Paling Disorot,Presiden Joko Widodo mengumumkan formasi anyar Kabinet Maju dari Istana Negara Jakarta Pusat pada Selasa 22 12 Enam tokoh diperkenalkan sebagai menteri baru mulai dari Sandiaga Uno hingga Tri Rismaharani Pengamat sekaligus Guru Besar Ilmu Politik dan Keamanan Unpad Muradi menilai ada dua menteri yang kinerjanya akan sangat disorot di tengah pandemi COVID 19 ini Yakni Menteri Sosial Tri Rismaharani atau yang akrab disapa Risma dan Menteri Kesehatan yang kini dijabat oleh Budi Gunadi Sadikin Yang paling krusial dari enam menteri itu ada yakni kesehatan dan sosial untuk pandemi Kalau dia jalan tidak cukup cepat dan responsif dengan dinamika yang ada di pemerintahan saya kira mereka akan kedodoran ujar Muradi saat dihubungi detikcom Selasa 22 12 Seperti diketahui eks Menteri Sosial Juliari Batubara dicopot dari jabatannya karena tersandung kasus paket bansos COVID 19 Sedangkan eks Menteri Kesehatan Terawan dilepas dari jabatannya diduga karena berhubungan dengan masalah penanganan COVID 19 di Indonesia Bagi bu Risma tantangannya adalah bagaimana menata kelola jajaran direktur ke bawah karena di sana ada peluang terjadinya penyimpangan katanya Ini merupakan pertaruhan bagi pak Jokowi dengan enam orang ini akan mampu menaikkan kinerja yang lebih baik atau tidak Karena beberapa menteri sempat ramai bakal direshuffle ternyata Mendikbud enggak Mendagri enggak memang ada evaluasi ya tapi sifatnya normatif untuk peningkatan kinerja saya kira ini pertaruhan pak Jokowi agar kabinetnya lebih efektif tutur Muradi Salah satu nama yang mengejutkan publik adalah Sandiaga Uno Sandiaga Uno menjadi menteri baru Jokowi untuk Kementerian Pariwisata dan Ekonomi Kreatif menggantikan Wishnutama Selain itu kejutan lain ialah Ketum GP Ansior Yaqut Cholil Qoumas menjadi Menteri Agama RI menggantikan Fachrul Razi Total ada 6 menteri baru Presiden Jokowi dalam reshuffle pertama Kabinet Indonesia Maju Berikut ini nama nama menteri baru Jokowi yang dikenalkan sore ini Menteri Sosial Tri RismahariniMenteri Kelautan dan Perikanan Sakti Wahyu TrenggonoMenteri Pariwisata dan Ekonomi Kreatif Sandiaga UnoMenteri Perdagangan M LutfhiMenteri Agama Yaqut Cholil QoumasMenteri Kesehatan Budi Gunadi Sadikin,0,1,0.589,+no_signal_at_all,,,
HIGH (unexplained FP),tr13412,Menkes Sebut Akan Gelar Vaksinasi Corona Tanpa Izin BPOM,Menteri Kesehatan Menkes Budi Gunadi Sadikin menegaskan pemerintah tidak akan memulai vaksinasi Covid 19 jika tidak mendapat restu dari Badan Pengawas Obat dan Makanan BPOM Sebab BPOM adalah lembaga independen yang berwenang menentukan vaksin boleh digunakan atau tidak Kita tidak akan melakukan vaksinasi sebelum approval BPOM keluar kata Budi dalam jumpa pers di Istana Kepresidenan Jakarta Senin 11 1 Budi bersyukur Majelis Ulama Indonesia MUI telah menyatakan vaksin Sinovac halal dan suci Dengan begitu penggunaan vaksin tinggal menunggu izin penggunaan darurat dari BPOM Mantan Direktur Utama Bank Mandiri itu jug berharap BPOM bisa segera menerbitkan keputusan agar pihaknya segera menjalankan vaksinasi Karena kita tidak mungkin saya ulangi sekali lagi pemerintah tidak akan mendahului persetujuan dari BPOM ujar Budi Budi kembali menyampaikan pemerintah berencana memulai vaksinasi pada Rabu 13 1 Presiden Joko Widodo akan jadi orang pertama yang disuntik vaksin Covid 19 di Indonesia Sementara itu penggunaan vaksin Sinovac masih menunggu izin penggunaan darurat dari BPOM Rencananya mereka akan mengumumkan keputusan soal izin tersebut sore ini,0,1,0.937,+no_signal_at_all,,,
HIGH (unexplained FP),tr13686,Ahok Dikritik Bawa Jenazah Sekda Saefullah ke Balai Kota,Koordinator Forum Warga Kota Jakarta Azas Tigor Nainggolan mengkritik langkah Gubernur DKI Anies Baswedan membawa jenazah Sekretaris Daerah DKI Jakarta Saefullah yang meninggal dunia karena positif Covid 19 ke Balai Kota DKI Jakarta Rabu 16 9 Meski jenazah Saefullah tetap berada di dalam peti dan tidak dikeluarkan dari mobil ambulans Tigor menilai langkah tersebut berbahaya Itu pun tak menjadi contoh yang baik bagi masyarakat dalam rangka pemulasaraan jenazah Covid 19 Seseorang yang positif corona seharusnya langsung dibawa dan dimakamkan segera sesuai protokol kesehatan masa pandemi Covid 19 kata Tigor dalam keterangan tertulisnya yang diterima CNNIndonesia com Kamis 17 9 Tigor mempertanyakan alasan Anies mengenai pemberian penghormatan terakhir kepada Saefullah yang dilakukan di Halaman Balai Kota DKI Menurut dia andai Anies memang ingin memberikan penghormatan terakhir gubernur DKI itu bisa saja mendatangi rumah sakit tempat Saefullah sempat dirawat sebelum meninggal dunia Kerumunan orang yang hadir dalam prosesi pemberian penghormatan terakhir kepada mendiang Saefullah di Balai KOta DKI itu turut disorot Tigor Ia khawatir seremoni tersebut justru memunculkan klaster baru penyebaran Covid 19 Ia pun meminta agar Menteri Kesehatan Terawan Agus Putranto dan Ketua Satgas Penanganan Covid 19 Doni Monardo untuk segera menegur Anies Menteri Kesehatan dan Ketua Gugus Tugas penanganan Covid 19 harus menegur keras perilaku Anies Baswedan yang membawa jenazah Sekda Saefullah ke Balai Kota yang wafat positif Covid 19 karena melanggar protokol kesehatan melanggar hukum dan membahayakan rakyat ujarnya Juga memerintahkan semua yang hadir di Balai Kota untuk diperiksa dan diwajibkan karantina dua minggu di rumah sakit seperti yang dikatakan Anies Baswedan saat menetapkan Jakarta kembali ke PSBB awal pada hari Minggu 13 September 2020 kata tambahnya Kritik serupa juga dilancarkan Anggota Komisi B DPRD DKI Jakarta Gilbert Simanjuntak Menurut Gilbert Anies harus menjelaskan kepada publik mengenai keputusannya membawa jenazah Saefullah ke Balai Kota Kalau sesuai aturan seharusnya tidak diperkenankan Karena semua jenazah yang mengidap Covid harus langsung dibawa dari RS ke kuburan papar Gilbert Menurut Gilbert seharusnya prosesi tersebut tidak menimbulkan klaster baru Sebab jenazah Saefullah juga sudah dibungkus plastik dan ditaruh di peti serta tidak diturunkan dari mobil ambulans Dari segi penularan kalau jenazah sudah dibungkus plastik dan peti mati juga maka hampir tidak mungkin menular Saya dengar tidak diturunkan dari mobil ambulans ujar Gilbert Hanya mungkin Gubernur harus beri penjelasan apakah memang diperbolehkan melanggar peraturan kalau pejabat aktif yang meninggal Yang jawab Anies karena itu Pergub tambahnya Sementara itu Kepala Badan Kepegawaian Daerah BKD Chaidir menjelaskan proses pemberian penghormatan terakhir itu sudah menggunakan protokol kesehatan yang ada Apalagi sambungnya peti yang menyimpan jenazah Saefullah juga tidak diturunkan sama sekali dari ambulans Begini yang pertama jenazah di dalam ambulans sudah mengikuti protokol Covid dan jenazah tidak diturunkan semua sudah mengikuti prokotol kesehatan tidak ada yang dilanggar jenazah tertutup dalam peti dalam ambulans yang rapat enggak ada masalah ujar Chaidir Selain itu kata Chaidir tata cara pelepasan seorang pejabat aktif juga sudah memiliki aturan Salah satu aturan tersebut tertera di dalam Perda Nomor 9 Tahun 2004 tentang Keprotokolan di Provinsi DKI Jakarta Tata cara pelepasan itu memang ada aturannya beliau pejabat yang berwenang dan aktif tidak pensiun dan beliau waktu menjelang sakit masih rapat paripurna kelaziman tata cara kita dalam pemerintahan ketika pejabat aktif kalau menggunakan prosedur protokol ketentuan kita harus melepas jelasnya Untuk diketahui jenazah Sekretaris DKI Jakarta Saefullah yang wafat usai positif terinfeksi virus corona sempat dibawa ke Balai Kota untuk diberikan penghormatan terakhir oleh Gubernur Anies Baswedan dan beberapa pejabat lainnya Penghormatan terakhir itu dilakukan di halaman Balai Kota DKI Jakarta Jakarta Pusat Ketua DPRD DKI Jakarta Prasetyo Edi Marsudi turut hadir Beberapa pejabat Pemprov DKI Jakarta pun turut serta termasuk Wakil Gubernur Ahmad Riza Patria Saefullah sendiri meninggal setelah beberapa waktu menjalani perawatan perawatan intensif di rumah sakit karena positif terinfeksi Covid 19,0,1,0.696,entity_substitution_missed,,,
HIGH (unexplained FP),tr14213,RI Amankan Kuota 50 Juta Vaksin Corona Sinovac dan 50 Juta Novavax,Pemerintah Indonesia resmi menjalin kerja sama dengan produsen vaksin Corona AstraZeneca dan Novavax Pemerintah menyatakan akan mendapatkan masing masing 50 juta dosis dari kedua produsen vaksin Corona tersebut Selain vaksin Sinovac hari ini kita kita juga berhasil mengamankan suplai vaksin yaitu dari AstraZeneca dan Novavax Masing masing sebesar 50 juta dosis kata Menlu Retno Marsudi dalam konferensi pers yang disiarkan di YouTube Bio Farma Rabu 30 12 2020 Penandatangan kesepakatan kerja sama dengan AstraZeneca dan Novavax tersebut dilakukan hari ini Selanjutnya Retno mengatakan pemerintah akan berkoordinasi dengan WHO hingga GAVI perihal proses pengamanan vaksin tersebut Dari track multilateral diplomacy kita terus bekerja berkomunikasi dan berkoordinasi dengan WHO GAVI dan lain lain Dalam rangka mengamankan akses vaksin melalui mekanisme COVAX AMC Advance Market Commitment dengan range perkiraan perolehan adalah 3 20 persen jumlah penduduk Kita terus akan kawal proses ini ujar Retno Retno mengatakan Indonesia termasuk satu dari sedikit negara yang telah mengamankan vaksin tersebut Ia juga menyebut bakal ada 1 8 juta vaksin Corona Sinovac datang lagi ke Indonesia pada Kamis 31 12 Insyaallah besok akan tiba kembali vaksin Sinovac sejumlah 1 8 juta Dengan ketibaan ini sudah 3 juta vaksin Sinovac berada di Indonesia tuturnya Tonton video Update Menkes Budi soal Pengadaan 5 Vaksin Corona Gambas Video 20detik,0,1,0.915,+no_signal_at_all,,,
HIGH (unexplained FP),tr14272,Corona Jakarta Melonjak 2 858 Kasus sejak Long Weekend,Kepala Bidang Pencegahan dan Pengendalian Penyakit Dinas Kesehatan Provinsi DKI Jakarta Dwi Oktavia menyatakan kasus positif virus corona Covid 19 di wilayah DKI Jakarta bertambah bertambah 1 114 kasus Dengan demikian kasus positif di Jakarta menjadi 39 037 kasus Hari ini pada Minggu 30 8 jumlah kasus positif mencapai angka 1 114 Dari jumlah tersebut 385 kasus adalah akumulasi data 7 hari sebelumnya yang baru dilaporkan yang mana sebagian besar terpapar COVID 19 saat libur panjang akhir pekan long weekend kata Dwi dalam keterangan resminya Minggu 30 8 Lebih lanjut Dwi menyatakan data dari Dinas Kesehatan Pemerintah Provinsi DKI Jakarta 70 persen kasus positif pada hari ini adalah kasus yang diambil spesimen pada tanggal 24 dan 25 Agustus 2020 Apabila dihitung mundur masa inkubasi virus corona tersering adalah 6 hari Lalu pasien mengakses pemeriksaan PCR 1 2 hari kemudian maka periode penularan tertinggi terjadi pada 16 17 Agustus 2020 Angka pengambilan spesimen pada 27 Agustus juga cukup tinggi perlu dipertimbangkan efek long weekend 2 minggu berturut turut Perlu adanya kewaspadaan dan usah bersama baik oleh Pemerintah maupun masyarakat dalam melihat tren kenaikan kasus ini kata dia Selain itu Dwi menyampaikan penambahan kasus hari ini disumbang sebesar 57 persen di antaranya atau sebanyak 630 kasus baru adalah hasil tracing Puskesmas Puskesmas tersebut kata dia telah melakukan pemeriksaan terhadap kontak erat pasien positif Ia merinci rasio tracing di DKI Jakarta saat ini adalah di angka 6 Artinya dari 1 kasus positif rata rata 6 orang kontak erat akan diperiksa dites PCR Sedangkan dari active case finding yang dilakukan Puskesmas ditemukan 6 kasus baru Sementara dari passive case finding di RS dan klinik ditemukan sebanyak 478 kasus baru kata Dwi Kendati angka positif harian mengalami tren kenaikan namun tingkat kematian atau Case Fatality Rate CFR di Jakarta menurun Ia merinci angka CFR di DKI Jakarta adalah 3 persen hingga 30 Agustus 2020 Jumlah kasus aktif yang sempat mengalami kenaikan pada bulan Juli dan awal Agustus mulai menunjukkan pelandaian kembali dan penurunan yakni hingga 30 Agustus 2020 sebanyak 7 960 orang Hal tersebut diikuti dengan tingkat kesembuhan Recovery Rate yang terus meningkat sebesar 76 7 persen kata Dwi Diketahui kasus kumulatif positif virus corona di Indonesia bertambah 2 858 pada Minggu 30 8 ini Dengan demikian total sejauh ini telah ada 172 053 orang yang positif terinfeksi corona di Indonesia,0,1,0.704,+no_signal_at_all,,,
HIGH (unexplained FP),tr14316,Biden dan Presiden Meksiko Ngobrol via Telepon Bahas Masalah Imigran,Presiden Prancis Emmanuel Macron dan Presiden AS Joe Biden akhirnya berbincang selama satu jam via telepon Minggu 24 1 Lewat perbincangan singkat keduanya menyepakati isu perubahan iklim hingga cara melawan virus corona Dalam perintah presidennya Biden memang menyepakati AS untuk kembali bergabung ke Perjanjian Paris soal perubahan iklim Eks Presiden Donald Trump sebelumnya menarik AS keluar dari kesepakatan itu karena menuding Perjanjian Paris hanya akan membunuh ekonomi Amerika daripada menyelamatkan lingkungan Setelah mencabut kebijakan Trump Biden berjanji akan berkoordinasi erat dengan Paris tentang perubahan iklim COVID 19 dan ekonomi global Biden mencoba memperbaiki hubungan dengan Eropa setelah sebelumnya sangat bersitegang di bawah kepemimpinan Trump Menekankan komitmen untuk memperkuat hubungan trans atlantik termasuk melalui NATO dan kemitraan Amerika Serikat dengan Uni Eropa kata Biden dilansir AFP Senin 25 1 Keduanya juga bersedia untuk bekerja sama demi perdamaian di Timur Tengah khususnya dalam masalah nuklir Iran Lalu Biden dan Macron juga membahas kerja sama di China Timur Tengah Rusia dan Sahel Macron awalnya berusaha menjalin hubungan dekat dengan Trump tetapi keduanya berselisih tentang Suriah tarif AS hingga puncaknya saat Trump menarik keluar dari Perjanjian Iklim Paris Sejauh ini Biden telah berbincang dengan sejumlah pemimpin negara salah satunya dengan Perdana Menteri Inggris Boris Johnson Mereka sepakat untuk memperdalam kerja sama mengatasi perubahan iklim Biden juga telah menghubungi Perdana Menteri Kanada Justin Trudeau dan Presiden Meksiko Andres Manuel Lopez Obrador Biden berjanji untuk kembali ke diplomasi AS yang lebih tradisional untuk menjalin hubungan dekat dengan Amerika Utara Eropa Barat Jepang dan Korea Selatan Bukti kuat bahwa sekali lagi setelah empat tahun yang panjang Eropa memiliki teman di Gedung Putih ujar Presiden Komisi Eropa Ursula von der Leyen,0,1,0.609,+no_signal_at_all,,,
LOW (contrast: correctly-caught negative),tr06681,Rumah Sakit di Pakistan Terbakar 5 Pasien COVID 19 Tewas,Sebuah kebakaran melanda sebuah rumah sakit di wilayah India bagian barat yang digunakan untuk merawat para pasien virus Corona COVID 19 Nahas sedikitnya lima pasien Corona meninggal dunia dan puluhan lainnya luka luka akibat kebakaran ini Seperti dilansir Associated Press Jumat 27 11 2020 kebakaran ini melanda Rumah Sakit Uday Shivanand pada Jumat 27 11 pagi hari waktu setempat Pejabat kepolisian setempat KN Bhukan menuturkan bahwa sejumlah mobil pemadam kebakaran berhasil menahan api di satu lantai dan memadamkannya dalam waktu 30 menit Kantor berita Press Trust of India melaporkan bahwa api pertama muncul di dalam Unit Perawatan Intensif ICU pada rumah sakit tersebut yang digunakan untuk merawat 33 pasien Corona Kebakaran itu menewaskan lima pasien Corona di antaranya dan melukai 28 pasien lainnya Beberapa pasien dilaporkan mengalami luka bakar dan dievakuasi ke rumah sakit lainnya di Rajkot Gujarat Penyebab kebakaran ini masih dalam penyelidikan otoritas setempat Insiden serupa pernah terjadi di sebuah rumah sakit di Ahmedabad pada Agustus lalu Sedikitnya 8 pasien Corona meninggal dunia akibat kebakaran saat itu Kebanyakan kasus kebakaran di India berujung kematian akibat buruknya pemeliharaan dan kurangnya perlengkapan pemadam kebakaran yang layak Simak juga video Penyebaran Kasus Covid 19 di India Mengkhawatirkan Gambas Video 20detik,0,0,0.068,,,,
LOW (contrast: correctly-caught negative),tr01455,Kasus Corona Arab Saudi Bertambah Menjadi 17,Infeksi virus corona di Selandia Baru dilaporkan kembali bertambah menjadi 17 kasus Direktur Jenderal Kesehatan mengatakan ada 13 kasus baru yang dikonfirmasi di Auckland hingga Rabu 13 8 Semua kasus yang baru dilaporkan ada kaitannya dengan empat anggota keluarga yang terinfeksi virus corona Salah satu diantaranya merupakan seorang siswa sekolah menengah Pemerintah Selandia Baru memberlakukan lockdown kota Auckland selama tiga hari mulai Rabu tengah hari Kebijakan lockdown diputuskan untuk menemukan asal klaster dan meningkatkan pengetesan virus Perdana Menteri Jacinda Ardern memperkirakan akan ada lebih banyak kasus yang terkait dengan lonjakan infeksi virus corona Seperti yang kita semua pelajari dari pengalaman pertama kami dengan Covid begitu Anda mengidentifikasi sebuah klaster kasus klaster itu terus bertambah sebelum melambat kata Ardern dalam sebuah pidato seperti dilansir AFP Ardern mengatakan semua kasus Covid 19 sejauh ini berada dalam satu klaster terbatas di Auckland Anda bisa melihat keseriusan situasinya Meskipun serius ini ditangani dengan cara yang mendesak tetapi tenang dan metodis ucapnya menambahkan Gambas Video CNN Direktur Jenderal Kesehatan Ashley Bloomfield mengatakan pihaknya akan mengeksplorasi semua kemungkinan untuk menelusuri sumber penularan virus Kami ingin mengetahui seberapa besar itu virus menyebar secepat mungkin jadi kami sudah mulai menguji semua kontak dekat kontak biasa tempat kerja terkait keluarga katanya kepada TVNZ Inilah yang ingin kami lakukan secepat mungkin untuk mengetahui seberapa luas wabah tu dan siapa kasus pertama yang mungkin terjadi imbuhnya Boomfield membuka kemungkinan untuk memperpanjang lockdown kota Auckland Namun keputusan itu masih harus menunggu hasil penyelidikan dalam 24 jam ke depan Masih terlalu dini untuk mengatakan kita akan mendapat lebih banyak informasi besok katanya Kemunculan gelombang kedua kasus corona mengakhiri status Selandia Baru yang sempat menyatakan terbebas dari Covid 19 selama 102 hari Sehari sebelumnya pemerintah memutuskan untuk mengisolasi semua rumah jompo di seluruh negeri karena dicurigai menjadi klaster baru virus corona Perdana Menteri Jacinda Ardern mengatakan terpaksa melakukan hal itu untuk melacak sumber penularan virus corona yang kembali ditemukan setelah 102 hari menyatakan diri terbebas dari pandemi,0,0,0.149,,,,
LOW (contrast: correctly-caught negative),tr08402,Tips Bikin Materi Belajar Online dengan Video Ala Guru SMP di Surabaya,Pemerintah Kabupaten Pemkab Pandeglang meluncurkan terobosan baru untuk menyiasati kegiatan belajar mengajar KBM online selama pandemi COVID 19 Salah satunya dengan membuat konten video pembelajaran yang bisa diakses secara mudah oleh siswa dan wali murid Kepala Dinas Pendidikan dan Kebudayaan Kabupaten Pandeglang Taufik Hidayat mengatakan gagasan ini muncul lantaran wilayahnya tak bisa secara penuh mengadopsi KBM jarak jauh Belum lagi tidak semua wali murid memiliki gadget yang menjadi alat utama untuk mendukung KBM online Kondisi di wilayah kita kan tidak semua orang tua punya HP android Kalau pun ada yang punya kadang masih terkendala sama sinyal internetnya makanya kita luncurkan video pembelajaran seperti ini kata Taufik saat berbincang dengan detikcom di ruang kerjanya di Pandeglang Banten Jumat 8 1 2021 Taufik menjelaskan video pembelajaran ini dibuat secara langsung oleh guru di setiap tingkatan sekolah Jadi secara garis besar para guru itu lah yang paham bagaimana materi pembelajaran menarik harus disajikan kepada siswa Sampai saat ini sudah tercatat ada 1 000 video yang dibuat oleh masing masing guru di sekolah dan sudah kita launching hari Rabu kemarin Videonya dibuat secara tematik disesuaikan sama kurikulum di setiap tingkatan intinya guru guru tersebut diberi tugas seolah olah sedang dalam posisi mengajar seperti biasa di kelas ujar Taufik Selain itu nantinya wali murid di Pandeglang juga tidak lagi harus dipusingkan dengan memperiapkan kuota internet yang besar seperti saat KBM online Kini mereka hanya perlu mengunduh video pembelajaran tersebut kemudian memantau anaknya belajar saat di rumah Video pembelajarannya cukup bisa diakses melalui WA tinggal didownload sesuai tema belajarnya Dari sini ada dua sisi yang kebetulan bisa langsung tersentuh guru jadi mudah ngasih materi belajar sama anaknya terus si anak juga jadi lebih aktif lagi saat belajar di rumah tuturnya Gagasan ini kata Taufik akan dievaluasi selama sebulan sekali Bahkan untuk menguji sejauh mana efektivitas dari gagasan tersebut wali murid juga bisa datang ke sekolah untuk mengkonsultasikan bagaimana perkembangan anaknya selama belajar di rumah Ada evaluasinya nanti kita update terus sama tim di lapangan bagaimana efektivitasnya Yang jelas sekarang baru meluncur dulu terus kita monitor secara berkala ucap Taufik Diketahui Pemkab Pandeglang resmi menunda pembelajaran tatap muka untuk siswa PAUD TK SD dan SMP sampai tahun ajaran baru pada Juli 2021 Hal ini sesuai arahan penundaan belajar tatap muka dari Pemprov Banten Penundaan tatap muka ini juga karena guru dan murid belum diswab secara massal Keputusan itu pun diambil setelah Dinas Pendidikan Dinas Kesehatan dan pihak terkait rapat di Pandeglang dan sepakat mengusulkan penundaan Simak juga video Tips Bikin Anak Nyaman Selama Belajar di Rumah Gambas Video 20detik,0,0,0.049,,,,
LOW (contrast: correctly-caught negative),tr12848,Jokowi Kunjungi Jawa Timur Tinjau Posko Corona dan Padat Karya,Presiden Joko Widodo melakukan kunjungan kerja untuk memantau penanganan Covid 19 ke Provinsi Jawa Tengah Selasa 30 6 Berdasarkan rilis Istana Jokwoi bertolak dari Pangkalan TNI AU Halim Perdanakusuma Jakarta menggunakan Pesawat Kepresidenan Indonesia 1 sekitar pukul 08 10 WIB Ia langsung menuju posko penanganan dan penanggulangan Covid 19 di Gedung Gradhika Bhakti Praja Kompleks Kantor Gubernur Jateng Mantan Wali Kota Solo itu akan memberikan sejumlah arahan melalui video konferensi untuk penanganan Covid 19 terintegrasi di Jateng Setelah dari posko penanganan covid 19 Jokowi akan menuju Kawasan Industri Terpadu Batang Jokowi bakal melihat pemaparan terkait relokasi investasi asing ke Indonesia Jokowi kemudian melanjutkan kunjungannya dengan meninjau proyek padat karya di Kabupaten Batang Ia juga dijadwalkan meninjau pabrik furnitur berorientasi ekspor di Kabupaten Demak Rencananya Jokowi akan langsung kembali ke Jakarta sore ini Sejumlah pejabat turut mendampingi Jokowi dalam kunjungan tersebut di antaranya Menteri Badan Usaha Milik Negara Erick Thohir Sekretaris Kabinet Pramono Anung Kepala Badan Nasional Penanggulangan Bencana Doni Monardo dan Kepala Sekretariat Presiden Heru Budi Hartono Terpisah Pemerintah Kabupaten Batang Jawa Tengah sudah melakukan tes cepat Covid 19 bagi para tamu undangan yang ikut kunjungan kerja Jokowi yang rencananya hadir di daerah itu Selasa 30 6 Kita sudah siapkan melakukan tes cepat bagi tamu undangan karena sesuai Protokol Kepresidenan mewajibkan semua tamu yang menghadiri kunjungan Presiden Jokowi harus dilakukan tes cepat kata Juru Bicara Tim Gugus Tugas Percepatan Penanganan Covid 19 Batang dr Muchlasin dikutip dari Antara Di daerah ini Presiden Jokowi rencananya melakukan peninjauan kawasan industri PT Perhutani Nusantara IX seluas sekitar 4 ribu hektare di Desa Kedawung Kecamatan Banyuputih Kabupaten Batang Para tamu undangan yang di antaranya berasal dari Badan Koordinasi Penanaman Modal BKPM dan PT Perhutani Nusantara IX ini katanya sudah hadir di Hotel Sendang Sari Kabupaten Batang Tamu yang sudah dilakukan tes cepat Covid 19 sebanyak 12 orang dengan hasil non reaktif Adapun bagi tamu yang belum dilakukan tes cepat Covid 19 akan dilakukan di lokasi besok katanya Tamu undangan yang nanti hasil tesnya reaktif katanya dipastikan tidak diperkenankan masuk ke titik lokasi kunjungan Presiden Jokowi Demikian juga kata dia bagi semua tamu yang sudah dilakukan tes cepat dan hasilnya negatif akan mendapat surat keterangan yang nantinya harus ditunjukkan pada petugas sebelum masuk ke titik lokasi Ini semua kita lakukan seperti itu agar para tamu yang datang dalam kunjungan Presiden RI tidak membawa virus corona Semua tamu undangan tanpa terkecuali termasuk wartawan harus mengikuti protokol kesehatan dengan dilakukan pengecekan suhu badan cuci tangan dan wajib memakai masker kata dr Mukhlasin Pekan lalu Jokowi telah mengunjungi Surabaya dan Banyuwangi di Provinsi Jawa Timur untuk mengetahui perkembangan kasus covid 19 Jatim diketahui menjadi provinsi dengan kasus positif covid 19 tertinggi Ia menargetkan Jatim dapat mengendalikan kasus dalam waktu dua pekan,0,0,0.291,,,,
LOW (contrast: correctly-caught negative),tr05992,Polisi Larang Warga Rayakan Tahun Baru di Bandung,Polres Sukabumi melarang perayaan tahun baru yang memicu kerumunan massa di wilayah hukumnya Kapolres Sukabumi AKBP Lukman Syarif mengatakan akan menempatkan ratusan personelnya termasuk bantuan dari anggota TNI dan instansi lainnya di titik titik lokasi wisata Kita sudah mulai memberikan imbauan pengamanan di malam tahun baru sudah jelas tidak ada kerumunan tidak ada perayaan tidak ada hal hal yang sifatnya seremoni apalagi hal yang mengakibatkan meningkatnya penularan COVID 19 kata Lukman kepada detikcom Jumat 18 12 2020 Selain fokus pengamanan di malam tahun baru personel Polres Sukabumi juga akan mengawal pengamanan perayaan natal Kita sesuai dengan instruksi pak Kapolda Jabar bahwa kita semua melaksanakan pengamanan malam natal dan tahun baru tentunya ini yang kita amankan saudara saudara kita umat kristiani yang melaksanakan ibadah tutur Lukman Lukman meminta semua pihak untuk bersama sama memutus penularan COVID 19 Maka itu ia mengingatkan warga untuk diam di rumah saat malam pergantian tahun Terkait arus lalu lintas polisi akan melakukan pengamanan di titik titik rawan kepadatan kendaraan Jalur wisata kalau di Sukabumi ini paling juga terjadi kepadatan di beberapa titik Misalkan menuju Palabuhanratu ini melalui Cibadak melalui Parungkuda dan Cicurug Kawasan itu yang dimungkinkan nanti terjadi kepadatan ucap Lukman,0,0,0.076,,,,
LOW (contrast: correctly-caught negative),tr12037,Hanya Aceh dan Gorontalo yang Nihil Kasus Corona pada 17 November,Pemerintah kembali memperbarui data perkembangan pandemi virus Corona COVID 19 Pada 17 November terdapat dua provinsi yang tidak melaporkan penambahan kasus baru Corona Informasi provinsi nihil kasus Corona ini disampaikan oleh Satgas COVID 19 Selasa 17 11 2020 Hanya Gorontalo dan Banten yang tidak ada tambahan kasus Corona hari ini Terdapat tambahan kasus positif sebanyak 3 807 pada hari ini sehingga total kasus positif COVID 19 di RI sebanyak 474 455 kasus Pemerintah masih melakukan pemantauan terhadap kasus suspek sebanyak 64 928 kasus Sementara itu total spesimen yang telah diperiksa hari ini sebanyak 39 772 Sebanyak 3 193 kasus sembuh dari Corona pada hari ini Dengan demikian total kesembuhan dari COVID 19 di RI mencapai 398 636 Ada 97 kasus meninggal akibat Corona sehingga total akumulasi kasus kematian sebanyak 15 393 kasus di Tanah Air Penularan Corona hingga saat ini telah terjadi di 505 daerah di 34 provinsi di Indonesia Selain itu pada hari ini ada beberapa daerah dengan penambahan kasus di bawah sepuluh Berikut provinsi yang penambahan kasus Corona hari ini di bawah 10 1 Papua 6 kasus baru2 Sulawesi Barat 6 kasus baru3 Nusa Tenggara Barat 4 kasus baru4 Bali 2 kasus baru5 Kepulauan Riau 1 kasus baru6 Papua barat 1 kasus baru,0,0,0.146,,,,
LOW (contrast: correctly-caught negative),tr05511,Epidemiolog Khawatir Covid Makin Rawan Usai WN India Masuk RI,Epidemiolog Universitas Griffith Australia Dicky Budiman menilai pemerintah telah melakukan kesalahan dalam meloloskan warga negara China masuk ke Indonesia di masa pandemi Covid 19 Kondisi pandemi dinilai bisa makin mengkhawatirkan Kebijakan meloloskan WN China di tengah situasi pandemi Covid 19 yang sangat serius ini merupakan satu kesalahan kata Dicky Budiman kepada CNNIndonesia com Selasa 26 1 Dicky mengatakan kebijakan itu bisa menempatkan situasi pandemi Covid 19 di Indonesia semakin rawan Ia khawatir akan munculnya varian baru Covid 19 Varian baru Covid 19 yang berkembang di China kata Dicky memiliki kekuatan penularan yang sangat tinggi Strain baru ini juga bisa meningkatkan angka kematian Masuknya WN China yang saat ini memiliki kasus strain baru yang mengkhawatirkan di mana 30 persen lebih mudah menyebabkan peningkatan kematian dan 70 persen lebih menular jelasnya Varian baru Covid 19 juga akan mempengaruhi tingkat hunian RS Sebab potensi pasien mengalami perburukan atau bergejala berat lebih tinggi Strain baru ini ada banyak potensi perburukan 3 4 kali lipat meningkatkan hunian RS yang saat ini sudah begitu banyak dan bisa menyebabkan kematian ucap Dicky Ini bisa menjadikan situasi pandemi kita di Indonesia dan wilayahnya semakin memburuk sambungnya Ia mencontohkan Australia negara yang ketat membatasi mobilitas penduduk serta menjaga pintu masuk dari warga negara asing namun tetap lolos dengan varian baru Covid 19 Negara yang sangat ketat seperti Australia saja bobol dengan strain baru ujarnya Sebelumnya sebanyak 153 orang WN China masuk ke Indonesia melalui Terminal III Bandara Soekarno Hatta Sabtu 23 1 Kedatangan mereka di tengah larangan WNA masuk ke Indonesia hingga 8 Februari 2021 Kepala Sub Bagian Humas Dirjen Keimigrasian Kemenkumham Ahmad Nursaleh mengatakan mereka masuk sesuai peraturan yang berlaku Sebanyak 150 orang memiliki izin tinggal terbatas dan izin tinggal tetap 3 orang lainnya menggunakan visa diplomatik Setelah diperiksa kesehatannya para penumpang diperiksa dokumen keimigrasiannya Setelah lengkap selanjutnya diarahkan oleh Tim Satgas Covid 19 menuju tempat karantina ucapnya,0,0,0.04,,,,
LOW (contrast: correctly-caught negative),tr05491,Sinergi Forkopimda Kota Blitar untuk Donor Plasma Konvalesen,Forkopimda Kota Kediri bersinergi mensukseskan Gerakan Donor Plasma Konvalesen Gedor Pasen Ini sebagai langkah bersama menekan penyebaran COVID 19 Hal ini disampaikan dalam rapat koordinasi dengan Forkopimda di Ruang Kerja Kepala Kejaksaan Negeri Kota Kediri Rabu 20 1 2021 Gedor Pasen merupakan salah satu upaya untuk membantu penyembuhan pasien COVID 19 sekaligus menekan angka kematian akibat COVID 19 khususnya di Kota Kediri Program ini selaras dengan program yang dicanangkan secara daring oleh Wakil Presiden RI Ma ruf Amin bersama Palang Merah Indonesia dan rumah sakit seluruh Indonesia Yaitu Gerakan Nasional Pendonor Plasma Konvalesen Pada tahap awal Forkopimda akan melakukan pendataan jajaran di bawahnya yang pernah terkonfirmasi positif COVID 19 Bersama Pak Kajari Pak Ketua Dewan Pak Kapolres Pak Dandim Ibu Ketua PN Pak Sekda sedang berupaya untuk mencarikan pendonor plasma konvalesen Mungkin anggotanya Pak Kapolres ada yang pernah kena Dari TNI atau anggotanya Pak Sekda ada yang jadi penyintas datanya kita serahkan ke PMI untuk dicek Hasilnya nanti kalau ada yang cocok akan jadi pendonor ucap Abdulllah Abu Bakar Wali Kota Kediri Kamis 21 1 2021 Menurut Palang Merah Indonesia PMI Pusat terapi plasma konvalesen untuk pasien COVID 19 memiliki tingkat kesembuhan yang tinggi Sehingga Wali Kota Kediri berharap hasil rapat ini bisa segera dieksekusi,0,0,0.025,,,,
LOW (contrast: correctly-caught negative),tr09299,Bupati Cirebon Larang Anak Buahnya Lakukan Kunjungan Kerja ke Luar Daerah,Bupati Kuningan Acep Purnama melarang adanya kegiatan yang dilakukan oleh dinas hingga pejabat daerah seperti rapat pertemuan hingga kunjungan kerja Larangan itu rencananya akan diberlakukan pada Senin 7 12 2020 pekan depan untuk menghindari adanya penyebaran COVID 19 akibat kegiatan kegiatan tersebut Minggu depan mulai Senin aktivitas dikalangan pemerintahan akan dikurangi bahkan dilarang Misalnya kegiatan rapat rapat harus melalui virtual kunjungan keluar kota maupun menerima kunjungan kita jangan dulu tegas Acep kepada detikcom Jumat 4 12 2020 Dilarangnya dinas hingga pejabat daerah menggelar kegiatan tersebut tidak terlepas dari meningkatkan kasus positif COVID 19 di Kabupaten Kuningan akhir akhir ini Data dari Satgas Penanganan COVID 19 Kabupaten Kuningan hingga Kamis 3 12 2020 kemarin kasus positif COVID 19 secara total mencapai 1 331 kasus Saat diwawancarai Acep juga bicara mengenai vaksin COVID 19 Menurut politisi PDI Perjuangan ini nantinya vaksin akan diberikan terlebih dahulu kepada aparatur pemerintah dan TNI Polri Akan diterapkan pada aparatur TNI Polri dan pemerintah Berapapun yang didapat Kabupaten Kuningan nanti akan diterapkan di sana pungkasnya,0,0,0.109,,,,
LOW (contrast: correctly-caught negative),tr12740,Baru Ditunjuk Trump Jadi Wakil Menhan Pejabat Kremlin Positif Corona,Seorang pejabat tinggi Pentagon dinyatakan positif virus Corona COVID 19 beberapa hari setelah bertemu Menteri Pertahanan Menhan Lithuania Raimundas Karoblis Pejabat ini diketahui baru saja ditunjuk menjadi Wakil Menteri Pertahanan Menhan Amerika Serikat AS oleh Presiden Donald Trump pekan lalu Seperti dilansir Associated Press Jumat 20 11 2020 pejabat yang dimaksud bernama Anthony Tata yang kini menjabat Wakil Menhan AS untuk Urusan Kebijakan Juru bicara Pentagon atau Departemen Pertahanan AS Jonathan Hoffman menuturkan bahwa Tata dinyatakan positif Corona pada Kamis 19 11 waktu setempat setelah mengetahui bahwa Karoblis terinfeksi Corona Selain Tata beberapa pejabat pertahanan senior AS lainnya termasuk Pelaksana Tugas Plt Menhan AS Christopher Miller dan Sekretaris Angkatan Darat Angkatan Laut dan Angkatan Udara juga bertemu dengan Karoblis pada Jumat 13 11 lalu atau Senin 16 11 waktu setempat Hoffman menegaskan bahwa Pentagon telah melakukan pelacakan kontak dan menggelar rapid test terhadap orang orang yang melakukan kontak dengan delegasi Lithuania tersebut Miller dan beberapa staf seniornya serta rombongan pers sempat bepergian ke Fort Bragg North Carolina pada Rabu 18 11 waktu setempat untuk bertemu tentara AS di sana Mereka juga sempat terbang ke kapal induk USS Gerald R Ford yang berlabuh di pantai Virginia Video dari kunjungan tersebut menunjukkan Miller berjabat tangan dan memeluk para tentara di Fort Bragg dan di kapal induk tersebut Tonton video WHO Tidak Rekomendasikan Remdesivir Jadi Obat Corona Gambas Video 20detik,0,0,0.425,,,,
LOW (contrast: correctly-caught negative),tr12803,Catatkan 18 Juta Kasus Corona India Masih Peringkat Pertama,Universitas Johns Hopkins mencatat total kasus infeksi Corona COVID 19 di Amerika Serikat yang telah melampaui 18 juta kasus Angka ini terlampaui ketika AS mulai menjalankan program vaksinnya Dilansir AFP Selasa 22 12 2020 AS memiliki jumlah kasus infeksi tertinggi di dunia serta kematian paling banyak terkait dengan virus Corona menurut penghitungan JHU AS telah memiliki total 18 006 061 kasus Corona hingga Senin 21 12 malam waktu setempat Selain itu tercatat ada lebih dari 319 000 kematian AS mulai memberikan vaksin Corona seminggu yang lalu dan telah menyetujui program vaksin yang dikembangkan oleh Pfizer BioNTech dan Moderna Negara negara bagian dan kota kota telah memberlakukan berbagai tingkat pembatasan dalam upaya untuk memperlambat penyebaran virus tetapi Presiden Donald Trump berulang kali meremehkan keseriusannya dan mendesak pembukaan kembali Perilaku Trump tetap begitu meski telah dirawat di rumah sakit karena virus Corona,0,0,0.103,,,,
LOW (contrast: correctly-caught negative),tr11146,Satgas COVID 19 Kediri Sebut Mutasi Virus Corona Saat Ini Lebih Ganas,Tambahan kasus terkonfirmasi positif di Kabupaten Blitar semakin banyak Satgas COVID 19 Kabupaten Blitar menyebut mutasi virus semakin ganas Jubir Satgas COVID 19 Kabupaten Blitar Krisna Yekti mengatakan kasus baru yang muncul didominasi dari klaster keluarga dan pondok pesantren Krisna menyebut ada perubahan pola paparan yang terjadi dengan kontak erat pasien positif sebelumnya Kalau dulu kontak erat pasien positif hasil tracing kita testing hanya ada satu atau dua yang hasil swabnya terkonfirmasi positif COVID 19 Tapi sekarang hampir 90 persen kontak erat hasil tracing testingnya juga ikutan positif jelas Krisna kepada detikcom Kamis 19 11 2020 Fakta ini terungkap setelah tim satgas melakukan rapat evaluasi Ada dua kasus yang menjadi perhatian yakni klaster keluarga di Tuliskriyo dan klaster Ponpes di Wonodadi Di klaster keluarga Tuliskriyo pasien pertama terpapar virus Corona sepulang menghadiri hajatan tetangga desa Karena ada komorbid diabetes pasien kemudian meninggal dengan status terkonfirmasi positif Walaupun pemakaman sudah menggunakan prokes namun 11 anggota keluarganya ikut terpapar Corona Yang klaster ponpes juga sama Dari sekitar 60 spesimen kontak erat yang kami ambil tes swabnya total ada 58 yang positif Tapi berangsur angsur banyak yang sembuh ungkapnya Dugaan virus makin ganas lanjut Krisna juga ditemukannya pasien yang sebelumnya positif tanpa gejala Dan kemarin ada keluhan klinis dan hasil swabnya ternyata positif Ini ada kasus reinfeksi Mutasi virus ini jauh lebih cepat dari yang awal Yang disebut dari Wuhan Yang di Indonesia sekarang ini lebih ganas paparannya imbuhnya Fakta ini perlu diketahui masyarakat luas Bahwa paparan virus Corona masih ada dan makin ganas Untuk itu Krisna mengimbau masyarakat tetap disiplin menerapkan 3M Yakni memakai masker mencuci tangan dan menjaga jarak Masyarakat makin bebas bepergian asal tetap disiplin terapkan 3M Karena Corona belum berakhir dan tingkat paparannya masih tinggi di Kabupaten Blitar pungkasnya,0,0,0.038,,,,
LOW (contrast: correctly-caught negative),tr05394,Jepang Sebut China Harus Tanggung Jawab soal Pandemi Virus Corona,Menteri Luar Negeri Amerika Serikat Mike Pompeo pada Rabu 15 7 kemarin mengatakan bahwa dia meyakini China harus bertanggung jawab penuh atas pandemi virus corona Covid 19 Saya pikir dunia akan benar benar membuat mereka China membayar harga atas pandemi ini kata Pompeo dalam acara virtual dengan The Hill Setiap tempat yang saya tuju setiap menteri luar negeri yang saya ajak bicara mereka mengakui apa yang telah dilakukan China terhadap dunia Saya sangat yakin bahwa dunia akan memandang China secara berbeda tambah Pompeo Dilansir CNBC Kamis 16 7 selama berbulan bulan pemerintahan Trump telah mengisyaratkan bahwa AS akan mengambil langkah untuk menghukum China karena gagal mencegah virus corona yang pertama kali ditemukan di kota Wuhan China lalu menyebar ke seluruh dunia Pada Selasa lalu Presiden AS Donald Trump menandatangani undang undang untuk menjatuhkan sanksi terhadap China sebagai tanggapan atas pengesahan Undang Undang Keamanan Nasional Hong Kong Dua sumber mengatakan kepada CNBC bahwa Trump untuk sementara waktu berencana menunda sanksi tersebut karena khawatir dengan hubungannya dengan China memburuk Dikonfirmasi CNBC seorang pejabat senior pemerintahan Trump mengatakan Pompeo juga menuduh China telah bekerja sama dengan Organisasi Kesehatan Dunia WHO untuk menutupi krisis virus corona yang masih terus berkembang Awal bulan ini pemerintahan Trump mengajukan pemberitahuan untuk menarik diri dari WHO paling lambat 6 Juli 2021 Ketika Anda memiliki sebuah insiden di negara Anda yang berpotensi menjadi pandemi Anda memiliki kewajiban untuk melaporkannya dan membiarkan orang lain masuk dan membantu Anda bersikap transparan tentang hal itu Partai Komunis China memilih cara berbeda mereka bekerja sama co opted dengan WHO untuk menutupi pandemi terang Pompeo Hasilnya hari ini kita menyaksikan ratusan ribu orang telah meninggal dan merugi triliunan dolar terhadap kerusakan global sebagai akibat langsung dari keputusan Partai Komunis China tambahnya Menurut data Sekolah Kedokteran Universitas Johns Hopkins lebih dari setengah juta orang di seluruh dunia meninggal karena virus corona AS melaporkan lebih banyak kematian dan infeksi akibat Covid 19 dibandingkan negara lain Total kasus di AS hingga kini telah mencapai 3 617 040 orang 140 150 orang meninggal dunia dan sebanyak 1 645 966 dinyatakan sembuh,0,0,0.319,,,,
LOW (contrast: correctly-caught negative),tr02474,Libur Natal Penumpang Mulai Berdatangan di Terminal Pulo Gadung,Terminal Kampung Rambutan Jakarta Timur mulai didatangi para penumpang saat libur Natal dan tahun baru 2021 Para penumpang itu akan pulang ke kampung halaman masing masing Pantauan detikcom para penumpang bus mulai berdatang di Terminal Kampung Rambutan Jakarta Timur Kamis 24 12 2020 sekitar pukul 09 10 WIB Mereka terlihat membawa sejumlah barang bawaan mulai kardus hingga koper Meski demikian belum terlihat penumpukan maupun antrean mengular para calon penumpang bus Hanya ada beberapa pemudik yang sedang menunggu bus datang Mereka tertib menunggu dengan menempati kursi kursi yang ada di terminal Ada pula calon penumpang yang sedang membeli tiket Sejauh ini loket yang paling banyak dikunjungi adalah loket bus tujuan Sumatera Mayoritas penumpang telah mematuhi protokol kesehatan dengan memakai masker dan menjaga jarak Selain itu kursi kursi di terminal dilengkapi rambu social distancing Sebelum masuk ke area terminal para pemudik dicek suhu tubuhnya oleh petugas Aparat gabungan dari unsur Polri dan Dinas Perhubungan bersiaga di lokasi Salah satu penumpang bernama Rosidi 58 hendak bertolak ke Jember Jawa Timur bersama istrinya Ia pun sudah berada di terminal sejak pagi meskipun busnya baru tiba pukul 12 00 WIB Sudah ada tinggal naik saja nanti jam 12 Memang pulang kampung insyaallah balik lagi sekitar 2 mingguan kata Rosidi saat ditemui di Terminal Kampung Rambutan Jakarta Timur Ia mengaku belum melakukan rapid swab antigen Sebagaimana diketahui ini adalah salah satu syarat untuk bepergian ke luar kota Nggak ada swab antigen tegasnya Penumpang lainnya Nurmiyati 42 tiba dari Nusa Tenggara Barat NTB Kini ia ingin melanjutkan perjalanan menuju Bogor Jawa Barat Ia mengaku tak takut melakukan perjalanan antarkota di tengah pandemi virus COVID 19 ini Nggak saya tawakal saja Saya nggak mau takut kita hidup tuh sama Allah Kalau takut takut itu bagaimana bisa nggak bisa ketemu saudara nggak bisa mudik ujarnya Terkait rapid swab antigen Nurmiyati menuturkan ia hanya menjalani tes COVID 19 sebelum melakukan perjalanan dari NTB menuju Jakarta,0,0,0.416,,,,
LOW (contrast: correctly-caught negative),tr07204,Emil Dardak Larang Perayaan Tahun Baru dan Tutup Bioskop hingga Wisata Air,Menjelang perayaan Nataru Gubernur Jatim Khofifah Indar Parawansa mengeluarkan Surat Edaran SE tentang pelaksanaan kegiatan perayaan libur Hari Raya Natal dan Tahun Baru 2021 SE nomor 800 23604 118 5 2020 ini mengatur tentang protokol kesehatan khususnya di tempat wisata saat libur Nataru kali ini Beberapa poin di antaranya yakni soal kapasitas akomodasi hotel sesuai zona COVID 19 di Jatim saat ini Untuk akomodasi hotel di zona merah maksimal kapasitas 25 persen Zona oranye maksimal 50 persen dan zona kuning 75 persen Selain itu di SE tersebut juga tertulis larangan kegiatan hiburan yang menimbulkan kerumunan massa Dalam SE itu juga tercantum wisata kolam renang dilarang buka Dalam SE itu Khofifah juga masih melarang bioskop buka di daerah yang masih berstatus zona merah juga zona oranye SE itu sendiri ditujukan kepada 38 bupati wali kota di Jatim Ketua Asosiasi Pelaku Usaha Wisata Jatim serta Ketua Pelaku Usaha Seni Budaya Jatim SE itu mulai berlaku pada 22 Desember 2020 hingga 8 Januari 2021 Khofifah sendiri saat dikonfirmasi menyatakan SE tersebut dikeluarkan karena penyebaran COVID 19 di Jatim mengalami kenaikan Untuk perayaan Nataru kali ini dilarang ada pesta Tidak diperkenankan perayaan pesta akhir tahun Setiap akomodasi hotel atau tempat wisata yang punya wisata air dilarang buka Mereka yang datang ke tempat wisata akomodasi wajib menunjukkan surat rapid test negatif ujar Khofifah Pemprov sudah memutuskan apakah terkait akomodasi wisata perayaan Nataru Bioskop juga dilarang Wisata air dilarang dibuka Hal hal yang terkait dengan kerumunan yang berpotensi penyebaran COVID 19 kita menyerukan untuk ditiadakan sementara tegasnya Bagaimana isi surat edaran Gubernur Jatim ini penjelasannya,0,0,0.357,,,,
LOW (contrast: correctly-caught negative),tr07040,Gegara Varian Baru Corona Arab Saudi Setop Semua Penerbangan Internasional,Sudah setahun pandemi corona melanda dunia Tercatat sudah 87 2 juta orang di dunia terpapar corona Dari jumlah itu 1 88 juta di antaranya meninggal dunia dan 62 8 juta pasien sembuh Dalam perkembangannya pandemi corona di sejumlah negara tak kunjung melambat Bahkan sudah ditemukan varian baru corona yang muncul di Inggris dan Afrika Selatan Sejumlah negara seperti Belanda langsung tancap gas dengan melakukan vaksinasi massal terhadap warganya Harapannya kasus corona bisa terkendali Sementara itu terdapat beberapa negara seperti Singapura dan Arab Saudi yang menerapkan syarat sudah divaksin corona bagi pendatang yang masuk ke negaranya Berikut kumparan rangkum sejumlah kabar seputar corona di dunia yang terjadi baru baru ini 8 Perawat di Jerman Terima 5 Kali Dosis Vaksin PfizerJerman sudah memulai vaksinasi COVID 19 sejak Minggu 27 Desember 2020 Jerman menggunakan vaksin Pfizer dalam vaksinasi tahap pertama Namun terjadi kesalahan dalam penyuntikan vaksin tahap pertama itu Sebanyak delapan orang perawat di Kota Stralsund Jerman secara tidak sengaja disuntikkan vaksin Pfizer dengan dosis lima kali lebih tinggi dari seharusnya Delapan orang itu terdiri dari tujuh perempuan dan satu laki laki Mereka bekerja di rumah pensiun di kota yang terletak di utara ibu kota Berlin Karena merawat orang tua mereka mendapat prioritas untuk divaksinasi Setelah kesalahan penyuntikan itu beruntung tidak ada dari mereka yang mengalami efek samping serius Tetapi empat orang sempat dibawa ke rumah sakit karena mengalami gejala flu ringan Sementara sisanya diizinkan pulang Australia Mulai Vaksinasi Massal 2 Pekan LagiVaksinasi massal di Australia akan dilakukan pada dua pekan mendatang Program itu rencananya berlangsung hingga awal Maret 2021 Kami akan terus mengikuti anjuran keselamatan medis dan akan memperbarui rencana kami saat bukti baru atau anjuran baru sudah ada ucap Menkes Australia Greg Hunt seperti dikutip dari Reuters Prioritas kami nomor satu adalah keselamatan sambung dia Pemerintah Australia menargetkan vaksinasi bagi 25 juta warga selesai pada akhir 2021 Seorang pejabat senior Australia mengatakan untuk vaksinasi tahap awal mereka akan menggunakan vaksin Pfizer Sedangkan mulai akhir Maret vaksinasi juga dilakukan menggunakan vaksin buatan AstraZeneca Israel Diminta Berikan Vaksin Corona ke Warga PalestinaAmnesti Internasional meminta Israel memberikan vaksin corona kepada warga Palestina di Tepi Barat dan Gaza Dilansir oleh Times of Israel Otoritas Palestina di Tepi Barat menyediakan layanan kesehatan bagi warga Palestina di bawah Kesepakatan Oslo Akan tetapi belum ada permintaan secara terbuka kepada Israel untuk pengadaan vaksin corona Sedangkan kelompok Hamas yang berkuasa di Gaza tidak mungkin meminta vaksin kepada Israel secara terbuka Meski demikian Amnesti Internasional menekankan Israel perlu memenuhi kewajiban internasionalnya untuk memberikan vaksin corona secara adil kepada warga Palestina di Tepi Barat dan Jalur Gaza Sampai saat ini Israel belum merespons permintaan memberikan vaksin ke Palestina Belanda Mulai Vaksinasi Corona Suster 39 Tahun Jadi Penerima PertamaBelanda memulai vaksinasi massal virus corona tahap satu pada Rabu 6 1 2021 Negeri Kincir Angin menggunakan vaksin Pfizer Sanna Elkadiri 39 menjadi warga Belanda pertama yang disuntik vaksin Pfizer Elkadiri adalah seorang suster yang bertugas merawat lansia penderita dimensia Pemberian vaksin terhadap Elkadiri disiarkan langsung oleh televisi Belanda Elkadiri mengaku tidak ragu saat ditawari menjadi orang pertama disuntik vaksin Sementara itu Menkes Belanda Hugo de Jonge percaya vaksinasi awal akan membantu negaranya menghadapi pandemi virus corona Singapura Akan Izinkan Masuk Wisatawan yang Sudah Divaksin COVID 19Singapura berencana melonggarkan pembatasan perjalanan bagi wisatawan yang telah divaksinasi COVID 19 Kebijakan ini berlaku bagi wisatawan yang berencana mengunjungi negara itu untuk Forum Ekonomi Dunia WEF yang rencananya diselenggarakan Mei 2021 Jika ada bukti yang jelas bahwa risiko penularan dapat diturunkan secara signifikan dengan vaksin kami pasti akan mempertimbangkan beberapa pelonggaran untuk aturan SHN pemberitahuan tinggal di rumah bagi pelancong yang divaksinasi kata Wakil Kepala Satuan Tugas Corona Singapura Lawrence Wong Wong mengatakan pembatasan juga dapat ditinjau bagi pelancong yang divaksinasi untuk hadir pada WEF yang biasanya menarik kehadiran ribuan politisi pebisnis dan bahkan selebritas dari seluruh dunia Pertemuan tahunan itu telah dipindahkan dari tempat asalnya di Davos Swiss karena kekhawatiran virus di Eropa Menteri Haji Arab Saudi Sarankan Jemaah Umrah Divaksin CoronaArab Saudi memulai program vaksinasi corona secara nasional sejak Desember 2020 Namun vaksinasi gratis bagi yang tinggal di Saudi itu tidak bersifat wajib Meski demikian Menteri Haji dan Umrah Arab Saudi Muhammad Saleh Benten menyarankan bagi siapa saja yang bermaksud beribadah umrah sebaiknya mendapat suntikan vaksin corona Benten menyatakan saat ini semua tindakan pencegahan sedang dilakukan untuk membendung penyebaran virus corona Tindakan itu berkoordinasi dengan Kementerian Kesehatan Benten juga menekankan bahwa umrah aman,0,0,0.445,,,,
LOW (contrast: correctly-caught negative),tr04448,Pandemi Covid 19 di Beijing Meluas ke Dua Kota,China melaporkan pandemi virus corona di ibu kota Xianjiang Urumqi kini telah menyebar hingga ke kota tetangga Kashgar Satu dari 17 kasus yang dikonfirmasi diketahui berasal dari sana Sementara sekitar 16 kasus berasal dari Urumqi Sejak awal Juni sedikitnya 47 orang di Xianjiang telah terinfeksi virus corona Untuk menghalau penyebaran virus corona pemerintah daerah Urumqi telah memberlakukan larangan bepergian dan melarang warga melakukan pertemuan sosial Komisi Kesehatan Nasional China pada Senin 20 7 melaporkan lima diantaranya merupakan kasus impor Seluruh kota telah memasuki masa perang dan akan menangguhkan semua jenis kegiatan kelompok kata seorang pejabat pada pertemuan itu menurut laporan media pemerintah Munculnya kasus kasus baru itu menggambarkan kesulitan yang dihadapi pemerintah China dalam memberantas penularan corona yang mulai muncul di pusat kota Wuhan akhir tahun lalu menyusul di Beijing pada Juni lalu Xinjiang merupakan wilayah pegunungan dan gurun yang luas dengan penduduk yang sedikit dan memiliki dampak tidak signifikan saat pandemi corona menimpa Wuhan Xinjiang adalah salah satu daerah pertama yang mengizinkan siswa kembali ke sekolah pada akhir Maret setelah pihak berwenang menyatakan gelombang wabah Covid 19 berakhir Etnis Uighur dan Muslim Turki lainnya merupakan setengah dari populasi wilayah terpencil dan terkurung daratan tersebut Banyak dari mereka mengeluhkan penindasan politik dan agama selama puluhan tahun oleh Partai Komunis China yang berkuasa yang kemudian dibantah pemerintah Pemerintah China mengatakan sejauh ini telah menangkan 5 370 pelaku kejahatan terkait pandemi Covid 19 sejak Januari hingga Juni Lebih dari 40 persen kejahatan merupakan penipuan 15 persen berupa produksi dan penjualan barang palsu mengganggu stabilitas umum dan menjual spesies yang terancam punah,0,0,0.278,,,,
LOW (contrast: correctly-caught negative),tr04909,Hanya Bali yang Laporkan Nihil Kasus Corona Baru per 8 Desember,Pemerintah melaporkan hanya ada satu provinsi yang nihil penambahan kasus baru Corona Provinsi itu ialah Maluku Berdasarkan data dari Satgas Penanganan COVID 19 Selasa 8 12 2020 kasus COVID 19 bertambah 5 292 pada hari ini Dengan demikian total jumlah kasus di RI hari ini tercatat 586 842 orang Data ini dihimpun secara berkala setiap hari per pukul 12 00 WIB Sementara itu ada lima provinsi yang penambahan kasusnya di bawah 10 Kelima provinsi itu adalah Nusa Tenggara Barat Gorontalo Sulawesi Barat Maluku Utara dan Papua Barat Selain itu dilaporkan ada penambahan pasien sembuh Corona sebanyak 4 295 Dengan demikian hingga hari ini ada 483 497 pasien Corona yang sembuh Sementara itu dilaporkan hingga hari ini pasien meninggal akibat COVID 19 bertambah 133 sehingga total menjadi 18 ribu orang Hari ini ada 52 819 spesimen yang diperiksa Pemerintah juga memantau 70 450 kasus suspek Corona Berikut ini sebaran 5 292 kasus baru di Indonesia per 8 Desember 1 Aceh 18 kumulatif 8 444 2 Sumut 87 kumulatif 16 261 3 Sumbar 88 kumulatif 21 175 4 Riau 171 kumulatif 21 473 5 Jambi 77 kumulatif 2 432 6 Sumsel 68 kumulatif 9 987 7 Bengkulu 65 kumulatif 2 174 8 Lampung 64 kumulatif 4 346 9 Babel 40 kumulatif 1 283 10 Kepri 50 kumulatif 5 949 11 Jakarta 1194 kumulatif 146 621 12 Jabar 731 kumulatif 61 175 13 Jateng 768 kumulatif 61 877 14 DIY 168 kumulatif 7 223 15 Jatim 542 kumulatif 66 099 16 Banten 98 kumulatif 14 105 17 Bali 86 kumulatif 14 931 18 NTB 9 kumulatif 4 839 19 NTT 21 kumulatif 1 448 20 Kalbar 25 kumulatif 2 606 21 Kalteng 194 kumulatif 7 024 22 Kalsel 62 kumulatif 13 695 23 Kaltim 256 kumulatif 21 364 24 Kaltara 36 kumulatif 1 917 25 Sulut 47 kumulatif 7 474 26 Sulteng 41 kumulatif 2 238 27 Sulsel 112 kumulatif 22 026 28 Sultra 21 kumulatif 6 981 29 Gorontalo 3 kumulatif 3 266 30 Sulbar 9 kumulatif 1 526 31 Maluku 0 kumulatif 4 719 32 Maluku Utara 9 kumulatif 2 487 33 Papua 123 kumulatif 12 243 34 Papua Barat 9 kumulatif 5 434,0,0,0.372,,,,
LOW (contrast: correctly-caught negative),tr07280,Cerita Gamblang di Balik Keputusan Sandiaga Gabung Prabowo,Sandiaga S Uno akhirnya mengungkapkan cerita sesungguhnya di balik kesediaannya bergabung ke dalam pemerintahan Presiden Joko Widodo KH Maruf Amin Sejak gagal dalam Pemilihan Presiden Wakil Presiden 2019 lelaki kelahiran Pekanbaru 28 Juni 1969 itu mengaku kerap ditawari menjadi Menteri Tapi dia selalu menolak dan bersikap berada di luar pemerintahan adalah yang terbaik Setelah Pilpres 2019 saya menjalin hubungan baik dengan pemerintah Presiden Jokowi dan para Menteri Saya terus berkontribusi kepada bangsa dan negara melalui gerakan ekonomi rakyat kata dia kepada tim Blak blakan detikcom Jumat 25 12 2020 Namun kondisi pandemi COVID 19 yang berdampak luas terhadap kehidupan sosial ekonomi masyarakat membuatnya banyak merenung dan berintrospeksi Apalagi ketika dia juga kemudian terkena COVID pada 7 Desember lalu Selama menjalani isolasi mandiri dia terus berkontemplasi bertadabur bertafakur melakukan refleksi diri tentang banyak hal Seiring dengan itu dia biasa melakukan salat sunnah termasuk istikharah agar diberikan yang terbaik dalam meniti kehidupan Dari enam kali istikharah yang dilakukannya dia kemudian merasa mengalami pengalaman spiritual yang luar biasa Setelah istikharah keenam kalinya saya mendapat petunjuk yang sama Dari pertama hingga keenam itu sama harus bersatu padu menyingkirkan kepentingan kelompok berani ambil ujian tutur Sandiaga Ketika pada Selasa pagi 22 12 Menteri Sekretaris Negara Pratikno mengabarkan via WhatsApp agar hadir ke Istana pada pukul 15 30 dengan mengenakan kemeja putih Sandiaga tak lagi menampik Toh begitu dia secara resmi tidak tahu kursi Menteri yang akan diberikan kepadanya oleh Presiden Jokowi Saya baru tahu ya pas diumumkan Pak Presiden Saya diberi tahu seputar tugas dan amanat yang lain setelah Bapak Presiden mengumumkannya kata Sandiaga S Uno Benarkah dia masuk kabinet tidak mewakili Partai Gerindra dan tanpa restu Prabowo Simak penjelasan gamblang lulusan Wichita State University Amerika Serikat dengan predikat summa cum laude itu dalam program Blak blakan di detikcom Senin 28 12,0,0,0.322,,,,
LOW (contrast: correctly-caught negative),tr11914,Istri Wali Kota Bogor dan 3 PNS Positif Terinfeksi Corona,Istri Wali Kota Elly Farida dan dua Aparatur Sipil Negara ASN di Pemerintah Kota Depok dinyatakan positif terinfeksi virus corona Covid 19 Hal itu diungkapkan Juru Bicara Gugus Tugas Percepatan Penanganan GGTP Covid 19 Kota Depok Dadang Wihana Dalam kesempatan ini juga kami sampaikan informasi bahwa Ketua Tim Penggerak PKK Kota Depok Bunda Elly Farida berdasarkan hasil Swab PCR terkonfirmasi positif Covid 19 ujar Dadang dalam keterangannya Kamis 27 8 Dadang menyebut kasus positif istri Wali Kota diduga karena kontak erat dengan kasus positif pejabat pemerintah di Kecamatan Sukmajaya Kendati demikian menurut dia Elly saat ini dalam kondisi stabil dan tengah menjalani perawatan di rumah sakit Sementara hasil tes terhadap keluarga termasuk di antaranya suami Elly yakni Wali Kota Depok Mohammad Idris dinyatakan negatif Selanjutnya untuk Wali Kota Depok dan anggota keluarga yang lain sudah dilakukan SWAB PCR dengan hasil Negatif Covid 19 ujar Dadang Tiga ASN Depok yang dinyatakan positif merupakan pejabat di Dinas Perlindungan Anak Pemberdayaan Masyarakat dan Keluarga serta 1 kasus konfirmasi positif pada ASN pemerintah di Kecamatan Sukmajaya Kota Depok Terkait kasus positif di Dinas Perlindungan Anak dan Kecamatan Sukmajaya Dadang mengatakan pihaknya telah melakukan penutupan sementara dua kantor tersebut mulai 26 Agustus lalu hingga 1 September untuk kemudian dilakukan penyemprotan desinfektan Sebagai tindak lanjut seluruh pegawai di dua kantor telah bekerja dari rumah menjalani isolasi mandiri dan melakukan tes swab Per hari ini Kamis 27 8 pihaknya mulai melakukan pelacakan Dadang meminta warga yang merasa melakukan kontak erat dan belum dihubungi oleh Tim Tracing atau Puskesmas agar dapat melapor diri ke Puskesmas atau mengisi form dilakukan Rapid Test atau Swab PCR,0,0,0.016,,,,
LOW (contrast: genuine positive),tr02940,Viral Lomba Lari Renang di Makassar Langgar Prokes Ternyata Diizinkan Pemkot,Acara lomba lari dan renang di Kota Makassar viral di media sosial karena diduga telah melanggar protokol kesehatan prokes di tengah pandemi COVID 19 Pemkot Makassar mengatakan telah memberi izin pelaksanaan prokes untuk acara tersebut Jadi izinnya kita dari Satgas COVID cuma izin prokes ujar Sekretaris Satgas COVID 19 Pemkot Makassar Rusli saat dikonfirmasi wartawan Selasa 15 12 2020 Rusli menegaskan pihaknya hanya memberi izin pelaksanaan prokes untuk acara tersebut bukan izin keramaian Izin keramaian bukan di kita ya Kita berikan rekomendasi untuk melaksanakan protokol kesehatan tegasnya Dua acara yang dimaksud Rusli diberi izin prokes ialah acara lomba lari maraton di mana lokasi start dan finisnya berada di Monumen Mandala sedangkan acara lomba renang berlangsung di kawasan Pantai Losari Kedua acara tersebut berlangsung pada Minggu 13 12 lalu Saat memberi izin 2 acara tersebut Rusli mengungkapkan Satgas COVID 19 Makassar mewajibkan pengelola acara membatasi jumlah peserta acara Harus jumlah peserta acara 50 persen saja di poin 6 surat izin juga yang bersangkutan membentuk pengawas dalam pelaksanaan Memang pengusulan yang tidak melaksanakan protokol kesehatan dan berjanji yang melanggar berhak dibubarkan dan sanksinya jelas jelasnya Namun Rusli tidak mengungkapkan lebih jauh sanksi yang akan diberikan kepada 2 penyelenggara acara yang diduga telah melanggar protokol COVID 19 tersebut Dia hanya menegaskan jika ke depan ada pihak yang membuat acara keramaian dan melanggar prokes pihaknya akan membubarkan acara tersebut Dia juga memastikan Satgas COVID 19 Makassar tidak akan memberi izin apa pun hingga akhir tahun ini Acara kemarin Minggu bukan Pemerintah Kota Tapi kita sudah sepakat kemarin rapat bersama Pak Wali dan Forkopimda dan tidak ada kegiatan dan izin lagi sampai akhir tahun tegasnya Sementara itu Plt Kadis Kesehatan Makassar Agus Jaya Said menambahkan izin keramaian dua acara lomba lari dan renang yang diduga melanggar protokol kesehatan tersebut bukan dikeluarkan pemkot Izin keramaian polisi dan kalaupun sekarang ini Makassar ada kenaikan jadi kegiatan kegiatan yang dianggap bisa ada penyebaran untuk ditunda dulu kata Agus,1,1,0.87,,,,
LOW (contrast: genuine positive),tr13596,Penyebaran Corona di Garut Mulai Merata,Kasus positif COVID 19 di Kabupaten Garut terus mengalami peningkatan setiap harinya Saat ini ada seribu lebih kasus yang terkonfirmasi Penyebarannya hampir merata ke penjuru daerah Pemkab Garut mencatat Rabu 18 11 2020 pagi ini total ada 1 303 kasus positif COVID 19 yang terkonfirmasi Dari jumlah tersebut 491 kasus di antaranya masih menjalani proses isolasi Dari jumlah keseluruhan sebanyak 25 pasien meninggal dunia ucap Humas Tim Gugus Tugas Penanganan COVID 19 Garut Yeni Yunita Rabu Dari jumlah tersebut mayoritas pasien Corona yang ada di Garut berhasil sembuh Total ada 787 penderita yang berhasil sembuh atau lebih dari 60 persen Penyebaran kasus COVID 19 di Garut sendiri saat ini mulai merata Virus COVID 19 menyebar ke 38 dari 42 kecamatan yang ada di Garut,1,1,0.976,,,,
LOW (contrast: genuine positive),tr02350,Sebaran 6 033 Kasus Corona Per 10 Desember DKI Jateng Tertinggi,Kasus COVID 19 bertambah 6 033 pada hari ini Provinsi DKI Jakarta menjadi provinsi terbanyak yang menyumbang kasus baru Berdasarkan data dari Satgas Penanganan COVID 19 Kamis 10 12 2020 total jumlah kasus di RI hari ini tercatat 598 933 orang Data ini dihimpun secara berkala setiap hari per pukul 12 00 WIB Penambahan kasus Corona terbanyak pertama berada di Jakarta dengan 1 180 kasus Diikuti di Jawa Tengah dengan 998 kasus baru dan Jawa Barat dengan 960 kasus baru Selain itu dilaporkan ada penambahan pasien sembuh Corona sebanyak 4 530 Dengan demikian hingga hari ini sebanyak 491 975 pasien Corona telah sembuh Sementara itu penambahan pasien Corona meninggal dunia hari ini berjumlah 165 orang sehingga total pasien Corona di RI yang meninggal dunia berjumlah 18 336 Berikut ini sebaran 6 058 kasus baru di Indonesia per 10 Desember 1 DKI Jakarta 1 180 kasus2 Jawa Tengah 998 kasus3 Jawa Barat 960 kasus4 Jawa Timur 796 kasus5 Sulawesi Selatan 219 kasus6 Kalimantan Tengah 205 kasus7 DI Yogyakarta 191 kasus8 Banten 169 kasus9 Sumatera Barat 140 kasus10 Riau 139 kasus11 Sulawesi Utara 135 kasus12 Bali 112 kasus13 Kalimantan Timur 109 kasus14 Sumatera Utara 83 kasus15 Kepulauan Riau 72 kasus16 Lampung 65 kasus17 Bengkulu 62 kasus18 Sumatera Selatan 58 kasus19 Kalimantan Utara 58 kasus20 Kalimantan Selatan 46 kasus21 Papua 37 kasus22 Nusa Tenggara Timur 33 kasus23 Jambi 32 kasus24 Papua Barat 31 kasus25 Kalimantan Barat 25 kasus26 Nusa Tenggara Barat 20 kasus27 Bangka Belitung 13 kasus28 Maluku 11 kasus29 Sulawesi Tengah 9 kasus30 Maluku Utara 9 kasus31 Aceh 8 kasus32 Sulawesi Barat 7 kasus33 Sulawesi Tenggara 1 kasus,1,1,0.775,,,,
LOW (contrast: genuine positive),tr09344,Politikus PAN Kritik Mini Lockdown Kenapa Baru Sekarang,Anggota Komisi IX DPR dari Fraksi PAN Saleh Partaonan Daulay mengkritik Presiden Joko Widodo Jokowi yang meminta penerapan lockdown mini atau karantina wilayah untuk menekan laju penyebaran virus corona Covid 19 Menurut Saleh mengapa Jokowi baru melontarkan kebijakan mini lockdown saat ini setelah 6 bulan lebih virus corona menyebar di seluruh wilayah Indonesia Mengapa lockdown mini ini baru muncul sekarang sih Kenapa waktu dulu enggak Padahal perdebatannya sudah sejak awal daripada Covid 19 masuk Indonesia Sudah banyak usulan juga kalau kita harus lockdown kata Saleh kepada CNNIndonesia com Selasa 29 9 Ketua DPP PAN itu menilai pemerintah belum menemukan formula yang jelas serta tegas dalam mencegah penyebaran Covid 19 setelah Jokowi meminta penerapan mini lockdown untuk menekan kasus Covid 19 sejumlah daerah Saya khawatir kelihatannya pemerintah dalam hal ini belum menemukan formula yang jelas tegas untuk memutus mata rantai penyebaran Covid 19 itu berbahaya ujarnya Saleh lantas menyarankan pemerintah mengundang para pakar sebelum menerapkan kebijakan dalam menekan penyebaran virus corona Di sisi lain kata Saleh pemerintah akan mengeluarkan anggaran lebih besar lagi dibandingkan pada tiga bulan awal pandemi Covid 19 Anggaran pemerintah sudah ada hampir Rp695 triliun yang dipakai untuk penanganan Covid 19 andai kata lockdown dari awal selama tiga bulan seperti yang dilakukan negara negara lain mungkin kita tidak sampai separah ini yang dihabiskan katanya Saleh menambahkan jika pemerintah mengambil kebijakan mini lockdown kebijakan itu harus dilakukan secara konsisten Menurutnya konsistensi yang membuat sebuah kebijakan berjalan efektif dalam menekan penyebaran Covid 19 Kalau dia konsisten aturannya itu tegas dan pemetaan jelas dua itulah Minimal konsisten tegas kemudian pemetaannya jelas di mana yang harus di lockdown mini ujarnya Sebelumnya Jokowi meminta penerapan intervensi berbasis lokal untuk menekan laju penyebaran Covid 19 Menurut Jokowi penerapan mini lockdown atau karantina wilayah terbatas akan lebih efektif ketimbang di seluruh wilayah Jangan sampai kita generalisir satu kota satu kabupaten apalagi satu provinsi Ini akan merugikan banyak orang kata Jokowi Per hari ini Selasa 29 9 kasus positif Covid 19 di Indonesia mencapai 282 724 orang Dari jumlah itu sebanyak 210 437 orang dinyatakan sembuh dan 10 601 orang meninggal dunia Saat ini sejumlah daerah masih menerapkan pembatasan sosial berskala besar PSBB seperti DKI Jakarta Banten Tangerang Raya dan pembatasan sosial berskala mikro di Bogor Depok dan Bekasi,1,1,0.774,,,,
LOW (contrast: genuine positive),tr05596,WHO Sebut Kasus Corona di Korut Masih Nihil,Organisasi Kesehatan Dunia WHO menyatakan sampai saat ini tetap tidak menerima satupun laporan kasus infeksi virus corona Covid 19 di Korea Utara Seperti dilansir kantor berita Korea Selatan Yonhap News Agency Jumat 11 12 WHO menyatakan sampai saat ini Korut juga tidak melaporkan terjadinya penyebaran wabah WHO menyatakan Korut sampai saat ini telah melakukan pemeriksaan terhadap 9 373 penduduknya dan melaporkan tidak ada satupun kasus infeksi Covid 19 Dari hasil tes itu lanjut WHO Korut menyatakan para setengah dari orang orang yang menjalani pemeriksaan diketahui mengalami gejala sakit mirip influenza dan infeksi akut saluran pernapasan ISPA Beberapa di antaranya dilaporkan memang mengalami demam di masa pemberlakuan karantina WHO menyatakan Korut juga sudah melakukan pemeriksaan terhadap para tenaga medis yang bertugas di lokasi karantina dan petugas yang mengambil sampel dan menganalisis spesimen Dari catatan WHO disebutkan sampai saat ini ada 33 044 warga Korut yang sudah dipulangkan dari pusat karantina Korut sampai saat ini bersikap keras untuk mencegah pandemi Covid 19 dengan menutup dan memperketat seluruh perbatasan mereka dengan negara tetangga Sebab menurut para ahli jika Covid 19 sampai merebak maka pemerintah Korut bakal kewalahan karena sistem jaminan kesehatan mereka yang rapuh Pada Rabu lalu petinggi Partai Buruh Korut yang juga adik Pemimpin Tertinggi Kim Jong un Kim Yo jong murka terhadap pernyataan Menteri Luar Negeri Korsel Kang Kyung wha Penyebabnya adalah Kang mempertanyakan dan tidak yakin dengan laporan yang menyatakan Korut sama sekali tidak melaporkan kasus infeksi Covid 19 Dia juga mengatakan Korut menolak usulan Korsel untuk menjalin kerja sama penanganan Covid 19 Bisa dilihat pernyataan ceroboh yang dilontarkan olehnya tanpa mempertimbangkan dampak apapun yang bisa memperburuk hubungan antara Korut dan Korsel Kami tidak akan pernah melupakan pernyataannya dan mungkin dia harus membayarnya kata Yo jong,1,1,0.822,,,,
LOW (contrast: genuine positive),tr05972,Fakta fakta Jokowi Disuntik Vaksin dan Vaksinasi Corona Perdana di Indonesia kumparan com,Program vaksinasi corona di Indonesia resmi dimulai Rabu 13 1 setelah Presiden Jokowi disuntik vaksin Sinovac Jokowi menjadi orang pertama di Indonesia yang disuntik vaksin corona Selain Jokowi ada sejumlah menteri tokoh agama pejabat hingga publik figur yang turut disuntik vaksin Sinovac Siapa saja Bagaimana kondisi mereka setelah mengikuti vaksinasi Berikut kumparan merangkum sejumlah fakta pelaksanaan vaksinasi corona perdana di Indonesia yang disiarkan secara langsung dari Istana itu Presiden Jokowi mengaku tak merasakan apa apa usai divaksin Enggak terasa sama sekali ujar Jokowi sambil tertawa Sebelum disuntik ia terlebih dahulu dicek tekanan darah atau tensinya Tensi Jokowi saat itu 130 60 Sehingga dinyatakan aman untuk mendapatkan vaksin Selain Jokowi ada sejumlah orang yang ikut vaksinasi perdana ini Totalnya ada 21 orang Antara lain Menkes Budi Gunadi Sadikin Kapolri Jenderal Idham Azis Panglima TNI Marsekal Hadi Tjahjanto Kepala BPOM Penny Lukito hingga Ketua IDI Daeng M Faqih Ada pula artis Raffi Ahmad dan seorang pedagang bernama Narti Penyuntikan ke 21 orang ini dibagi menjadi 3 kloter Berikut susunannya Sesi 1 Presiden Jokowi dr Daeng M Faqih Ketua IDI Dr H Amiesyah Tambunan Sekjen MUI Muhammadiyah Kiai Ishom PP NU Panglima TNI Kapolri Rafi Ahmad Perwakilan Anak Muda Sesi 2 Budi G Sadikin Menkes Prof Dr Unifah Risyidi PGRI Ronal Tapilatu PGI Agustinus Heri KWI I Nyoman Suarthanu PHDI Partono Bhikkhu N M Permabudhi Peter Lesmana Matakin Sesi 3 Penny Kusumastuti Lukito Kepala BPOM Rosan Perkasa Perwakilan Pengusaha Ade Zubaedah Sekjen Ikatan Bidan Indonesia Nur Fauzah Perawat Lusy Noviani Apoteker Agustini Setiyorini Buruh Ibu Narti Pedagang Jokowi disuntik vaksin secara langsung oleh dokter kepresidenan Ialah Wakil Ketua Tim Dokter Kepresidenan Prof dr Abdul Muthalib yang menyuntik Jokowi Meski proses penyuntikan selesai dalam waktu singkat namun ada momen menarik saat Jokowi disuntik vaksin Saat itu Prof Abdul terlihat gemetaran Kondisi ini pun sempat ditanyakan jubir vaksinasi corona dr Reisa Broto Asmoro Menyuntik orang pertama di Indonesia ada rasa gemetar juga Tapi masalah itu tak jadi halangan buat saya untuk menyuntikkannya jawab Prof Abdul Muthalib Jokowi pun turut menanggapi kondisi saat Prof Abdul Muthalib gemetaran menyuntiknya Ia pun memaklumi kondisi ini karena yang bersangkutan menjadi penyuntik vaksin vaksinator corona pertama di Indonesia terlebih terhadap Presiden Apalagi agenda penyuntikan vaksin juga disiarkan secara langsung dan bisa disaksikan seluruh masyarakat Indonesia Meski demikian Jokowi tak mempermasalahkannya karena yakin Prof Abdul Muthalib berpengalaman di bidangnya Ya ada sedikit rasa takut karena saya juga melihat kan beliau Prof Abdul Muthalib agak gemetar sedikit Jadi mungkin ini karena juga vaksin pertama kali dan mungkin juga yang disuntik Presiden kata Jokowi Apalagi ini juga disiarkan secara langsung di TV TV Jadi mungkin beliau Prof dr Abdul Muthalib mungkin sedikit agak gemetar dan saya lihat memang Saya lihat tambahnya Seperti Jokowi yang merasa tak mengalami apa apa usai disuntik para pejabat dan tokoh pun juga merasakan hal demikian Hal ini seperti yang dirasakan Ketum IDI dr Daeng M Faqih yang menjadi orang kedua disuntik vaksin Sinovac Tadi saya dapat giliran nomor 2 yang divaksin setelah presiden Alhamdulillah tadi setelah disuntik dievaluasi 30 menit bahkan mungkin lebih ya itu alhamdulillah tidak ada keluhan apa apa kata Daeng Pemantauan Daeng para peserta lain juga tak merasakan ada keluhan Seperti Menkes Budi Gunadi Sadikin hingga Sekjen MUI Amirsyah Saya tidak ada keluhan alhamdulilah sebelum divaksin saya dicek dulu bagaimana gula darahnya kolesterol dan segala macam saya dalam kondisi sehat walafiat kata Amirsyah senada dengan Daeng Amirsyah malah merasa vaksinasi corona ini membuatnya nostalgia ke masa kecil dulu saat menjalani imunisasi Tentu kita sudah berpengalaman di imunisasi sejak kecil jadi pengalaman imunisasi ini bisa menjadi modal bahwa imunisasi terkait COVID 19 itu biasa biasa saja ucapnya Sementara itu Ketua KADIN Rosan P Roeslani merasa langsung segar dan bersemangat usai disuntik vaksin “Alhamdulillah yang dirasakan sekarang tetap enak semangat nyaman tidak ada keluhan apa apa ” ungkapnya Setelah vaksinasi selesai memang dilakukan pemantauan Kejadian Ikutan Pasca Imunisasi KIPI Hal ini untuk mengantisipasi efek samping yang ditimbulkan Usai itu para peserta mendapatkan kartu tanda sudah divaksinasi Raffi Ahmad antusias menjadi salah satu peserta vaksinasi perdana di Indonesia Bahkan presenter berusia 33 tahun tersebut sempat wefie hingga membuat vlog bersama Jokowi sekitar satu menit Vlog tersebut akan menjadi salah satu cara Raffi Ahmad dalam menyosialisasikan vaksin corona dan mengajak masyarakat tak ragu disuntik vaksin Indonesia salah satu negara yang terbesar dan tersebar masyarakatnya jumlah populasinya juga banyak jadi memang ini adalah PR kita tugas kita bersama sama untuk sama sama memerangi COVID 19 ini Ya sekarang salah satunya ada senjata baru yaitu vaksin untuk kita bisa perlindungan diri untuk kita semua tuturnya Jadi Pak Presiden juga mengimbau untuk semuanya bisa vaksin di tempat tempat yang sudah ditentukan dan tidak usah takut imbuhnya Dari 21 peserta vaksinasi corona perdana di Istana ada sosok yang juga menyita perhatian publik Ialah Narti 44 seorang pedagang sayur di Pasar Inpres Kelapa Gading Jakarta Utara yang turut disuntik vaksin bersama Jokowi Perempuan kelahiran Wonogiri 22 Maret 1976 ini mewakili rekan rekannya dari kalangan pedagang kecil untuk menerima suntikan pertama vaksin corona Selain berterima kasih kepada Jokowi atas kesempatan ini Narti juga berharap agar pandemi corona segera berakhir Saya ucapkan terima kasih suatu kebanggaan buat saya untuk mewakili semua pedagang Mudah mudahan wabah ini cepat berlalu Mudah mudahan semuanya lancar lagi seperti semula kata Narti Jokowi pun berharap apa yang sudah dilakukan Narti bisa menjadi contoh warga lain agar tak ragu disuntik vaksin corona Jokowi juga mengingatkan agar protokol kesehatan harus tetap dijalankan secara ketat Juga jangan lupa meskipun sudah divaksin kita tetap harus disiplin terhadap protokol kesehatan pinta Jokowi Usai menjalani vaksinasi perdana Jokowi bersama peserta lain akan disuntik vaksin kedua pada dua pekan lagi Hal ini sesuai prosedur penyuntikan vaksin corona Sinovac Pada kartu vaksinasi COVID 19 atas nama saya ini tercantum jadwal pemberian suntikan vaksin berikutnya yaitu 14 hari dari sekarang Kartu yang diberikan kepada semua orang yang divaksinasi ini sekaligus pengingat agar tepat waktu menjalani vaksin kedua kata Jokowi lewat akun Instagram nya,1,1,0.959,,,,
LOW (contrast: genuine positive),tr09093,Penderita COVID di Depok Dilaporkan Meninggal di Taksi Setelah Ditolak 10 RS,Pasien positif virus Corona COVID 19 di Depok Jawa Barat dikabarkan meninggal dunia setelah ditolak 10 rumah sakit rujukan COVID 19 Pasien tersebut meninggal dunia di dalam taksi online Hal tersebut disampaikan LaporCovid 19 dan Center for Indonesia s Strategi Development Initiatives CISDI melalui siaran pers yang diterima detikcom Senin 18 1 2021 Dalam keterangannya tim LaporCovid 19 dan CISDI menerima laporan tersebut pada 3 Januari lalu Salah seorang keluarga pasien di Depok melaporkan pada 3 Januari 2021 anggota keluarganya meninggal di taksi daring setelah ditolak di 10 rumah sakit rujukan COVID 19 tulis siaran pers tersebut Selain itu LaporCovid 19 dan CISDI menerima 23 laporan kasus pasien yang ditolak rumah sakit rujukan sejak akhir Desember 2020 sampai awal Januari 2021 Akibatnya pasien COVID 19 ada yang meninggal dalam perjalanan atau di rumah Laporan tersebut berasal dari wilayah Jabodetabek Jawa Barat Jawa Tengah dan Jawa Timur Relawan tim BantuWargaLaporCovid 19 dr Tri Maharani mengatakan kondisi tersebut sudah sebagai tanda tanda robohnya layanan kesehatan Tanda tanda kolaps layanan kesehatan sebenarnya sudah terindikasi sejak bulan September 2020 yang kemudian mereda pada periode pemberlakuan PSBB di Jakarta Menjelang pertengahan November 2020 saat pelaksanaan pilkada serentak dan libur Nataru memperburuk ketidakmampuan RS menampung pasien katanya LaporCovid 19 dan CISDI juga mengaku menemukan fakta di lapangan mengenai sejumlah fasilitas kesehatan tidak berjalan baik Misalnya mengenai sistem informasi rumah sakit yang tidak diperbarui secara real time sehingga pasien tidak tahu harus bertindak seperti apa Komunikasi publik yang berbasis bukti fokus dan tidak terdistorsi dengan narasi narasi palsu harusnya sejak awal pandemi telah dilakukan Ketidakmampuan pembuat kebijakan dalam membangun strategi maupun melaksanakan praktik komunikasi yang transparan dan akuntabel menyebabkan gagalnya masyarakat sepenuhnya menyadari kegawatan situasi pandemi ini Hal ini menyebabkan upaya pemerintah menambah kapasitas tempat tidur dan tenaga kesehatan tidak akan pernah mencukupi kebutuhan layanan kesehatan di tingkat rujukan untuk menampung jumlah pasien dalam kondisi sedang hingga berat dan kritis kata Direktur Kebijakan CISDI Olivia Herlinda Selain itu perbaikan sistem informasi kesehatan sudah tidak mungkin ditunda lagi Publik harus mendapatkan akses terhadap pendataan dan informasi dengan pembaruan real time imbuh Olivia Satgas Depok Minta Data ke LaporCOVID 19 Pasien positif COVID 19 di Depok Jawa Barat dikabarkan meninggal dunia di taksi online setelah ditolak di 10 rumah sakit Terkait hal itu Satgas COVID 19 Kota Depok meminta pihak LaporCovid 19 untuk memberikan data data terkait kejadian tersebut Saya sudah coba komunikasi dengan pihak LaporCovid 19 terkait dengan informasi ini karena informasi ini yang di media belum dijelaskan seperti apa kronologisnya dan kami sudah menyampaikan melalui contact person di LaporCovid 19 untuk menjelaskan kronologis kejadiannya terjadinya di rumah sakit di mana saja dan pasiennya di mana Karena kan ini kami baru dapat informasi sementara dari pihak Lapor COVID 19 bahwa ada di antaranya rumah sakit di Depok dan juga di Jakarta jelas Juru Bicara Satgas COVID 19 Kota Depok Dadang Wihana saat dihubungi detikcom Senin 18 1 2021 Dadang juga meminta agar pihak LaporCovid 19 memberikan klarifikasi terkait kejadian tersebut agar tidak menimbulkan miss persepsi Klarifikasi dari Lapor COVID 19 juga diperlukan sebagai bahan evaluasi Satgas COVID 19 Kota Depok Makanya ini yang harus disampaikan Karena LaporCovid 19 itu kan berdasarkan informasi yang disampaikan oleh warga kepada aplikasi Lapor Covid 19 Makanya kemarin sudah kami diskusikan di Satgas kepada pihak LaporCovid 19 untuk jelaskan kasus ini kepada warga seterang terangnya agar tidak timbul miss persepsi Nah ini pun akan bagus sebagai bahan evaluasi kami kalau memang dari sisi tata laksana informasi kepada warga kurang dan lain lain jelasnya Simak video Warning Kasur untuk Pasien Corona di RSD Wisma Atlet Sisa 1 035 Gambas Video 20detik,1,1,0.853,,,,
LOW (contrast: genuine positive),tr05414,Warga Boleh Melayat Jenazah Covid 19 Tak Lebih dari 30 Orang,Tim Komunikasi Publik Gugus Tugas Percepatan Penanganan Covid 19 Reisa Broto Asmoro mengatakan keluarga boleh melayat jenazah pasien terinfeksi virus corona Covid 19 Namun jumlah orang yang hadir dilarang lebih dari 30 orang Disarankan keluarga yang hendak melayat tidak lebih dari 30 orang kata Reisa di Graha BNPB Jumat 17 7 Reisa menyebut langkah tersebut dilakukan untuk mencegah kerumunan saat prosesi pemakaman berlangsung Menurut Reisa penularan virus corona lewat jenazah bisa saja terjadi Para pelayat pun harus memperhatikan jaga jarak satu sama lain minimal dua meter Pertimbangan ini adalah untuk mencegah penyebaran antar pelayat jika terjadi bisa saja sumber penularannya bukan jenazah tapi kerumunan itu sendiri ujarnya Lebih lanjut Reisa mengatakan jenazah juga tak disarankan disemayamkan di rumah duka atau tempat ibadah Setelah diberangkatkan ke rumah sakit jenazah sebaiknya segera menuju krematorium atau dimakamkan Kemudian aktivitas keagamaan dalam prosesi pemakaman sebaiknya mengikuti aturan yang berlaku dengan tetap menghormati latar belakang jenazah Tetap ditegaskan bahwa martabat budaya dan agama jenazah harus dihormati Misalnya tata cara menyalatkan jenazah agama Islam dilakukan sesuai fatwa MUI nomor 18 tahun 2020 serahkan pada ahlinya katanya Protokol pemakaman jenazah Covid 19 telah diatur dalam Keputusan Menteri Kesehatan HK 01 07 MENKES 413 2020 tentang Pencegahan dan Pengendalian Corona Virus Disease yang diteken Menteri Kesehatan Terawan Agus Putranto pada Senin 13 7 Hingga hari ini Jumat 17 7 kasus positif virus corona di Indonesia mencapai 83 130 orang Dari jumlah itu 41 834 orang dinyatakan sembuh dan 3 957 orang lainnya meninggal dunia,1,1,0.89,,,,
LOW (contrast: genuine positive),tr02750,Banjir Landa Aceh Utara Bupati Janji Perbaiki Bendungan yang Jebol,Banjir melanda hampir seluruh kecamatan di Aceh Utara Aceh sejak tiga hari lalu Banjir parah ini terjadi dipicu oleh jebolnya Bendungan Krueng Pase Hampir semua kecamatan yang ada di Aceh Utara terendam banjir Saya telah memerintahkan seluruh unit pemerintahan di bawah koordinasi saya untuk terus meng update situasi dan melakukan langkah langkah tanggap bencana kata Bupati Aceh Utara Muhammad Thaib kepada wartawan Senin 7 12 2020 Muhammad meminta pemerintah pusat dan Pemprov Aceh membantu menyelesaikan masalah Bendungan Krueng Pase Dia menyebut masalah bendungan itu sangat kompleks karena menyangkut kewenangan lintas instansi Untuk itu perlu mengintegrasikan kewenangan dan peran Pemkab Pemprov dan pemerintah pusat saya sebagai Bupati Aceh Utara berharap kepada pemerintah pusat dan provinsi untuk memprioritaskan permasalahan bendungan Krueng Pase jelas pria yang akrab disapa Cekmad itu Karena ini bukan masalah banjirnya saja tetapi juga menyangkut hasil tanam ternak dan harta benda masyarakat yang setiap tahunnya merugi akibat imbas banjir sambungnya Cekmad mengaku prihatin atas musibah yang menimpa warga Aceh Utara Dia berjanji segera memperbaiki bendungan Krueng Pase Mohon doa dari semua pihak mudah mudahan semua yang kita hadapi saat ini segera berakhir Saya yakin pembangunan bendungan Krueng Pase segera terealisasi meskipun harus saya pertaruhkan jabatan saya sebagai Bupati Aceh Utara tuturnya Cekmad memerintahkan pihak terkait melakukan tanggap bencana termasuk contingency plan pascabanjir Hal itu mengingat keterbatasan anggaran akibat pandemi COVID 19 Kami telah semaksimal mungkin melakukan langkah langkah dalam menghadapi bencana banjir ini ujar Cekmad Sebelumnya banjir di Aceh Utara terjadi sejak Sabtu 5 12 dini hari setelah daerah itu diguyur hujan deras Hingga hari ini air masih menggenangi rumah warga,1,1,0.977,,,,
LOW (contrast: genuine positive),tr09004,Jawa Tanpa Zona Aman Corona Papua NTT Terbanyak Zona Hijau,Satuan Tugas Penanganan Covid 19 mencatat tak ada zona hijau alias wilayah tanpa kasus dan tak terdampak penyebaran virus corona di Pulau Jawa per 2 Agustus 2020 Berdasarkan data dari https covid19 go id peta risiko Senin 10 8 terdapat 119 kabupaten kota di enam provinsi Pulau Jawa masuk zona kuning zona oranye dan zona merah Covid 19 Dari klasifikasi yang dibuat Satgas Covid 19 zona kuning adalah risiko rendah zona oranye adalah risiko sedang zona merah adalah risiko tinggi penyebaran virus Mayoritas wilayah di Pulau Jawa masuk zona oranye Urutan kedua zona kuning dan terakhir zona merah penyebaran virus corona Di Provinsi Banten tercatat 5 kabupaten kota berada di zona kuning dan 3 wilayah lain berada di zona oranye Covid 19 DKI Jakarta mencatat 4 zona merah dan 2 zona oranye Covid 19 DI Yogyakarta mencatat 5 kabupaten kota berada di zona oranye Kemudian Jawa Barat mencatat 17 kabupaten kota masuk zona kuning 9 daerah zona oranye dan 1 daerah zona merah Di Jawa Timur tercatat 6 kabupaten kota zona merah 27 zona oranye dan 5 zona kuning Covid 19 Terakhir Jawa Tengah mencatat 14 zona kuning 18 zona oranye dan 3 zona merah Tiga provinsi di Pulau Jawa juga mencatat sebagai penyumbang kasus positif virus corona terbanyak secara nasional Berdasarkan data Satgas Covid 19 jumlah kumulatif terbanyak berada di DKI Jakarta dengan 25 727 orang Jawa Timur 25 330 orang dan Jawa Tengah 10 661 orang Masih dari data zonasi yang sama zona hijau Covid 19 di seluruh Indonesia sebanyak 86 kabupaten kota Sementara itu zona merah sebanyak 39 kabupaten kota zona oranye sebanyak 221 kabupaten kota dan zona kuning sebanyak 168 kabupaten kota Zona hijau Covid 19 paling banyak tercatat berada di Provinsi Papua dan Nusa Tenggara Timur NTT Masing masing provinsi tersebut mencatat sebanyak 13 kabupaten kota berada di zona hijau Wilayah zona hijau di Papua yaitu Yahukimo Mappi Mamberamo Tengah Dogiyai Boven Digoel Pania Deiyai Waropen Mamberamo Raya Nduga Asmat Puncak dan Intan Jaya Untuk wilayah zona hijau di NTT yakni Sumba Tengah Ngada Sabu Raijua Malaka Alor Sikka Manggarai Rote Ndao Manggarai Timur Timor Tengah Selatan Belu Ende dan Nagekeo Hingga kemarin Minggu 9 10 jumlah kasus positif virus corona di Indonesi mencapai 125 396 Dari jumlah tersebut 80 952 orang sembuh dan 5 723 orang meninggal dunia,1,1,0.582,,,,
LOW (contrast: genuine positive),tr11459,Kasus Virus Corona di AS Sudah Lebih Dari 25 Juta Orang,Jumlah kasus infeksi virus corona Covid 19 di Amerika Serikat saat ini tercatat sudah melampaui 25 juta orang Jumlah itu masih menempatkan Negeri Paman Sam sebagai negara dengan kasus infeksi Covid 19 di dunia Dilansir CNN yang mengutip data Sekolah Kedokteran Universitas Johns Hopkins Senin 25 1 tercatat sampai saat ini ada 25 003 695 kasus infeksi Covid 19 di AS Dari jumlah kasus itu 417 538 orang di antaranya meninggal Wabah Covid 19 di AS belum memperlihatkan tanda akan menurun dan justru malah meningkat Menurut catatan Johns Hopkins AS menyatakan menemukan kasus pertama infeksi Covid 19 pada 21 Januari 2020 Lantas pada 97 hari kemudian tepatnya pada 27 April 2020 jumlah pasien melonjak mencapai 1 juta orang Presiden AS Joe Biden menyatakan akan memprioritaskan program vaksinasi yang saat ini tengah berjalan untuk menekan kasus infeksi virus corona di negara itu Dia juga mewajibkan aturan penggunaan masker demi mencegah penularan Covid 19 Selain AS negara dengan jumlah kasus virus corona terbanyak di dunia adalah India yang mencatatkan lebih dari 10 juta kasus Sementara Brasil berada di bawah India dengan lebih dari 8 juta kasus Di kawasan Eropa ada tiga negara yang mencatatkan lebih dari 3 juta kasus Covid 19 yaitu Inggris Prancis dan Rusia Sementara Jerman Italia Turki dan Spanyol mencatat sebanyak lebih dari 2 juta kasus Covid 19 Lalu negara lain yang mencatatkan jumlah kasus infeksi virus corona lebih dari 1 juta orang adalah Afrika Selatan Argentina Iran Kolombia Meksiko Peru Polandia dan Ukraina,1,1,0.931,,,,
LOW (contrast: genuine positive),tr05584,2 Pegawai Positif COVID 19 Kantor Kejati DKI Tutup Sementara,Kantor Kejaksaan Tinggi Kejati DKI Jakarta ditutup selama tiga hari terhitung mulai hari ini Penutupan itu menyusul adanya dua pegawainya terkonfirmasi positif COVID 19 Terkait terdapatnya dua pegawai Kejati DKI Jakarta yang terpapar COVID 19 dalam hal ini Kejati DKI Jakarta telah melakukan upaya pelindungan degan melakukan isolasi terhadap yang bersangkutan di Rumah Sakit Adhiyaksa Ceger Jakarta Timur kata Kasi Penkum Kejaksaan Tinggi Kejati DKI Jakarta Nirwan Nawawi seperti dilansir dari Antara Jumat 20 11 2020 Nirwan mengatakan penutupan ini dilakukan berdasarkan Peraturan Gubernur DKI Jakarta Nomor 88 Tahun 2020 Pasal 9 ayat 2F Kejati DKI Jakarta juga melakukan penyemprotan disinfektan ke semua ruangan kantor Mulai hari ini kita dibantu oleh Dinas Pemadam Kebakaran DKI Jakarta telah melakukan disinfektan di seluruh ruangan kerja Kejati DKI Jakarta ujar Nirwan Adapun pegawai Kejati DKI yang dinyatakan positif COVID 19 yakni petugas teknologi informasi komputer dan pengolah data intelijen Kantor kembali dibuka pada Senin 23 November Kegiatan kantor dibuka kembali pada Senin 23 November 2020 ujar Nirwan Nirwan mengatakan pihaknya telah mengeluarkan surat nomor B 7970 dan B 4940 khusus di wilayah Kejati DKI Jakarta dalam hal penanganan protokol kesehatan untuk mencegah penyebaran COVID 19 Kejati DKI Jakarta juga telah melakukan protokol kesehatan yang sangat ketat dengan melakukan 3M melakukan disinfektan di seluruh area kantor melakukan rapid test secara berkala dua minggu sekali terhadap seluruh pegawai,1,1,0.931,,,,
LOW (contrast: genuine positive),tr03093,Hasto Jadikan Whisnu Sakti Buana Jenderal Perang PDIP di Pilwali Surabaya,DPP PDI Perjuangan memberi tugas khusus kepada Whisnu Sakti Buana di Pilwali Surabaya 2020 Pria yang juga Wakil Wali Kota Surabaya ini didapuk menjadi jenderal perang dalam memenangkan Paslon nomor urut 1 Eri Cahyadi Armuji Tugas ini diberikan langsung oleh Sekjen PDIP Hasto Kristiyanto Hasto mengatakan kini Whisnu memiliki tugas untuk menyalakan dan menjalankan mesin partai di Surabaya Khususnya untuk meraup suara sebanyak banyaknya bagi Eri Armuji Beliau tugasnya jadi Jenderal Kampanye kami untuk kampanye door to door dengan mesin politik di Surabaya dengan PAC PAC PDIP Surabaya Dengan pengalamannya kami yakin Mas Whisnu bisa membawa suara tebal untuk Eri Armuji kata Hasto usai Rapat Konsolidasi Internal DPC PDIP Kota Surabaya Minggu 15 11 2020 Selain itu Hasto menambahkan tugas yang diberikan kepada Whisnu telah disesuaikan dengan kondisi Surabaya yang masih diselimuti pandemi COVID 19 Sehingga kampanye tak dilakukan dengan pengumpulan massa Dia juga menyamakan cara kampanye PDIP di Pilwali Surabaya dengan kampanye Barrack Obama di Pilpres AS tahun 2008 Saat itu Obama menggunakan micro campaign sedangkan PDIP melakukan kampanye silaturahmi Hasto pun optimis langkah ini bisa berbuah kemenangan bagi Eri Armuji Terlebih Paslon ini didukung sejumlah tokoh yang berpengaruh Tadi Mas Whisnu dan semua kader kader PDIP ada Pak Bambang DH dan Ibu Tri Rismaharini untuk memenangkan Eri Armuji di pilwali kali ini Kami yakin bisa memenangkan kompetisi tahun ini dan mengembalikan kejayaan Indonesia melalui Surabaya pungkas Hasto,1,1,0.845,,,,
LOW (contrast: genuine positive),tr14378,Ridwan Kamil Klaim Kendalikan 90 Persen Covid 19 di Jabar,Gubernur Jawa Barat Ridwan Kamil mengklaim telah mengendalikan 90 persen pandemi Covid 19 di wilayahnya Menurutnya hingga saat ini risiko terbesar pandemi hanya berada di wilayah penyangga Jakarta yakni Bogor Depok dan Bekasi Bodebek Kami sudah bisa mengendalikan 90 persen wilayah di Jawa Barat Warnanya hijau risiko rendah kuning risiko sedang Nah warna merah yang risiko tinggi itu memang di Bodebek ujarnya dalam webinar bertajuk yang digelar Kelompok Studi Demokrasi Indonesia Minggu 20 9 Emil sapaan akrabnya juga menyampaikan bahwa penanganan Covid 19 di Jawa Barat dibagi berdasarkan posisi geografisnya Hal ini lantaran kepadatan penduduk di tiap wilayah berbeda beda dan tak bisa diterapkan kebijakan yang sama Kami punya kota yang padat seperti Bekasi dan kami juga punya kampung seperti di kaki Gunung Ciremai di Majalengka Majalengka ini jauh dari Covid ekonominya juga berjalan kalau saya perlakukan dengan metode yang sama pukul tidak adil imbuhnya Di wilayah Bodetabek kata Emil manajemen pengendalian Covid 19 yang dilakukan Pemprov Jawa Barat pun tak bisa dilakukan tanpa koordinasi dengan Pemprov DKI sebagai pusat episentrum Itu lah sebabnya tiap kali Jakarta menerapkan pengetatan Pembatasan Sosial Berskala Besar PSBB Jawa Barat harus melakukan hal yang sama untuk Bodetabek Makanya saya tidak bisa berbeda dari kebijakan Pak Anies di DKI Kalau di DKI sebagai episentrum bilang ke kiri maka saya perintahkan Bodebek semua ke kiri kalau Pak Anies bilang ke kanan saya harus ke kanan terangnya Sementara di wilayah Bandung Raya serta kabupaten yang letaknya jauh dari Jakarta penangannya relatif longgar dan berbeda Sudah tujuh bulan zona merah tidak berubah sehingga episentrum memang Indonesia ada di Jabodetabek tandasnya,1,0,0.423,,,,
LOW (contrast: genuine positive),tr03241,Demonstrasi di Kemdikbud Jaga Jarak Terabaikan,Demo yang berlangsung di depan Kementerian Pendidikan dan Kebudayaan Kemdikbud semakin tidak terkendali Protokol kesehatan pencegahan COVID 19 berupa jaga jarak menjadi terabaikan Pantauan detikcom di lokasi demonstrasi depan kantor Kemdikbud Jl Jenderal Sudirman Selasa 17 11 2020 pukul 16 08 WIB massa demo yang tergabung dari buruh mahasiswa dan pelajar semakin berkerumun ketika agenda demo masuk ke acara bernyanyi bersama Adalah puisi Apa Guna karya Widji Thukul yang disulap menjadi nyayian oleh para peserta demo Mereka maju mendekat ke mobil komando untuk bernyanyi bersama tanpa menjaga jarak Bahkan banyak di antaranya yang melepaskan masker khususnya para pelajar Selain bernyanyi massa juga berjoget sambil dorong dorongan Mereka turut membawa bendera Merah Putih SMI Serikat Mahasiswa Indonesia hingga FIJAR Federasi Pelajar Indonesia untuk dikibarkan sambil berjoget ria Selanjutnya Melanie Subono naik mobil komando,1,1,0.894,,,,
